id,bank,doc_type,url,title,published_at,meeting_date
1800,BOC,speech,https://www.bankofcanada.ca/2006/01/canada-monetary-policy-framework-dealing-global-economic-change/,Canada's Monetary Policy Framework: Dealing with Global Economic Change,2006-01-13 04:59:00+00:00,
194,FED,speech,https://www.federalreserve.gov/newsevents/speech/bies20060118a.htm,Productivity and Economic Outlook,2006-01-18 17:00:00+00:00,
1801,BOC,speech,https://www.bankofcanada.ca/2006/01/opening-statement-38/,Release of the Monetary Policy Report Update,2006-01-27 04:59:00+00:00,
1802,BOC,speech,https://www.bankofcanada.ca/2006/02/global-economic-trends-implications-canada/,Global Economic Trends: Implications for Canada,2006-02-02 04:59:00+00:00,
195,FED,speech,https://www.federalreserve.gov/newsevents/speech/bies20060202a.htm,The Continuous Challenges of Risk Management,2006-02-02 17:00:00+00:00,
196,FED,speech,https://www.federalreserve.gov/newsevents/speech/bernanke20060206a.htm,Remarks at ceremonial swearing-in by President Bush,2006-02-06 17:00:00+00:00,
1803,BOC,speech,https://www.bankofcanada.ca/2006/02/global-imbalances-canadian-economy/,Global Imbalances and the Canadian Economy,2006-02-07 04:59:00+00:00,
1520,FED,testimony,https://www.federalreserve.gov/newsevents/testimony/bernanke20060215a.htm,Semiannual Monetary Policy Report to the Congress,2006-02-15 17:00:00+00:00,
197,FED,speech,https://www.federalreserve.gov/newsevents/speech/ferguson20060223a.htm,"Globalization, Insurers, and Regulators: Shared Challenges Call for Collaborative Solutions",2006-02-23 17:00:00+00:00,
198,FED,speech,https://www.federalreserve.gov/newsevents/speech/ferguson20060224a.htm,The Importance of Education,2006-02-24 17:00:00+00:00,
199,FED,speech,https://www.federalreserve.gov/newsevents/speech/bernanke20060224a.htm,The Benefits of Price Stability,2006-02-24 17:00:00+00:00,
1521,FED,testimony,https://www.federalreserve.gov/newsevents/testimony/kohn20060301a.htm,Regulatory relief,2006-03-01 17:00:00+00:00,
200,FED,speech,https://www.federalreserve.gov/newsevents/speech/ferguson20060303a.htm,Economic Outlook for the United States,2006-03-03 17:00:00+00:00,
201,FED,speech,https://www.federalreserve.gov/newsevents/speech/bernanke20060308a.htm,Community Banking and Community Bank Supervision,2006-03-08 17:00:00+00:00,
1804,BOC,speech,https://www.bankofcanada.ca/2006/03/renewing-imf-some-lessons-modern-central-banking/,Renewing the IMF: Some Lessons from Modern Central Banking,2006-03-10 04:59:00+00:00,
202,FED,speech,https://www.federalreserve.gov/newsevents/speech/ferguson20060310a.htm,Remarks,2006-03-10 17:00:00+00:00,
203,FED,speech,https://www.federalreserve.gov/newsevents/speech/olson20060313a.htm,Are Banks Still Special?,2006-03-13 17:00:00+00:00,
204,FED,speech,https://www.federalreserve.gov/newsevents/speech/kohn20060316a.htm,Monetary policy and asset prices,2006-03-16 17:00:00+00:00,
205,FED,speech,https://www.federalreserve.gov/newsevents/speech/bernanke20060320a.htm,Reflections on the Yield Curve and Monetary Policy,2006-03-20 17:00:00+00:00,
206,FED,speech,https://www.federalreserve.gov/newsevents/speech/bies20060329a.htm,Sound Capital and Risk Management,2006-03-29 17:00:00+00:00,
1805,BOC,speech,https://www.bankofcanada.ca/2006/03/global-imbalances-why-worry-what-to-do/,Global Imbalances: Why Worry? What to Do?,2006-03-30 04:59:00+00:00,
1806,BOC,speech,https://www.bankofcanada.ca/2006/03/evolving-international-monetary-order/,The Evolving International Monetary Order and the Need for an Evolving IMF,2006-03-31 04:59:00+00:00,
207,FED,speech,https://www.federalreserve.gov/newsevents/speech/ferguson20060331a.htm,Financial Regulation: Seeking the Middle Way,2006-03-31 17:00:00+00:00,
208,FED,speech,https://www.federalreserve.gov/newsevents/speech/bies20060331a.htm,An Update on Regulatory Issues,2006-03-31 17:00:00+00:00,
209,FED,speech,https://www.federalreserve.gov/newsevents/speech/kroszner20060403a.htm,"Central Counterparty Clearing: History, Innovation, and Regulation",2006-04-03 16:00:00+00:00,
1807,BOC,speech,https://www.bankofcanada.ca/2006/04/conduct-monetary-policy-dealing-changes/,The Conduct of Monetary Policy: Dealing with Changes in the Terms of Trade,2006-04-05 03:59:00+00:00,
210,FED,speech,https://www.federalreserve.gov/newsevents/speech/bernanke20060405a.htm,Financial Education and the National Jump$tart Coalition Survey,2006-04-05 16:00:00+00:00,
211,FED,speech,https://www.federalreserve.gov/newsevents/speech/kroszner20060406a.htm,The Effect of Removing Geographic Restrictions on Banking in the United States: Lessons for Europe,2006-04-06 16:00:00+00:00,
212,FED,speech,https://www.federalreserve.gov/newsevents/speech/olson20060410a.htm,Enterprise-Wide Compliance-Risk Management,2006-04-10 16:00:00+00:00,
213,FED,speech,https://www.federalreserve.gov/newsevents/speech/bies20060410a.htm,A Risk-Management Perspective on Recent Regulatory Proposals,2006-04-10 16:00:00+00:00,
214,FED,speech,https://www.federalreserve.gov/newsevents/speech/kohn20060413a.htm,Economic outlook,2006-04-13 16:00:00+00:00,
215,FED,speech,https://www.federalreserve.gov/newsevents/speech/olson20060413a.htm,Update on the U.S. economy,2006-04-13 16:00:00+00:00,
216,FED,speech,https://www.federalreserve.gov/newsevents/speech/ferguson20060417a.htm,Thoughts on Financial Stability and Central Banking,2006-04-17 16:00:00+00:00,
217,FED,speech,https://www.federalreserve.gov/newsevents/speech/bernanke20060420a.htm,By the Numbers: Data and Measurement in Community Economic Development,2006-04-20 16:00:00+00:00,
218,FED,speech,https://www.federalreserve.gov/newsevents/speech/kohn20060427a.htm,Business Capital Spending,2006-04-27 16:00:00+00:00,
1522,FED,testimony,https://www.federalreserve.gov/newsevents/testimony/bernanke20060427a.htm,Outlook of the U.S.  economy,2006-04-27 16:00:00+00:00,
1808,BOC,speech,https://www.bankofcanada.ca/2006/04/opening-statement-39/,Release of the Monetary Policy Report,2006-04-28 03:59:00+00:00,
219,FED,speech,https://www.federalreserve.gov/newsevents/speech/bies20060428a.htm,A Bank Supervisor&#39;s Perspective on Enterprise Risk Management,2006-04-28 16:00:00+00:00,
220,FED,speech,https://www.federalreserve.gov/newsevents/speech/bernanke20060503a.htm,Community Revitalization: Lessons from Anacostia,2006-05-03 16:00:00+00:00,
1809,BOC,speech,https://www.bankofcanada.ca/2006/05/opening-statement-03-may-2006/,"Opening Statement before the Standing Senate Committee on Banking, Trade and Commerce",2006-05-04 03:59:00+00:00,
221,FED,speech,https://www.federalreserve.gov/newsevents/speech/bies20060504a.htm,"Supervisory Perspective on Current Bank Capital, Market Risk, and Loan Product Issues",2006-05-04 16:00:00+00:00,
1810,BOC,speech,https://www.bankofcanada.ca/2006/05/crucial-contribution-financial-system/,The Crucial Contribution of the Financial System and Monetary Policy to Economic Development,2006-05-06 03:59:00+00:00,
222,FED,speech,https://www.federalreserve.gov/newsevents/speech/kohn20060511a.htm,Investing in Payment Innovations:  A Federal Reserve Perspective,2006-05-11 16:00:00+00:00,
223,FED,speech,https://www.federalreserve.gov/newsevents/speech/bies20060516a.htm,Implementing Basel II: Choices and Challenges,2006-05-16 16:00:00+00:00,
224,FED,speech,https://www.federalreserve.gov/newsevents/speech/olson20060516a.htm,Compliance Risk Management in a Diversified Environment,2006-05-16 16:00:00+00:00,
225,FED,speech,https://www.federalreserve.gov/newsevents/speech/bernanke20060516a.htm,Hedge Funds and Systemic Risk,2006-05-16 16:00:00+00:00,
1523,FED,testimony,https://www.federalreserve.gov/newsevents/testimony/parkinson20060516a.htm,The Role of Hedge Funds in the Capital Market,2006-05-16 16:00:00+00:00,
226,FED,speech,https://www.federalreserve.gov/newsevents/speech/bernanke20060518a.htm,Basel II: Its Promise and Its Challenges,2006-05-18 16:00:00+00:00,
227,FED,speech,https://www.federalreserve.gov/newsevents/speech/kohn20060518a.htm,The Evolving Nature of the Financial System: Financial Crises and the Role of the Central Bank,2006-05-18 16:00:00+00:00,
1524,FED,testimony,https://www.federalreserve.gov/newsevents/testimony/bernanke20060523a.htm,Financial literacy,2006-05-23 16:00:00+00:00,
228,FED,speech,https://www.federalreserve.gov/newsevents/speech/kroszner20060524a.htm,Innovative Statistics for a Dynamic Economy,2006-05-24 16:00:00+00:00,
229,FED,speech,https://www.federalreserve.gov/newsevents/speech/olson20060525a.htm,Community Development and the Bigger Picture,2006-05-25 16:00:00+00:00,
1811,BOC,speech,https://www.bankofcanada.ca/2006/05/opening-statement-30-may-2006/,"Opening Statement before the House of Commons Standing Committee on Industry, Science and Technology",2006-05-31 03:59:00+00:00,
230,FED,speech,https://www.federalreserve.gov/newsevents/speech/bernanke20060605a.htm,Panel Discussion: Comments on the Outlook for the U.S. Economy and Monetary Policy,2006-06-05 16:00:00+00:00,
231,FED,speech,https://www.federalreserve.gov/newsevents/speech/bies20060606a.htm,Challenges of Conducting Effective Risk Management in Community Banks,2006-06-06 16:00:00+00:00,
1525,FED,testimony,https://www.federalreserve.gov/newsevents/testimony/kohn20060608a.htm,Nomination as Vice Chairman to the Board,2006-06-08 16:00:00+00:00,
1812,BOC,speech,https://www.bankofcanada.ca/2006/06/floating-dollar-anchored-inflation/,"Floating Dollar, Anchored Inflation: The Role of the Exchange Rate in Canada's Monetary Policy Framework",2006-06-09 03:59:00+00:00,
232,FED,speech,https://www.federalreserve.gov/newsevents/speech/bernanke20060609a.htm,Commencement address,2006-06-09 16:00:00+00:00,
233,FED,speech,https://www.federalreserve.gov/newsevents/speech/olson20060612a.htm,What Are Examiners Looking for When They Examine Banks for Compliance?,2006-06-12 16:00:00+00:00,
234,FED,speech,https://www.federalreserve.gov/newsevents/speech/bies20060612a.htm,A Supervisor’s Perspective on Enterprise Risk Management,2006-06-12 16:00:00+00:00,
235,FED,speech,https://www.federalreserve.gov/newsevents/speech/bernanke20060612a.htm,Modern Risk Management and Banking Supervision,2006-06-12 16:00:00+00:00,
236,FED,speech,https://www.federalreserve.gov/newsevents/speech/bernanke20060613a.htm,Increasing Economic Opportunity: Challenges and Strategies,2006-06-13 16:00:00+00:00,
1526,FED,testimony,https://www.federalreserve.gov/newsevents/testimony/olson20060613a.htm,Home Mortgage Disclosure Act,2006-06-13 16:00:00+00:00,
237,FED,speech,https://www.federalreserve.gov/newsevents/speech/bies20060614a.htm,A Supervisor&#39;s Perspective on Mortgage Markets and Mortgage Lending Practices,2006-06-14 16:00:00+00:00,
238,FED,speech,https://www.federalreserve.gov/newsevents/speech/kroszner20060615a.htm,Why Are Yield Curves So Flat and Long Rates So Low Globally?,2006-06-15 16:00:00+00:00,
239,FED,speech,https://www.federalreserve.gov/newsevents/speech/bernanke20060615a.htm,Energy and the Economy,2006-06-15 16:00:00+00:00,
240,FED,speech,https://www.federalreserve.gov/newsevents/speech/kohn20060616a.htm,The Effects of Globalization on Inflation and Their Implications for Monetary Policy,2006-06-16 16:00:00+00:00,
241,FED,speech,https://www.federalreserve.gov/newsevents/speech/kroszner20060616a.htm,Why Are Yield Curves So Flat and Long Rates So Low Globally?,2006-06-16 16:00:00+00:00,
1813,BOC,speech,https://www.bankofcanada.ca/2006/06/global-economic-forces-need-adjustment/,Global Economic Forces and the Need for Adjustment,2006-06-22 03:59:00+00:00,
1814,BOC,speech,https://www.bankofcanada.ca/2006/06/what-monetary-policy-can-cannot-do/,What Monetary Policy Can and Cannot Do,2006-06-30 03:59:00+00:00,
242,FED,speech,https://www.federalreserve.gov/newsevents/speech/bies20060704a.htm,Addressing Challenges Raised by Basel II Implementation,2006-07-04 16:00:00+00:00,
243,FED,speech,https://www.federalreserve.gov/newsevents/speech/kohn20060706a.htm,Reflections on Globalization and Policies,2006-07-06 16:00:00+00:00,
1527,FED,testimony,https://www.federalreserve.gov/newsevents/testimony/alvarez20060712a.htm,Industrial loan companies,2006-07-12 16:00:00+00:00,
1815,BOC,speech,https://www.bankofcanada.ca/2006/07/opening-statement-42/,Release of the Monetary Policy Report Update,2006-07-14 03:59:00+00:00,
244,FED,speech,https://www.federalreserve.gov/newsevents/speech/warsh20060718a.htm,Corporate Cash Balances and Economic Activity,2006-07-18 16:00:00+00:00,
1528,FED,testimony,https://www.federalreserve.gov/newsevents/testimony/bernanke20060719a.htm,Semiannual Monetary Policy Report to the Congress,2006-07-19 16:00:00+00:00,
1529,FED,testimony,https://www.federalreserve.gov/newsevents/testimony/roseman20060719a.htm,Coin and currency issues,2006-07-19 16:00:00+00:00,
1816,BOC,speech,https://www.bankofcanada.ca/2006/07/right-policies-today-global-economy/,The Right Policies for Today's Global Economy,2006-07-20 03:59:00+00:00,
1817,BOC,speech,https://www.bankofcanada.ca/2006/07/right-policies-today-global-economy-2/,The Right Policies for Today's Global Economy,2006-07-21 03:59:00+00:00,
245,FED,speech,https://www.federalreserve.gov/newsevents/speech/bernanke20060825a.htm,Global Economic Integration: What&#39;s New and What&#39;s Not?,2006-08-25 16:00:00+00:00,
1818,BOC,speech,https://www.bankofcanada.ca/2006/08/productivity-terms-trade-economic-adjustment/,"Productivity, Terms of Trade, and Economic Adjustment",2006-08-29 03:59:00+00:00,
246,FED,speech,https://www.federalreserve.gov/newsevents/speech/bernanke20060831a.htm,Productivity,2006-08-31 16:00:00+00:00,
247,FED,speech,https://www.federalreserve.gov/newsevents/speech/bernanke20060901a.htm,Remarks,2006-09-01 16:00:00+00:00,
248,FED,speech,https://www.federalreserve.gov/newsevents/speech/kohn20060911a.htm,Evolution of Retail Payments and the Role of the Federal Reserve,2006-09-11 16:00:00+00:00,
1819,BOC,speech,https://www.bankofcanada.ca/2006/09/weathering-economic-shocks-importance-flexibility/,Weathering Economic Shocks: The Importance of Flexibility,2006-09-14 03:59:00+00:00,
1530,FED,testimony,https://www.federalreserve.gov/newsevents/testimony/bies20060914a.htm,Basel II and commercial real estate,2006-09-14 16:00:00+00:00,
1531,FED,testimony,https://www.federalreserve.gov/newsevents/testimony/braunstein20060920a.htm,Non-traditional mortgage products,2006-09-20 16:00:00+00:00,
1532,FED,testimony,https://www.federalreserve.gov/newsevents/testimony/bies20060926a.htm,Basel II,2006-09-26 16:00:00+00:00,
249,FED,speech,https://www.federalreserve.gov/newsevents/speech/kroszner20060927a.htm,What Drives Productivity Growth?  Implications for the Economy and Prospects for the Future,2006-09-27 16:00:00+00:00,
250,FED,speech,https://www.federalreserve.gov/newsevents/speech/bernanke20061004a.htm,The Coming Demographic Transition: Will We Treat Future Generations Fairly?,2006-10-04 16:00:00+00:00,
251,FED,speech,https://www.federalreserve.gov/newsevents/speech/kohn20061004a.htm,Economic Outlook,2006-10-04 16:00:00+00:00,
252,FED,speech,https://www.federalreserve.gov/newsevents/speech/bies20061011a.htm,A U.S. Supervisor&#39;s Perspective on Current Banking Issues,2006-10-11 16:00:00+00:00,
253,FED,speech,https://www.federalreserve.gov/newsevents/speech/mishkin20061012a.htm,Globalization: A Force for Good?,2006-10-12 16:00:00+00:00,
254,FED,speech,https://www.federalreserve.gov/newsevents/speech/bernanke20061016a.htm,Bank Regulation and Supervision: Balancing Benefits and Costs,2006-10-16 16:00:00+00:00,
255,FED,speech,https://www.federalreserve.gov/newsevents/speech/bies20061017a.htm,A Supervisory Perspective on Enterprise Risk Management,2006-10-17 16:00:00+00:00,
1820,BOC,speech,https://www.bankofcanada.ca/2006/10/opening-statement-19-october-2006/,Opening Statement before the House of Commons Standing Committee on Finance,2006-10-20 03:59:00+00:00,
1821,BOC,speech,https://www.bankofcanada.ca/2006/10/opening-statement-43/,Release of the Monetary Policy Report,2006-10-20 03:59:00+00:00,
1822,BOC,speech,https://www.bankofcanada.ca/2006/10/opening-statement-25-october-2006/,"Opening Statement before the Senate Banking, Trade and Commerce Committee",2006-10-26 03:59:00+00:00,
1823,BOC,speech,https://www.bankofcanada.ca/2006/10/global-economic-landscape-implications-ontario/,The Global Economic Landscape and the Implications for Ontario,2006-10-26 03:59:00+00:00,
256,FED,speech,https://www.federalreserve.gov/newsevents/speech/bernanke20061101a.htm,Community Development Financial Institutions: Promoting Economic Growth and Opportunity,2006-11-01 17:00:00+00:00,
257,FED,speech,https://www.federalreserve.gov/newsevents/speech/bies20061102a.htm,The Economic Outlook,2006-11-02 17:00:00+00:00,
258,FED,speech,https://www.federalreserve.gov/newsevents/speech/kohn20061103a.htm,The Evolving Role of the Federal Reserve Banks,2006-11-03 17:00:00+00:00,
1824,BOC,speech,https://www.bankofcanada.ca/2006/11/prospering-today-global-economy/,Prospering in Today's Global Economy: Challenges for Open Economies such as Australia and Canada,2006-11-07 04:59:00+00:00,
1825,BOC,speech,https://www.bankofcanada.ca/2006/11/canadian-economy-financial-markets-perspective/,The Canadian Economy and Financial Markets in Perspective,2006-11-09 04:59:00+00:00,
259,FED,speech,https://www.federalreserve.gov/newsevents/speech/bernanke20061110a.htm,Monetary Aggregates and Monetary Policy at the Federal Reserve: A Historical Perspective,2006-11-10 17:00:00+00:00,
260,FED,speech,https://www.federalreserve.gov/newsevents/speech/kroszner20061116a.htm,The Conquest of Worldwide Inflation: Currency Competition and Its Implications for Interest Rates and the Yield Curve,2006-11-16 17:00:00+00:00,
261,FED,speech,https://www.federalreserve.gov/newsevents/speech/warsh20061121a.htm,Financial Markets and the Federal Reserve,2006-11-21 17:00:00+00:00,
262,FED,speech,https://www.federalreserve.gov/newsevents/speech/bernanke20061128a.htm,The Economic Outlook,2006-11-28 17:00:00+00:00,
263,FED,speech,https://www.federalreserve.gov/newsevents/speech/bies20061130a.htm,A U.S. Perspective on Basel II Implementation,2006-11-30 17:00:00+00:00,
264,FED,speech,https://www.federalreserve.gov/newsevents/speech/bernanke20061201a.htm,Welcoming remarks,2006-12-01 17:00:00+00:00,
265,FED,speech,https://www.federalreserve.gov/newsevents/speech/kohn20061201a.htm,Monetary Policy and Uncertainty,2006-12-01 17:00:00+00:00,
1826,BOC,speech,https://www.bankofcanada.ca/2006/12/improving-financial-system-efficiency/,Improving Financial System Efficiency: The Need for Action,2006-12-12 04:59:00+00:00,
266,FED,speech,https://www.federalreserve.gov/newsevents/speech/bernanke20061215a.htm,The Chinese Economy: Progress and Challenges,2006-12-15 17:00:00+00:00,
267,FED,speech,https://www.federalreserve.gov/newsevents/speech/bernanke20070105a.htm,Central Banking and Bank Supervision in the United States,2007-01-05 17:00:00+00:00,
268,FED,speech,https://www.federalreserve.gov/newsevents/speech/kohn20070108a.htm,The Economic Outlook,2007-01-08 17:00:00+00:00,
269,FED,speech,https://www.federalreserve.gov/newsevents/speech/bies20070111a.htm,Enterprise Risk Management and Mortgage Lending,2007-01-11 17:00:00+00:00,
270,FED,speech,https://www.federalreserve.gov/newsevents/speech/mishkin20070117a.htm,Enterprise Risk Management and Mortgage Lending,2007-01-17 17:00:00+00:00,
271,FED,speech,https://www.federalreserve.gov/newsevents/speech/bies20070118a.htm,Economic Outlook and Developments in Mortgage Markets,2007-01-18 17:00:00+00:00,
1533,FED,testimony,https://www.federalreserve.gov/newsevents/testimony/bernanke20070118a.htm,Long-term fiscal challenges facing the United States,2007-01-18 17:00:00+00:00,
1827,BOC,speech,https://www.bankofcanada.ca/2007/01/opening-statement-46/,Release of the Monetary Policy Report Update,2007-01-19 04:59:00+00:00,
1828,BOC,speech,https://www.bankofcanada.ca/2007/01/monetary-policy-developments/,Monetary Policy and Developments in the Global and Canadian Economies,2007-01-26 04:59:00+00:00,
1829,BOC,speech,https://www.bankofcanada.ca/2007/02/opening-statement-01-february-2007/,Opening Statement before the House of Commons Standing  Committee on Finance,2007-02-02 04:59:00+00:00,
272,FED,speech,https://www.federalreserve.gov/newsevents/speech/bernanke20070206a.htm,The Level and Distribution of Economic Well-Being,2007-02-06 17:00:00+00:00,
1830,BOC,speech,https://www.bankofcanada.ca/2007/02/promoting-stability-confidence-well-being/,"Promoting Stability, Confidence and Well-being",2007-02-07 04:59:00+00:00,
1534,FED,testimony,https://www.federalreserve.gov/newsevents/testimony/bernanke20070214a.htm,Semiannual Monetary Policy Report to the Congress,2007-02-14 17:00:00+00:00,
1831,BOC,speech,https://www.bankofcanada.ca/2007/02/standing-senate-committee-national-finance/,Standing Senate Committee on National Finance,2007-02-21 04:59:00+00:00,
273,FED,speech,https://www.federalreserve.gov/newsevents/speech/kohn20070221a.htm,Financial Stability: Preventing and Managing Crises,2007-02-21 17:00:00+00:00,
1832,BOC,speech,https://www.bankofcanada.ca/2007/02/adjusting-economic-change/,Adjusting to Economic Change,2007-02-23 04:59:00+00:00,
274,FED,speech,https://www.federalreserve.gov/newsevents/speech/bies20070226a.htm,An Update on Basel II Implementation in the United States,2007-02-26 17:00:00+00:00,
1535,FED,testimony,https://www.federalreserve.gov/newsevents/testimony/bernanke20070228a.htm,Long-term fiscal challenges and the economy,2007-02-28 17:00:00+00:00,
1536,FED,testimony,https://www.federalreserve.gov/newsevents/testimony/kohn20070228a.htm,The aging workforce,2007-02-28 17:00:00+00:00,
275,FED,speech,https://www.federalreserve.gov/newsevents/speech/bernanke20070302a.htm,Globalization and Monetary Policy,2007-03-02 17:00:00+00:00,
276,FED,speech,https://www.federalreserve.gov/newsevents/speech/kroszner20070305a.htm,Community Banks: The Continuing Importance of Relationship Finance,2007-03-05 17:00:00+00:00,
277,FED,speech,https://www.federalreserve.gov/newsevents/speech/warsh20070305a.htm,Market Liquidity: Definitions and Implications,2007-03-05 17:00:00+00:00,
278,FED,speech,https://www.federalreserve.gov/newsevents/speech/bernanke20070306a.htm,"GSE Portfolios, Systemic Risk, and Affordable Housing",2007-03-06 17:00:00+00:00,
1833,BOC,speech,https://www.bankofcanada.ca/2007/03/meeting-global-economic-challenges/,Meeting Global Economic Challenges: The Need for Flexibility,2007-03-09 04:59:00+00:00,
279,FED,speech,https://www.federalreserve.gov/newsevents/speech/kohn20070309a.htm,"Comments on “Understanding the Evolving Inflation Process” by Cecchetti, Hooper, Kasman, Schoenholtz, and Watson",2007-03-09 17:00:00+00:00,
280,FED,speech,https://www.federalreserve.gov/newsevents/speech/kroszner20070309a.htm,Liquidity and monetary policy,2007-03-09 17:00:00+00:00,
281,FED,speech,https://www.federalreserve.gov/newsevents/speech/kroszner20070312a.htm,The Changing Dynamics of Inflation,2007-03-12 16:00:00+00:00,
282,FED,speech,https://www.federalreserve.gov/newsevents/speech/kroszner20070322a.htm,Recent Innovations in Credit Markets,2007-03-22 16:00:00+00:00,
283,FED,speech,https://www.federalreserve.gov/newsevents/speech/kohn20070322a.htm,"Asset-Pricing Puzzles, Credit Risk, and Credit Derivatives",2007-03-22 16:00:00+00:00,
1537,FED,testimony,https://www.federalreserve.gov/newsevents/testimony/cole20070322a.htm,Subprime mortgage market,2007-03-22 16:00:00+00:00,
284,FED,speech,https://www.federalreserve.gov/newsevents/speech/mishkin20070323a.htm,Inflation Dynamics,2007-03-23 16:00:00+00:00,
1538,FED,testimony,https://www.federalreserve.gov/newsevents/testimony/braunstein20070327a.htm,Subprime mortgages,2007-03-27 16:00:00+00:00,
1539,FED,testimony,https://www.federalreserve.gov/newsevents/testimony/bernanke20070328a.htm,The economic outlook,2007-03-28 16:00:00+00:00,
1834,BOC,speech,https://www.bankofcanada.ca/2007/03/promoting-sound-economic-policies-globally-locally/,Promoting Sound Economic Policies Globally and Locally,2007-03-30 03:59:00+00:00,
285,FED,speech,https://www.federalreserve.gov/newsevents/speech/bernanke20070330a.htm,The Community Reinvestment Act: Its Evolution and New Challenges,2007-03-30 16:00:00+00:00,
286,FED,speech,https://www.federalreserve.gov/newsevents/speech/mishkin20070410a.htm,Monetary Policy and the Dual Mandate,2007-04-10 16:00:00+00:00,
287,FED,speech,https://www.federalreserve.gov/newsevents/speech/bernanke20070411a.htm,Financial Regulation and the Invisible Hand,2007-04-11 16:00:00+00:00,
1835,BOC,speech,https://www.bankofcanada.ca/2007/04/dealing-uncertainty-conduct-monetary-policy/,Dealing with Uncertainty in the Conduct of Monetary Policy,2007-04-13 03:59:00+00:00,
288,FED,speech,https://www.federalreserve.gov/newsevents/speech/mishkin20070420a.htm,The U.S. Economic Outlook,2007-04-20 16:00:00+00:00,
289,FED,speech,https://www.federalreserve.gov/newsevents/speech/bernanke20070425a.htm,Welcoming remarks,2007-04-25 16:00:00+00:00,
1540,FED,testimony,https://www.federalreserve.gov/newsevents/testimony/kohn20070425a.htm,Industrial loan companies,2007-04-25 16:00:00+00:00,
290,FED,speech,https://www.federalreserve.gov/newsevents/speech/mishkin20070426a.htm,Globalization and Financial Development,2007-04-26 16:00:00+00:00,
1836,BOC,speech,https://www.bankofcanada.ca/2007/04/opening-statement-47/,Release of the Monetary Policy Report,2007-04-27 03:59:00+00:00,
291,FED,speech,https://www.federalreserve.gov/newsevents/speech/bernanke20070501a.htm,Embracing the Challenge of Free Trade: Competing and Prospering in a Global Economy,2007-05-01 16:00:00+00:00,
1837,BOC,speech,https://www.bankofcanada.ca/2007/05/opening-statement-01-may-2007/,Opening Statement before the House of Commons Standing Committee on Finance,2007-05-02 03:59:00+00:00,
1838,BOC,speech,https://www.bankofcanada.ca/2007/05/opening-statement-02-may-2007/,"Opening Statement before the Standing Senate Committee on Banking, Trade and Commerce",2007-05-03 03:59:00+00:00,
1839,BOC,speech,https://www.bankofcanada.ca/2007/05/importance-appropriate-exchange-rate-regimes/,The Importance of Appropriate Exchange Rate Regimes,2007-05-05 03:59:00+00:00,
292,FED,speech,https://www.federalreserve.gov/newsevents/speech/kroszner20070510a.htm,The Future of Payments: Challenges and Opportunities,2007-05-10 16:00:00+00:00,
1840,BOC,speech,https://www.bankofcanada.ca/2007/05/sound-pension-system-handling-risk-appropriately/,A Sound Pension System – Handling Risk Appropriately,2007-05-11 03:59:00+00:00,
293,FED,speech,https://www.federalreserve.gov/newsevents/speech/bernanke20070515a.htm,Regulation and Financial Innovation,2007-05-15 16:00:00+00:00,
294,FED,speech,https://www.federalreserve.gov/newsevents/speech/kroszner20070515a.htm,International Capital Flows and the Emerging-Market Economies,2007-05-15 16:00:00+00:00,
1841,BOC,speech,https://www.bankofcanada.ca/2007/05/government-borrowers-forum/,Government Borrowers Forum,2007-05-16 03:59:00+00:00,
295,FED,speech,https://www.federalreserve.gov/newsevents/speech/kroszner20070516a.htm,Globalization and Capital Markets: Implications for Inflation and the Yield Curve,2007-05-16 16:00:00+00:00,
296,FED,speech,https://www.federalreserve.gov/newsevents/speech/kohn20070516a.htm,Financial stability and policy issues,2007-05-16 16:00:00+00:00,
297,FED,speech,https://www.federalreserve.gov/newsevents/speech/bernanke20070517a.htm,The Subprime Mortgage Market,2007-05-17 16:00:00+00:00,
1541,FED,testimony,https://www.federalreserve.gov/newsevents/testimony/braunstein20070521a.htm,"Bank mergers, Community Reinvestment Act enforcement, subprime mortgage lending, and foreclosures",2007-05-21 16:00:00+00:00,
1842,BOC,speech,https://www.bankofcanada.ca/2007/05/making-global-economic-institutions-work/,Making Global Economic Institutions Work – What the World Needs Now,2007-05-22 03:59:00+00:00,
298,FED,speech,https://www.federalreserve.gov/newsevents/speech/bernanke20070522a.htm,Recognizing Leadership,2007-05-22 16:00:00+00:00,
299,FED,speech,https://www.federalreserve.gov/newsevents/speech/kroszner20070523a.htm,Creating More Effective Consumer Disclosures,2007-05-23 16:00:00+00:00,
300,FED,speech,https://www.federalreserve.gov/newsevents/speech/mishkin20070524a.htm,Estimating Potential Output,2007-05-24 16:00:00+00:00,
301,FED,speech,https://www.federalreserve.gov/newsevents/speech/kroszner20070601a.htm,Outlook and Risks for the U.S. Economy,2007-06-01 16:00:00+00:00,
302,FED,speech,https://www.federalreserve.gov/newsevents/speech/bernanke20070605a.htm,The Housing Market and Subprime Lending,2007-06-05 16:00:00+00:00,
303,FED,speech,https://www.federalreserve.gov/newsevents/speech/warsh20070605a.htm,Financial Intermediation and Complete Markets,2007-06-05 16:00:00+00:00,
1542,FED,testimony,https://www.federalreserve.gov/newsevents/testimony/mishkin20070607a.htm,Credit card disclosures,2007-06-07 16:00:00+00:00,
1543,FED,testimony,https://www.federalreserve.gov/newsevents/testimony/kroszner20070613a.htm,The role of federal banking agencies in strengthening federal financial consumer protection,2007-06-13 16:00:00+00:00,
1843,BOC,speech,https://www.bankofcanada.ca/2007/06/demographics-labour-input-economic-potential/,"Demographics, Labour Input, and Economic Potential: Implications for Monetary Policy",2007-06-14 03:59:00+00:00,
304,FED,speech,https://www.federalreserve.gov/newsevents/speech/kroszner20070614a.htm,Encouraging Responsible Mortgage Lending: Prospective Rulemaking Initiatives,2007-06-14 16:00:00+00:00,
305,FED,speech,https://www.federalreserve.gov/newsevents/speech/bernanke20070615a.htm,The Financial Accelerator and the Credit Channel,2007-06-15 16:00:00+00:00,
1544,FED,testimony,https://www.federalreserve.gov/newsevents/testimony/braunstein20070619a.htm,Consumer credit reports,2007-06-19 16:00:00+00:00,
1844,BOC,speech,https://www.bankofcanada.ca/2007/06/global-integration-monetary-policy/,"Global Integration, Monetary Policy, and the International Monetary System",2007-06-22 03:59:00+00:00,
306,FED,speech,https://www.federalreserve.gov/newsevents/speech/mishkin20070623a.htm,Globalization and Financial Development,2007-06-23 16:00:00+00:00,
307,FED,speech,https://www.federalreserve.gov/newsevents/speech/bernanke20070710a.htm,Inflation Expectations and Inflation Forecasting,2007-07-10 16:00:00+00:00,
1545,FED,testimony,https://www.federalreserve.gov/newsevents/testimony/warsh20070711a.htm,Hedge funds,2007-07-11 16:00:00+00:00,
308,FED,speech,https://www.federalreserve.gov/newsevents/speech/kroszner20070712a.htm,Basel II Implementation in the United States,2007-07-12 16:00:00+00:00,
1845,BOC,speech,https://www.bankofcanada.ca/2007/07/opening-statement-50/,Release of the Monetary Policy Report Update,2007-07-13 03:59:00+00:00,
1546,FED,testimony,https://www.federalreserve.gov/newsevents/testimony/bernanke20070718a.htm,Semiannual Monetary Policy Report to the Congress,2007-07-18 16:00:00+00:00,
1547,FED,testimony,https://www.federalreserve.gov/newsevents/testimony/braunstein20070725a.htm,Fair lending and the Home Mortgage Disclosure Act,2007-07-25 16:00:00+00:00,
309,FED,speech,https://www.federalreserve.gov/newsevents/speech/kroszner20070801a.htm,Federal Reserve Initiatives to Support Minority-Owned Institutions and Expand Consumer Protection,2007-08-01 16:00:00+00:00,
1548,FED,testimony,https://www.federalreserve.gov/newsevents/testimony/kroszner20070802a.htm,Renomination to the Board,2007-08-02 16:00:00+00:00,
1846,BOC,speech,https://www.bankofcanada.ca/2007/08/bank-canada-research-agenda/,The Bank of Canada's Research Agenda and the Future of Inflation Targeting,2007-08-28 03:59:00+00:00,
310,FED,speech,https://www.federalreserve.gov/newsevents/speech/bernanke20070831a.htm,"Housing, Housing Finance, and Monetary Policy",2007-08-31 16:00:00+00:00,
311,FED,speech,https://www.federalreserve.gov/newsevents/speech/kroszner20070906a.htm,Analyzing and Assessing Banking Crises,2007-09-06 16:00:00+00:00,
312,FED,speech,https://www.federalreserve.gov/newsevents/speech/mishkin20070910a.htm,Outlook and Risks for the U.S. Economy,2007-09-10 16:00:00+00:00,
313,FED,speech,https://www.federalreserve.gov/newsevents/speech/bernanke20070911a.htm,Global Imbalances:  Recent Developments and Prospects,2007-09-11 16:00:00+00:00,
1847,BOC,speech,https://www.bankofcanada.ca/2007/09/clear-case-for-transparency/,A Clear Case for Transparency,2007-09-13 03:59:00+00:00,
1549,FED,testimony,https://www.federalreserve.gov/newsevents/testimony/bernanke20070920a.htm,Subprime mortgage lending and mitigating foreclosures,2007-09-20 16:00:00+00:00,
314,FED,speech,https://www.federalreserve.gov/newsevents/speech/kohn20070921a.htm,Success and Failure of Monetary Policy since the 1950s,2007-09-21 16:00:00+00:00,
315,FED,speech,https://www.federalreserve.gov/newsevents/speech/warsh20070921a.htm,Financial Market Developments,2007-09-21 16:00:00+00:00,
316,FED,speech,https://www.federalreserve.gov/newsevents/speech/bernanke20070924a.htm,Education and Economic Competitiveness,2007-09-24 16:00:00+00:00,
1848,BOC,speech,https://www.bankofcanada.ca/2007/09/turbulence-credit-markets-causes-effects/,"Turbulence in Credit Markets: Causes, Effects, and Lessons To Be Learned",2007-09-26 03:59:00+00:00,
317,FED,speech,https://www.federalreserve.gov/newsevents/speech/mishkin20070927a.htm,"Globalization, Macroeconomic Performance, and Monetary Policy",2007-09-27 16:00:00+00:00,
318,FED,speech,https://www.federalreserve.gov/newsevents/speech/mishkin20070928a.htm,Systemic Risk and the International Lender of Last Resort,2007-09-28 16:00:00+00:00,
1849,BOC,speech,https://www.bankofcanada.ca/2007/10/liquidity-liquidity-liquidity/,"Liquidity, Liquidity, Liquidity",2007-10-04 03:59:00+00:00,
1550,FED,testimony,https://www.federalreserve.gov/newsevents/testimony/alvarez20071004a.htm,Industrial loan companies,2007-10-04 16:00:00+00:00,
319,FED,speech,https://www.federalreserve.gov/newsevents/speech/kohn20071004a.htm,Economic Outlook,2007-10-05 16:00:00+00:00,
320,FED,speech,https://www.federalreserve.gov/newsevents/speech/warsh20071005a.htm,Financial Stability and the Federal Reserve,2007-10-05 16:00:00+00:00,
321,FED,speech,https://www.federalreserve.gov/newsevents/speech/kroszner20071011a.htm,"Markets, Financial Institutions, and Consumers: The Roles of the Federal Reserve",2007-10-11 16:00:00+00:00,
322,FED,speech,https://www.federalreserve.gov/newsevents/speech/bernanke20071012a.htm,Opening remarks,2007-10-12 16:00:00+00:00,
323,FED,speech,https://www.federalreserve.gov/newsevents/speech/kohn20071012a.htm,John Taylor Rules,2007-10-12 16:00:00+00:00,
324,FED,speech,https://www.federalreserve.gov/newsevents/speech/bernanke20071015a.htm,The Recent Financial Turmoil and its Economic and Policy Consequences,2007-10-15 16:00:00+00:00,
1850,BOC,speech,https://www.bankofcanada.ca/2007/10/opening-statement-51/,Release of the Monetary Policy Report,2007-10-19 03:59:00+00:00,
325,FED,speech,https://www.federalreserve.gov/newsevents/speech/bernanke20071019a.htm,Monetary Policy under Uncertainty,2007-10-19 16:00:00+00:00,
326,FED,speech,https://www.federalreserve.gov/newsevents/speech/mishkin20071020a.htm,Headline versus Core Inflation in the Conduct of Monetary Policy,2007-10-20 16:00:00+00:00,
1851,BOC,speech,https://www.bankofcanada.ca/2007/10/credit-market-turbulence-policy-challenges/,Credit Market Turbulence and Policy Challenges Ahead,2007-10-22 03:59:00+00:00,
327,FED,speech,https://www.federalreserve.gov/newsevents/speech/kroszner20071022a.htm,Recent Events in Financial Markets,2007-10-22 16:00:00+00:00,
1551,FED,testimony,https://www.federalreserve.gov/newsevents/testimony/braunstein20071024a.htm,The Community Reinvestment Act and fair lending examination processes,2007-10-24 16:00:00+00:00,
1552,FED,testimony,https://www.federalreserve.gov/newsevents/testimony/kroszner20071024a.htm,Legislative proposals on reforming mortgage practices,2007-10-24 16:00:00+00:00,
328,FED,speech,https://www.federalreserve.gov/newsevents/speech/mishkin20071026a.htm,Financial Instability and the Federal Reserve as a Liquidity Provider,2007-10-26 16:00:00+00:00,
1553,FED,testimony,https://www.federalreserve.gov/newsevents/testimony/braunstein20071030a.htm,Minority-owned banks,2007-10-30 16:00:00+00:00,
329,FED,speech,https://www.federalreserve.gov/newsevents/speech/mishkin20071105a.htm,Financial Instability and Monetary Policy,2007-11-05 17:00:00+00:00,
330,FED,speech,https://www.federalreserve.gov/newsevents/speech/kroszner20071105a.htm,The Challenges Facing Subprime Mortgage Borrowers,2007-11-05 17:00:00+00:00,
331,FED,speech,https://www.federalreserve.gov/newsevents/speech/bernanke20071106a.htm,Microfinance in the United States,2007-11-06 17:00:00+00:00,
1852,BOC,speech,https://www.bankofcanada.ca/2007/11/north-america-today-global-economic-setting/,North America in Today's Global Economic Setting,2007-11-07 04:59:00+00:00,
332,FED,speech,https://www.federalreserve.gov/newsevents/speech/warsh20071107a.htm,The End of History?,2007-11-07 17:00:00+00:00,
1554,FED,testimony,https://www.federalreserve.gov/newsevents/testimony/mishkin20071107a.htm,Availability of credit to small businesses,2007-11-07 17:00:00+00:00,
1555,FED,testimony,https://www.federalreserve.gov/newsevents/testimony/bernanke20071108a.htm,The economic outlook,2007-11-08 17:00:00+00:00,
333,FED,speech,https://www.federalreserve.gov/newsevents/speech/kroszner20071113a.htm,Implementing Basel II in the United States,2007-11-13 17:00:00+00:00,
334,FED,speech,https://www.federalreserve.gov/newsevents/speech/bernanke20071114a.htm,Federal Reserve Communications,2007-11-14 17:00:00+00:00,
335,FED,speech,https://www.federalreserve.gov/newsevents/speech/kroszner2007116a.htm,Risk Management and the Economic Outlook,2007-11-16 17:00:00+00:00,
1853,BOC,speech,https://www.bankofcanada.ca/2007/11/managing-risks-financial-system-stability/,Managing Risks to Financial System Stability,2007-11-21 04:59:00+00:00,
336,FED,speech,https://www.federalreserve.gov/newsevents/speech/kohn20071128a.htm,Financial Markets and Central Banking,2007-11-28 17:00:00+00:00,
337,FED,speech,https://www.federalreserve.gov/newsevents/speech/mishkin20071129a.htm,The Federal Reserve’s Enhanced Communication Strategy and the Science of Monetary Policy,2007-11-29 17:00:00+00:00,
338,FED,speech,https://www.federalreserve.gov/newsevents/speech/bernanke20071129a.htm,National and regional economic overview,2007-11-29 17:00:00+00:00,
339,FED,speech,https://www.federalreserve.gov/newsevents/speech/kroszner20071130a.htm,"Innovation, Information, and Regulation in Financial Markets",2007-11-30 17:00:00+00:00,
1854,BOC,speech,https://www.bankofcanada.ca/2007/12/opening-statement-05-december-2007/,Opening Statement before the House of Commons Standing Committee on Finance,2007-12-06 04:59:00+00:00,
1556,FED,testimony,https://www.federalreserve.gov/newsevents/testimony/kroszner20071206a.htm,Loan modifications and foreclosure prevention,2007-12-06 17:00:00+00:00,
1855,BOC,speech,https://www.bankofcanada.ca/2007/12/opening-statement-06-december-2007/,"Opening Statement before the Standing Senate Committee on Banking, Trade and Commerce",2007-12-07 04:59:00+00:00,
1856,BOC,speech,https://www.bankofcanada.ca/2007/12/reflections-developments-canadian-financial-system/,Reflections on Developments in the Canadian Financial System,2007-12-11 04:59:00+00:00,
1557,FED,testimony,https://www.federalreserve.gov/newsevents/testimony/braunstein20071212a.htm,The Financial Consumer Hotline Act of 2007,2007-12-12 17:00:00+00:00,
340,FED,speech,https://www.federalreserve.gov/newsevents/speech/kohn20080104a.htm,"Expertise and Macroeconomic Policy, Comments on &quot;Insiders versus Outsiders in Monetary Policy-Making,&quot; by Timothy Besley, Neil Meads, and Paolo Surico",2008-01-04 17:00:00+00:00,
341,FED,speech,https://www.federalreserve.gov/newsevents/speech/kohn20080105a.htm,Recent and Prospective Developments in Monetary Policy Transparency and Communications:  A Global Perspective,2008-01-05 17:00:00+00:00,
1857,BOC,speech,https://www.bankofcanada.ca/2008/01/transparency-the-more-the-better/,"Transparency: The More, The Better?",2008-01-09 04:59:00+00:00,
342,FED,speech,https://www.federalreserve.gov/newsevents/speech/bernanke20080110a.htm,"Financial Markets, the Economic Outlook, and Monetary Policy",2008-01-10 17:00:00+00:00,
343,FED,speech,https://www.federalreserve.gov/newsevents/speech/mishkin20080111a.htm,"Monetary Policy Flexibility, Risk Management, and Financial Disruptions",2008-01-11 17:00:00+00:00,
1558,FED,testimony,https://www.federalreserve.gov/newsevents/testimony/bernanke20080117a.htm,The economic outlook,2008-01-17 17:00:00+00:00,
1858,BOC,speech,https://www.bankofcanada.ca/2008/01/opening-statement-54/,Release of the Monetary Policy Report Update,2008-01-25 04:59:00+00:00,
1859,BOC,speech,https://www.bankofcanada.ca/2008/01/opening-statement-30-january-2008/,"Opening Statement before the House of Commons Standing Committee on  Industry, Science and Technology",2008-01-31 04:59:00+00:00,
344,FED,speech,https://www.federalreserve.gov/newsevents/speech/kroszner20080204a.htm,Protecting Homeowners and Sustaining Home Ownership,2008-02-04 17:00:00+00:00,
1559,FED,testimony,https://www.federalreserve.gov/newsevents/testimony/braunstein20080213a.htm,The Community Reinvestment Act,2008-02-13 17:00:00+00:00,
1560,FED,testimony,https://www.federalreserve.gov/newsevents/testimony/bernanke20080214a.htm,The economy and financial markets,2008-02-14 17:00:00+00:00,
1561,FED,testimony,https://www.federalreserve.gov/newsevents/testimony/parkinson20080214a.htm,Bond insurance,2008-02-14 17:00:00+00:00,
345,FED,speech,https://www.federalreserve.gov/newsevents/speech/mishkin20080215a.htm,The Federal Reserve&#39;s Tools for Responding to Financial Disruptions,2008-02-15 17:00:00+00:00,
1860,BOC,speech,https://www.bankofcanada.ca/2008/02/implications-globalization-economy-public-policy/,The Implications of Globalization for the Economy and Public Policy,2008-02-19 04:59:00+00:00,
346,FED,speech,https://www.federalreserve.gov/newsevents/speech/kroszner20080225a.htm,Improving Risk Management in Light of Recent Market Events,2008-02-25 17:00:00+00:00,
347,FED,speech,https://www.federalreserve.gov/newsevents/speech/mishkin20080225a.htm,Does Stabilizing Inflation Contribute to Stabilizing Economic Activity?,2008-02-25 17:00:00+00:00,
348,FED,speech,https://www.federalreserve.gov/newsevents/speech/kohn20080226a.htm,The U.S. Economy and Monetary Policy,2008-02-26 17:00:00+00:00,
349,FED,speech,https://www.federalreserve.gov/newsevents/speech/mishkin20080227a.htm,The Importance of Economic Education and Financial Literacy,2008-02-27 17:00:00+00:00,
1562,FED,testimony,https://www.federalreserve.gov/newsevents/testimony/bernanke20080227a.htm,Semiannual Monetary Policy Report to the Congress,2008-02-27 17:00:00+00:00,
350,FED,speech,https://www.federalreserve.gov/newsevents/speech/mishkin20080229a.htm,On &quot;Leveraged Losses: Lessons from the Mortgage Meltdown&quot;,2008-02-29 17:00:00+00:00,
351,FED,speech,https://www.federalreserve.gov/newsevents/speech/kroszner20080303a.htm,Liquidity-Risk Management in the Business of Banking,2008-03-03 17:00:00+00:00,
352,FED,speech,https://www.federalreserve.gov/newsevents/speech/bernanke20080304a.htm,Reducing Preventable Mortgage Foreclosures,2008-03-04 17:00:00+00:00,
353,FED,speech,https://www.federalreserve.gov/newsevents/speech/mishkin20080304a.htm,Outlook and Risks for the U.S. Economy,2008-03-04 17:00:00+00:00,
1563,FED,testimony,https://www.federalreserve.gov/newsevents/testimony/kohn20080304a.htm,Condition of the U.S. banking system,2008-03-04 17:00:00+00:00,
1564,FED,testimony,https://www.federalreserve.gov/newsevents/testimony/alvarez20080305a.htm,Sovereign wealth funds,2008-03-05 17:00:00+00:00,
354,FED,speech,https://www.federalreserve.gov/newsevents/speech/kohn20080307a.htm,Implications of Globalization for the Conduct of Monetary Policy,2008-03-07 17:00:00+00:00,
355,FED,speech,https://www.federalreserve.gov/newsevents/speech/mishkin20080307a.htm,Exchange Rate Pass-Through and Monetary Policy,2008-03-07 17:00:00+00:00,
356,FED,speech,https://www.federalreserve.gov/newsevents/speech/kroszner20080311a.htm,The Importance of Fundamentals in Risk Management,2008-03-11 16:00:00+00:00,
1861,BOC,speech,https://www.bankofcanada.ca/2008/03/opening-statement-12-march-2008/,"Opening Statement before the Standing Senate Committee on Banking, Trade and Commerce",2008-03-13 03:59:00+00:00,
1862,BOC,speech,https://www.bankofcanada.ca/2008/03/addressing-financial-market-turbulence-2/,Addressing Financial Market Turbulence,2008-03-14 03:59:00+00:00,
357,FED,speech,https://www.federalreserve.gov/newsevents/speech/bernanke20080314a.htm,Fostering Sustainable Homeownership,2008-03-14 16:00:00+00:00,
358,FED,speech,https://www.federalreserve.gov/newsevents/speech/kroszner20080327a.htm,Protecting Homeowners and Sustaining Homeownership,2008-03-27 16:00:00+00:00,
359,FED,speech,https://www.federalreserve.gov/newsevents/speech/mishkin20080327a.htm,"Comfort Zones, Shmumfort Zones",2008-03-27 16:00:00+00:00,
1565,FED,testimony,https://www.federalreserve.gov/newsevents/testimony/bernanke20080402a.htm,The economic outlook,2008-04-02 16:00:00+00:00,
1566,FED,testimony,https://www.federalreserve.gov/newsevents/testimony/roseman20080402a.htm,Internet gambling,2008-04-02 16:00:00+00:00,
1863,BOC,speech,https://www.bankofcanada.ca/2008/04/trends-challenges-global-economy-what-they-mean/,Trends and Challenges in the Global Economy and What They Mean for Canada and Ontario,2008-04-03 03:59:00+00:00,
360,FED,speech,https://www.federalreserve.gov/newsevents/speech/mishkin20080403a.htm,Central Bank Commitment and Communication,2008-04-03 16:00:00+00:00,
1567,FED,testimony,https://www.federalreserve.gov/newsevents/testimony/bernanke20080403a.htm,Developments in the financial markets,2008-04-03 16:00:00+00:00,
361,FED,speech,https://www.federalreserve.gov/newsevents/speech/kroszner20080404a.htm,Global Economic and Financial Challenges: Implications for Latin America,2008-04-04 16:00:00+00:00,
362,FED,speech,https://www.federalreserve.gov/newsevents/speech/kohn20080407a.htm,Dedication remarks,2008-04-07 16:00:00+00:00,
363,FED,speech,https://www.federalreserve.gov/newsevents/speech/bernanke20080409a.htm,The Importance of Financial Education and the National Jump$tart Coalition Survey,2008-04-09 16:00:00+00:00,
1568,FED,testimony,https://www.federalreserve.gov/newsevents/testimony/kroszner20080409a.htm,Federal Housing Administration Housing Stabilization and Homeownership Act,2008-04-09 16:00:00+00:00,
364,FED,speech,https://www.federalreserve.gov/newsevents/speech/bernanke20080410a.htm,Addressing Weaknesses in the Global Financial Markets: The Report of the President&#39;s Working Group on Financial Markets,2008-04-10 16:00:00+00:00,
1864,BOC,speech,https://www.bankofcanada.ca/2008/04/credit-markets-financial-stability-monetary-policy/,"Credit Markets, Financial Stability, and Monetary Policy",2008-04-11 03:59:00+00:00,
365,FED,speech,https://www.federalreserve.gov/newsevents/speech/warsh20080414a.htm,Financial Market Turmoil and the Federal Reserve: The Plot Thickens,2008-04-14 16:00:00+00:00,
1569,FED,testimony,https://www.federalreserve.gov/newsevents/testimony/braunstein20080415a.htm,Financial literacy,2008-04-15 16:00:00+00:00,
1570,FED,testimony,https://www.federalreserve.gov/newsevents/testimony/mishkin20080416a.htm,Small business lending,2008-04-16 16:00:00+00:00,
366,FED,speech,https://www.federalreserve.gov/newsevents/speech/kohn20080417a.htm,The Changing Business of Banking: Implications for Financial Stability and Lessons from Recent Market Turmoil,2008-04-17 16:00:00+00:00,
1571,FED,testimony,https://www.federalreserve.gov/newsevents/testimony/braunstein20080417a.htm,Credit cards,2008-04-17 16:00:00+00:00,
367,FED,speech,https://www.federalreserve.gov/newsevents/speech/kroszner20080421a.htm,Developing Sustainable Capital for Community Investments,2008-04-21 16:00:00+00:00,
1572,FED,testimony,https://www.federalreserve.gov/newsevents/testimony/alvarez20080424a.htm,Sovereign wealth funds,2008-04-24 16:00:00+00:00,
1865,BOC,speech,https://www.bankofcanada.ca/2008/04/opening-statement-57/,Release of the Monetary Policy Report,2008-04-25 03:59:00+00:00,
1866,BOC,speech,https://www.bankofcanada.ca/2008/04/opening-statement-30-april-2008/,Opening Statement before the House of Commons Standing Committee on Finance,2008-05-01 03:59:00+00:00,
1867,BOC,speech,https://www.bankofcanada.ca/2008/05/opening-statement-01-may-2008/,"Opening Statement before the Standing Senate Committee on Banking, Trade and Commerce",2008-05-02 03:59:00+00:00,
368,FED,speech,https://www.federalreserve.gov/newsevents/speech/Bernanke20080505a.htm,Mortgage Delinquencies and Foreclosures,2008-05-05 16:00:00+00:00,
369,FED,speech,https://www.federalreserve.gov/newsevents/speech/kroszner20080507a.htm,Mitigating the Impact of Foreclosures on Neighborhoods,2008-05-07 16:00:00+00:00,
370,FED,speech,https://www.federalreserve.gov/newsevents/speech/bernanke20080513.htm,Liquidity Provision by the Federal Reserve,2008-05-13 16:00:00+00:00,
371,FED,speech,https://www.federalreserve.gov/newsevents/speech/kroszner20080514a.htm,Risk Management and Basel II,2008-05-14 16:00:00+00:00,
372,FED,speech,https://www.federalreserve.gov/newsevents/speech/bernanke20080515a.htm,Risk Management in Financial Institutions,2008-05-15 16:00:00+00:00,
373,FED,speech,https://www.federalreserve.gov/newsevents/speech/mishkin20080515a.htm,How Should We Respond to Asset Price Bubbles?,2008-05-15 16:00:00+00:00,
374,FED,speech,https://www.federalreserve.gov/newsevents/speech/kohn20080520a.htm,The Economic Outlook,2008-05-20 16:00:00+00:00,
375,FED,speech,https://www.federalreserve.gov/newsevents/speech/warsh20080521a.htm,The Federal Funds Rate in Extraordinary Times,2008-05-21 16:00:00+00:00,
376,FED,speech,https://www.federalreserve.gov/newsevents/speech/kroszner20080522a.htm,Prospects for Recovery and Repair of Mortgage Markets,2008-05-22 16:00:00+00:00,
1868,BOC,speech,https://www.bankofcanada.ca/2008/05/principles-for-liquid-markets/,Principles for Liquid Markets,2008-05-23 03:59:00+00:00,
377,FED,speech,https://www.federalreserve.gov/newsevents/speech/kohn20080529a.htm,Money Markets and Financial Stability,2008-05-29 16:00:00+00:00,
378,FED,speech,https://www.federalreserve.gov/newsevents/speech/bernanke20080603a.htm,Remarks on the economic outlook,2008-06-03 16:00:00+00:00,
379,FED,speech,https://www.federalreserve.gov/newsevents/speech/bernanke20080604a.htm,Remarks on Class Day 2008,2008-06-04 16:00:00+00:00,
1573,FED,testimony,https://www.federalreserve.gov/newsevents/testimony/kohn20080605a.htm,Condition of the banking system,2008-06-05 16:00:00+00:00,
380,FED,speech,https://www.federalreserve.gov/newsevents/speech/kroszner20080606a.htm,Financial Market Developments and Credit Conditions,2008-06-06 16:00:00+00:00,
381,FED,speech,https://www.federalreserve.gov/newsevents/speech/bernanke20080609a.htm,Outstanding Issues in the Analysis of Inflation,2008-06-09 16:00:00+00:00,
382,FED,speech,https://www.federalreserve.gov/newsevents/speech/Kohn20080611a.htm,Lessons for Central Bankers from a Phillips Curve Framework,2008-06-11 16:00:00+00:00,
383,FED,speech,https://www.federalreserve.gov/newsevents/speech/kroszner20080611a.htm,Protecting Consumers in the Credit Marketplace,2008-06-11 16:00:00+00:00,
384,FED,speech,https://www.federalreserve.gov/newsevents/speech/bernanke20080612a.htm,Dedication of the New Federal Reserve Bank of Kansas City Building,2008-06-12 16:00:00+00:00,
385,FED,speech,https://www.federalreserve.gov/newsevents/speech/bernanke20080616a.htm,Challenges for Health-Care Reform,2008-06-16 16:00:00+00:00,
1574,FED,testimony,https://www.federalreserve.gov/newsevents/testimony/kohn20080619a.htm,Risk management and its implications for systemic risk,2008-06-19 16:00:00+00:00,
1869,BOC,speech,https://www.bankofcanada.ca/2008/06/capitalizing-commodity-boom-role-monetary-policy/,Capitalizing on the Commodity Boom: the Role of Monetary Policy,2008-06-20 03:59:00+00:00,
1870,BOC,speech,https://www.bankofcanada.ca/2008/06/real-estate-mortgage-markets-monetary-policy/,"Real Estate, Mortgage Markets, and Monetary Policy",2008-06-24 03:59:00+00:00,
386,FED,speech,https://www.federalreserve.gov/newsevents/speech/kohn20080626a.htm,Global Economic Integration and Decoupling,2008-06-26 16:00:00+00:00,
1871,BOC,speech,https://www.bankofcanada.ca/2008/06/flexibility-versus-credibility-inflation-targeting-frameworks/,Flexibility versus Credibility in Inflation-Targeting Frameworks,2008-06-28 03:59:00+00:00,
387,FED,speech,https://www.federalreserve.gov/newsevents/speech/mishkin20080702a.htm,Global Financial Turmoil and the World Economy,2008-07-02 16:00:00+00:00,
388,FED,speech,https://www.federalreserve.gov/newsevents/speech/bernanke20080708a.htm,Financial Regulation and Financial Stability,2008-07-08 16:00:00+00:00,
1575,FED,testimony,https://www.federalreserve.gov/newsevents/testimony/parkinson20080709a.htm,Over-the-counter derivatives,2008-07-09 16:00:00+00:00,
1576,FED,testimony,https://www.federalreserve.gov/newsevents/testimony/bernanke20080710a.htm,Regulatory restructuring,2008-07-10 16:00:00+00:00,
1577,FED,testimony,https://www.federalreserve.gov/newsevents/testimony/bernanke20080715a.htm,Semiannual Monetary Policy Report to the Congress,2008-07-15 16:00:00+00:00,
389,FED,speech,https://www.federalreserve.gov/newsevents/speech/kroszner20080717a.htm,Federal Reserve&#39;s Initiatives to Support Minority-Owned Institutions and Expand Consumer Protection,2008-07-17 16:00:00+00:00,
1578,FED,testimony,https://www.federalreserve.gov/newsevents/testimony/braunstein20080717a.htm,Equal Credit Opportunity Act,2008-07-17 16:00:00+00:00,
1872,BOC,speech,https://www.bankofcanada.ca/2008/07/opening-statement-60/,Release of the Monetary Policy Report Update,2008-07-18 03:59:00+00:00,
390,FED,speech,https://www.federalreserve.gov/newsevents/speech/mishkin20080728a.htm,Whither Federal Reserve Communications,2008-07-28 16:00:00+00:00,
391,FED,speech,https://www.federalreserve.gov/newsevents/speech/warsh20080728a.htm,Remarks on covered bond framework,2008-07-28 16:00:00+00:00,
392,FED,speech,https://www.federalreserve.gov/newsevents/speech/bernanke20080822a.htm,Reducing Systemic Risk,2008-08-22 16:00:00+00:00,
1873,BOC,speech,https://www.bankofcanada.ca/2008/08/work-progress-bank-canada-response/,Work in Progress: The Bank of Canada's Response to the Financial Turbulence,2008-08-27 03:59:00+00:00,
393,FED,speech,https://www.federalreserve.gov/newsevents/speech/kroszner20080901a.htm,The United States in the International Financial System:  A Separate Reality? Resolving Two Puzzles in the International Accounts,2008-09-01 16:00:00+00:00,
394,FED,speech,https://www.federalreserve.gov/newsevents/speech/bernanke20080909a.htm,Remarks on historically black colleges and universities,2008-09-09 16:00:00+00:00,
395,FED,speech,https://www.federalreserve.gov/newsevents/speech/kohn20080911a.htm,"Comments on “Financial Regulation in a System Context,” “Beyond Leveraged Losses: The Balance Sheet Effects of the Home Price Downturn,” and “The Central Role of House Prices in the Financial Crisis: How Will the Market Clear?”",2008-09-11 16:00:00+00:00,
1874,BOC,speech,https://www.bankofcanada.ca/2008/09/measuring-inflation-methodology-misconceptions/,Measuring Inflation: Methodology and Misconceptions,2008-09-19 03:59:00+00:00,
1579,FED,testimony,https://www.federalreserve.gov/newsevents/testimony/bernanke20080923a1.htm,U.S. financial markets,2008-09-23 16:00:00+00:00,
1580,FED,testimony,https://www.federalreserve.gov/newsevents/testimony/bernanke20080924a.htm,Economic outlook,2008-09-24 16:00:00+00:00,
1875,BOC,speech,https://www.bankofcanada.ca/2008/09/reflections-recent-international-economic-developments/,Reflections on Recent International Economic Developments,2008-09-26 03:59:00+00:00,
396,FED,speech,https://www.federalreserve.gov/newsevents/speech/bernanke20081007a.htm,Current Economic and Financial Conditions,2008-10-07 16:00:00+00:00,
397,FED,speech,https://www.federalreserve.gov/newsevents/speech/bernanke20081014a.htm,Remarks,2008-10-14 16:00:00+00:00,
398,FED,speech,https://www.federalreserve.gov/newsevents/speech/bernanke20081015a.htm,Stabilizing the Financial Markets and the Economy,2008-10-15 16:00:00+00:00,
399,FED,speech,https://www.federalreserve.gov/newsevents/speech/kohn20081015a.htm,Economic Outlook,2008-10-15 16:00:00+00:00,
400,FED,speech,https://www.federalreserve.gov/newsevents/speech/kroszner20081020a.htm,Strategic Risk Management in an Interconnected World,2008-10-20 16:00:00+00:00,
1581,FED,testimony,https://www.federalreserve.gov/newsevents/testimony/bernanke20081020a.htm,Economic outlook and financial markets,2008-10-20 16:00:00+00:00,
1582,FED,testimony,https://www.federalreserve.gov/newsevents/testimony/duke20081023a.htm,Foreclosure prevention efforts and market stability,2008-10-23 14:00:00+00:00,
1876,BOC,speech,https://www.bankofcanada.ca/2008/10/opening-statement-61/,Release of the Monetary Policy Report,2008-10-24 03:59:00+00:00,
401,FED,speech,https://www.federalreserve.gov/newsevents/speech/bernanke20081031a.htm,The Future of Mortgage Finance in the United States,2008-10-31 16:00:00+00:00,
402,FED,speech,https://www.federalreserve.gov/newsevents/speech/warsh20081106a.htm,The Promise and Peril of the New Financial Architecture,2008-11-07 00:00:00+00:00,
1877,BOC,speech,https://www.bankofcanada.ca/2008/11/quest-confidence-400-years-money/,The Quest for Confidence: 400 Years of Money – from La Nouvelle France to Canada Today,2008-11-11 04:59:00+00:00,
403,FED,speech,https://www.federalreserve.gov/newsevents/speech/kohn20081112a.htm,Productivity and Innovation in Financial Services,2008-11-12 17:00:00+00:00,
404,FED,speech,https://www.federalreserve.gov/newsevents/speech/bernanke20081214a.htm,Policy Coordination Among Central Banks,2008-11-14 17:00:00+00:00,
1583,FED,testimony,https://www.federalreserve.gov/newsevents/testimony/bernanke20081118a.htm,Troubled Asset Relief Program and the Federal Reserve&#39;s liquidity facilities,2008-11-18 14:30:00+00:00,
405,FED,speech,https://www.federalreserve.gov/newsevents/speech/kohn20081119a.htm,Monetary Policy and Asset Prices Revisited,2008-11-19 17:00:00+00:00,
1878,BOC,speech,https://www.bankofcanada.ca/2008/11/building-continuous-markets/,Building Continuous Markets,2008-11-20 04:59:00+00:00,
1584,FED,testimony,https://www.federalreserve.gov/newsevents/testimony/kroszner20081120a.htm,Effects of the financial crisis on small business,2008-11-20 15:00:00+00:00,
1585,FED,testimony,https://www.federalreserve.gov/newsevents/testimony/parkinson20081120a.htm,Credit derivatives,2008-11-20 15:00:00+00:00,
1879,BOC,speech,https://www.bankofcanada.ca/2008/11/fostering-financial-system-stability/,Fostering Financial System Stability,2008-11-28 04:59:00+00:00,
406,FED,speech,https://www.federalreserve.gov/newsevents/speech/bernanke20081201a.htm,Federal Reserve Policies in the Financial Crisis,2008-12-01 18:45:00+00:00,
407,FED,speech,https://www.federalreserve.gov/newsevents/speech/kroszner20081203a.htm,The Community Reinvestment Act and the Recent Mortgage Crisis,2008-12-03 15:15:00+00:00,
408,FED,speech,https://www.federalreserve.gov/newsevents/speech/bernanke20081204a.htm,"Housing, Mortgage Markets, and Foreclosures",2008-12-04 16:15:00+00:00,
409,FED,speech,https://www.federalreserve.gov/newsevents/speech/kroszner20081204a.htm,Improving the Infrastructure for Non-Agency Mortgage-Backed Securities,2008-12-04 21:30:00+00:00,
410,FED,speech,https://www.federalreserve.gov/newsevents/speech/kroszner20081208a.htm,Assessing the Potential for Instability in Financial Markets,2008-12-08 07:30:00+00:00,
411,FED,speech,https://www.federalreserve.gov/newsevents/speech/kohn20081208a.htm,Restoring Financial Intermediation by Banks: The Role of Regulators,2008-12-08 16:00:00+00:00,
1880,BOC,speech,https://www.bankofcanada.ca/2008/12/from-hindsight-to-foresight/,From Hindsight to Foresight,2008-12-18 04:59:00+00:00,
1881,BOC,speech,https://www.bankofcanada.ca/2009/01/financial-stability-through-sound-risk-management/,Financial Stability through Sound Risk Management,2009-01-09 04:59:00+00:00,
412,FED,speech,https://www.federalreserve.gov/newsevents/speech/bernanke20090113a.htm,The Crisis and the Policy Response,2009-01-13 13:00:00+00:00,
1586,FED,testimony,https://www.federalreserve.gov/newsevents/testimony/kohn20090113a.htm,Troubled Asset Relief Program,2009-01-13 16:20:00+00:00,
1882,BOC,speech,https://www.bankofcanada.ca/2009/01/opening-statement-62/,Release of the Monetary Policy Report Update,2009-01-23 04:59:00+00:00,
1883,BOC,speech,https://www.bankofcanada.ca/2009/01/inflation-targeting-global-recession/,Inflation Targeting in a Global Recession,2009-01-28 04:59:00+00:00,
1587,FED,testimony,https://www.federalreserve.gov/newsevents/testimony/bernanke20090210a.htm,Federal Reserve programs to strengthen credit markets and the economy,2009-02-10 18:00:00+00:00,
1884,BOC,speech,https://www.bankofcanada.ca/2009/02/opening-statement-10-february-2009/,Opening Statement before the House of Commons Standing Committee on Finance,2009-02-11 04:59:00+00:00,
413,FED,speech,https://www.federalreserve.gov/newsevents/speech/duke20090211a.htm,Stabilizing the Housing Market:  Next Steps,2009-02-11 14:50:00+00:00,
414,FED,speech,https://www.federalreserve.gov/newsevents/speech/duke20090216a.htm,Stabilizing the Housing Market: Focus on Communities,2009-02-16 14:40:00+00:00,
415,FED,speech,https://www.federalreserve.gov/newsevents/speech/bernanke20090218a.htm,Federal Reserve Policies to Ease Credit and Their Implications for the Fed&#39;s Balance Sheet,2009-02-18 18:00:00+00:00,
1588,FED,testimony,https://www.federalreserve.gov/newsevents/testimony/bernanke20090224a.htm,Semiannual Monetary Policy Report to the Congress,2009-02-24 15:00:00+00:00,
416,FED,speech,https://www.federalreserve.gov/newsevents/speech/duke20090224a.htm,CRA: A Framework for the Future,2009-02-24 17:00:00+00:00,
1589,FED,testimony,https://www.federalreserve.gov/newsevents/testimony/bernanke20090303a.htm,Current economic and financial conditions and the federal budget,2009-03-03 15:00:00+00:00,
1590,FED,testimony,https://www.federalreserve.gov/newsevents/testimony/kohn20090305a.htm,American International Group,2009-03-05 15:00:00+00:00,
1885,BOC,speech,https://www.bankofcanada.ca/2009/03/opening-statement-05-march-2009/,Opening Statement before the House of Commons Standing Committee on Finance,2009-03-06 04:59:00+00:00,
417,FED,speech,https://www.federalreserve.gov/newsevents/speech/bernanke20090307a.htm,Brief Remarks,2009-03-07 20:15:00+00:00,
418,FED,speech,https://www.federalreserve.gov/newsevents/speech/bernanke20090310a.htm,Financial Reform to Address Systemic Risk,2009-03-10 12:30:00+00:00,
1591,FED,testimony,https://www.federalreserve.gov/newsevents/testimony/braunstein20090311a.htm,Mortgage lending reform,2009-03-11 14:00:00+00:00,
1886,BOC,speech,https://www.bankofcanada.ca/2009/03/financial-system-policy-responses-crisis/,Financial System Policy Responses to the Crisis,2009-03-13 03:59:00+00:00,
1592,FED,testimony,https://www.federalreserve.gov/newsevents/testimony/cole20090318a.htm,Risk management in the banking industry,2009-03-18 18:30:00+00:00,
1593,FED,testimony,https://www.federalreserve.gov/newsevents/testimony/tarullo20090319a.htm,Modernizing bank supervision and regulation,2009-03-19 12:40:00+00:00,
1594,FED,testimony,https://www.federalreserve.gov/newsevents/testimony/braunstein20090319a.htm,Protections for users of credit cards and overdraft services,2009-03-19 18:30:00+00:00,
1595,FED,testimony,https://www.federalreserve.gov/newsevents/testimony/duke20090320a.htm,Enforcement of financial consumer protection laws,2009-03-20 13:15:00+00:00,
419,FED,speech,https://www.federalreserve.gov/newsevents/speech/bernanke20090320a.htm,The Financial Crisis and Community Banking,2009-03-20 16:00:00+00:00,
1596,FED,testimony,https://www.federalreserve.gov/newsevents/testimony/bernanke20090324a.htm,American International Group,2009-03-24 13:30:00+00:00,
1597,FED,testimony,https://www.federalreserve.gov/newsevents/testimony/duke20090325a.htm,Credit availability and prudent lending standards,2009-03-25 18:10:00+00:00,
420,FED,speech,https://www.federalreserve.gov/newsevents/speech/duke20090330a.htm,A Framework for Analyzing Bank Lending,2009-03-30 15:30:00+00:00,
1887,BOC,speech,https://www.bankofcanada.ca/2009/03/what-banks-really-for/,What Are Banks Really For?,2009-03-31 03:59:00+00:00,
1888,BOC,speech,https://www.bankofcanada.ca/2009/04/rebuilding-confidence-global-economy/,Rebuilding Confidence in the Global Economy,2009-04-02 03:59:00+00:00,
421,FED,speech,https://www.federalreserve.gov/newsevents/speech/kohn20090403a.htm,Policies to Bring Us Out of the Financial Crisis and Recession,2009-04-03 13:10:00+00:00,
422,FED,speech,https://www.federalreserve.gov/newsevents/speech/bernanke20090403a.htm,The Federal Reserve&#39;s Balance Sheet,2009-04-03 16:00:00+00:00,
423,FED,speech,https://www.federalreserve.gov/newsevents/speech/warsh20090406a.htm,The Panic of 2008,2009-04-06 17:00:00+00:00,
424,FED,speech,https://www.federalreserve.gov/newsevents/speech/bernanke20090414a.htm,Four Questions about the Financial Crisis,2009-04-14 11:40:00+00:00,
425,FED,speech,https://www.federalreserve.gov/newsevents/speech/bernanke20090417a.htm,Financial Innovation and Consumer Protection,2009-04-17 16:30:00+00:00,
426,FED,speech,https://www.federalreserve.gov/newsevents/speech/kohn20090418a.htm,Monetary Policy in the Financial Crisis,2009-04-18 14:30:00+00:00,
427,FED,speech,https://www.federalreserve.gov/newsevents/speech/kohn20090420a.htm,The Economic Outlook,2009-04-20 23:30:00+00:00,
1598,FED,testimony,https://www.federalreserve.gov/newsevents/testimony/braunstein20090429a.htm,Financial literacy,2009-04-29 18:30:00+00:00,
1599,FED,testimony,https://www.federalreserve.gov/newsevents/testimony/bernanke20090505a.htm,The economic outlook,2009-05-05 14:00:00+00:00,
1889,BOC,speech,https://www.bankofcanada.ca/2009/05/opening-statement-06-may-2009/,"Opening Statement before the Standing Senate Committee on Banking, Trade and Commerce",2009-05-07 03:59:00+00:00,
428,FED,speech,https://www.federalreserve.gov/newsevents/speech/bernanke20090507a.htm,Lessons of the Financial Crisis for Banking Supervision,2009-05-07 13:30:00+00:00,
429,FED,speech,https://www.federalreserve.gov/newsevents/speech/bernanke20090511a.htm,The Supervisory Capital Assessment Program,2009-05-11 23:30:00+00:00,
1890,BOC,speech,https://www.bankofcanada.ca/2009/05/unconventional-becomes-conventional-monetary-policy/,When the Unconventional Becomes Conventional: Monetary Policy in Extraordinary Times,2009-05-20 03:59:00+00:00,
1600,FED,testimony,https://www.federalreserve.gov/newsevents/testimony/wilcox20090521a.htm,Municipal finance,2009-05-20 20:40:00+00:00,
430,FED,speech,https://www.federalreserve.gov/newsevents/speech/bernanke20090522a.htm,Commencement address,2009-05-22 18:00:00+00:00,
431,FED,speech,https://www.federalreserve.gov/newsevents/speech/kohn20090523a.htm,Interactions between Monetary and Fiscal Policy in the Current Situation,2009-05-23 20:00:00+00:00,
1601,FED,testimony,https://www.federalreserve.gov/newsevents/testimony/bernanke20090603a.htm,Current economic and financial conditions and the federal budget,2009-06-03 14:00:00+00:00,
432,FED,speech,https://www.federalreserve.gov/newsevents/speech/bernanke20090604a.htm,Welcoming Remarks,2009-06-04 12:45:00+00:00,
433,FED,speech,https://www.federalreserve.gov/newsevents/speech/tarullo20090608a.htm,Financial Regulation in the Wake of the Crisis,2009-06-08 16:30:00+00:00,
434,FED,speech,https://www.federalreserve.gov/newsevents/speech/duke20090610a.htm,The Systemic Importance of Consumer Protection,2009-06-10 16:15:00+00:00,
1602,FED,testimony,https://www.federalreserve.gov/newsevents/testimony/alvarez20090611a.htm,Executive compensation,2009-06-12 02:00:00+00:00,
1891,BOC,speech,https://www.bankofcanada.ca/2009/06/rebalancing-global-economy/,Rebalancing the Global Economy,2009-06-12 03:59:00+00:00,
435,FED,speech,https://www.federalreserve.gov/newsevents/speech/tarullo20090615a.htm,Large Banks and Small Banks in an Era of Systemic Risk Regulation,2009-06-15 12:45:00+00:00,
436,FED,speech,https://www.federalreserve.gov/newsevents/speech/duke20090616a.htm,Containing the Crisis and Promoting Economic Recovery,2009-06-15 22:00:00+00:00,
437,FED,speech,https://www.federalreserve.gov/newsevents/speech/warsh20090616a.htm,Defining Deviancy,2009-06-16 17:15:00+00:00,
438,FED,speech,https://www.federalreserve.gov/newsevents/speech/bernanke20090617a.htm,Community Development Financial Institutions: Challenges and Opportunities,2009-06-17 13:00:00+00:00,
1892,BOC,speech,https://www.bankofcanada.ca/2009/06/green-shoots-harvest-comments-financial-stability/,From Green Shoots to the Harvest: Comments on Financial Stability,2009-06-19 03:59:00+00:00,
1603,FED,testimony,https://www.federalreserve.gov/newsevents/testimony/white20090622a.htm,Over-the-counter derivatives,2009-06-22 19:00:00+00:00,
1604,FED,testimony,https://www.federalreserve.gov/newsevents/testimony/bernanke20090625a.htm,Acquisition of Merrill Lynch by Bank of America,2009-06-25 14:00:00+00:00,
439,FED,speech,https://www.federalreserve.gov/newsevents/speech/bernanke20090626a.htm,Brief Remarks,2009-06-26 18:00:00+00:00,
440,FED,speech,https://www.federalreserve.gov/newsevents/speech/duke20090709a.htm,Federal Reserve&#39;s Initiatives to Support Minority-Owned Institutions,2009-07-09 13:00:00+00:00,
1605,FED,testimony,https://www.federalreserve.gov/newsevents/testimony/greenlee20090709a.htm,Commercial real estate,2009-07-09 14:00:00+00:00,
1606,FED,testimony,https://www.federalreserve.gov/newsevents/testimony/kohn20090709a.htm,Federal Reserve independence,2009-07-09 16:30:00+00:00,
441,FED,speech,https://www.federalreserve.gov/newsevents/speech/kohn20090710a.htm,Comments on &quot;Financial Intermediation and the Post-Crisis Financial System&quot;,2009-07-10 16:00:00+00:00,
1607,FED,testimony,https://www.federalreserve.gov/newsevents/testimony/duke20090716a.htm,Consumer protection,2009-07-16 15:20:00+00:00,
1608,FED,testimony,https://www.federalreserve.gov/newsevents/testimony/bernanke20090721a.htm,Semiannual Monetary Policy Report to the Congress,2009-07-21 14:00:00+00:00,
1609,FED,testimony,https://www.federalreserve.gov/newsevents/testimony/tarullo20090723a.htm,Regulatory restructuring,2009-07-23 13:10:00+00:00,
1610,FED,testimony,https://www.federalreserve.gov/newsevents/testimony/bernanke20090724a.htm,Regulatory restructuring,2009-07-24 13:10:00+00:00,
1611,FED,testimony,https://www.federalreserve.gov/newsevents/testimony/tarullo20090804a.htm,Bank supervision,2009-08-04 12:30:00+00:00,
442,FED,speech,https://www.federalreserve.gov/newsevents/speech/bernanke20090821a.htm,Reflections on a Year of Crisis,2009-08-21 14:00:00+00:00,
443,FED,speech,https://www.federalreserve.gov/newsevents/speech/madigan20090821a.htm,Bagehot&#39;s Dictum in Practice: Formulating and Implementing Policies to Combat the Financial Crisis,2009-08-21 16:45:00+00:00,
1893,BOC,speech,https://www.bankofcanada.ca/2009/08/some-considerations-using-monetary-policy/,Some Considerations on Using Monetary Policy to Stabilize Economic Activity,2009-08-23 03:59:00+00:00,
444,FED,speech,https://www.federalreserve.gov/newsevents/speech/tarullo20090825a.htm,The Community Affairs Function at the Federal Reserve,2009-08-25 14:30:00+00:00,
1894,BOC,speech,https://www.bankofcanada.ca/2009/08/canadian-economy-beyond-recession/,The Canadian Economy Beyond the Recession,2009-08-26 03:59:00+00:00,
445,FED,speech,https://www.federalreserve.gov/newsevents/speech/kohn20090910a.htm,Comments on &quot;Interpreting the Unconventional U.S. Monetary Policy of 2007-2009&quot;,2009-09-10 20:15:00+00:00,
446,FED,speech,https://www.federalreserve.gov/newsevents/speech/duke20090914a.htm,Regulatory Perspectives on the Changing Accounting Landscape,2009-09-14 12:35:00+00:00,
1895,BOC,speech,https://www.bankofcanada.ca/2009/09/promoting-canada-economic-financial-well-being/,Promoting Canada's economic and financial well-being,2009-09-24 03:59:00+00:00,
447,FED,speech,https://www.federalreserve.gov/newsevents/speech/warsh20090925a.htm,"Longer Days, Fewer Weekends",2009-09-25 17:15:00+00:00,
1612,FED,testimony,https://www.federalreserve.gov/newsevents/testimony/alvarez20090925a.htm,Federal Reserve Transparency,2009-09-25 18:00:00+00:00,
448,FED,speech,https://www.federalreserve.gov/newsevents/speech/bernanke20090925a.htm,Brief Remarks,2009-09-26 01:00:00+00:00,
1896,BOC,speech,https://www.bankofcanada.ca/2009/09/the-three-rs-review-reflect-reaffirm/,"The Three Rs: Review, Reflect, and Reaffirm",2009-09-29 03:59:00+00:00,
449,FED,speech,https://www.federalreserve.gov/newsevents/speech/kohn20090930a.htm,Central Bank Exit Policies,2009-09-30 16:35:00+00:00,
1613,FED,testimony,https://www.federalreserve.gov/newsevents/testimony/tarullo20090930a.htm,International cooperation to modernize financial regulation,2009-09-30 18:30:00+00:00,
1614,FED,testimony,https://www.federalreserve.gov/newsevents/testimony/bernanke20091001a.htm,Regulatory reform,2009-10-01 13:00:00+00:00,
450,FED,speech,https://www.federalreserve.gov/newsevents/speech/tarullo20091008a.htm,In the Wake of the Crisis,2009-10-08 19:35:00+00:00,
451,FED,speech,https://www.federalreserve.gov/newsevents/speech/bernanke20091008a.htm,The Federal Reserve&#39;s Balance Sheet: An Update,2009-10-08 23:00:00+00:00,
1897,BOC,speech,https://www.bankofcanada.ca/2009/10/central-banking-canada-meeting-today-tomorrow-challenges/,Central Banking in Canada: Meeting Today's and Tomorrow's Challenges,2009-10-09 03:59:00+00:00,
452,FED,speech,https://www.federalreserve.gov/newsevents/speech/kohn20091009a.htm,Monetary Policy Research and the Financial Crisis: Strengths and Shortcomings,2009-10-09 16:15:00+00:00,
453,FED,speech,https://www.federalreserve.gov/newsevents/speech/kohn20091013a.htm,The Economic Outlook,2009-10-13 17:47:00+00:00,
1615,FED,testimony,https://www.federalreserve.gov/newsevents/testimony/tarullo20091014a.htm,State of the banking industry,2009-10-14 17:45:00+00:00,
454,FED,speech,https://www.federalreserve.gov/newsevents/speech/bernanke20091019a.htm,Asia and the Global Financial Crisis,2009-10-19 15:00:00+00:00,
455,FED,speech,https://www.federalreserve.gov/newsevents/speech/tarullo20091021a.htm,Confronting Too Big to Fail,2009-10-21 17:00:00+00:00,
456,FED,speech,https://www.federalreserve.gov/newsevents/speech/bernanke20091023a.htm,Financial Regulation and Supervision after the Crisis: The Role of the Federal Reserve,2009-10-23 12:30:00+00:00,
457,FED,speech,https://www.federalreserve.gov/newsevents/speech/kohn20091023a.htm,International Perspective on the Crisis and Response,2009-10-23 15:30:00+00:00,
1898,BOC,speech,https://www.bankofcanada.ca/2009/10/reforming-global-financial-system/,Reforming the Global Financial System,2009-10-27 03:59:00+00:00,
1899,BOC,speech,https://www.bankofcanada.ca/2009/10/opening-statement-27-october-2009/,Opening Statement before the House of Commons Standing Committee on Finance,2009-10-28 03:59:00+00:00,
1900,BOC,speech,https://www.bankofcanada.ca/2009/10/opening-statement-28-october-2009/,"Opening Statement before the Standing Senate Committee on Banking, Trade and Commerce",2009-10-29 03:59:00+00:00,
1616,FED,testimony,https://www.federalreserve.gov/newsevents/testimony/tarullo20091029a.htm,Regulatory reform,2009-10-29 12:45:00+00:00,
1617,FED,testimony,https://www.federalreserve.gov/newsevents/testimony/greenlee20091102a.htm,Residential and commercial real estate,2009-11-02 16:30:00+00:00,
458,FED,speech,https://www.federalreserve.gov/newsevents/speech/tarullo20091102a.htm,"Incentive Compensation, Risk Management, and Safety and Soundness",2009-11-02 20:00:00+00:00,
459,FED,speech,https://www.federalreserve.gov/newsevents/speech/tarullo20091109a.htm,Financial Regulation: Past and Future,2009-11-10 00:00:00+00:00,
460,FED,speech,https://www.federalreserve.gov/newsevents/speech/tarullo20091110a.htm,Supervising and Resolving Large Financial Institutions,2009-11-10 20:30:00+00:00,
461,FED,speech,https://www.federalreserve.gov/newsevents/speech/bernanke20091116a.htm,On the Outlook for the Economy and Policy,2009-11-16 17:15:00+00:00,
462,FED,speech,https://www.federalreserve.gov/newsevents/speech/kohn20091116a.htm,Policy Challenges for the Federal Reserve,2009-11-16 23:15:00+00:00,
1901,BOC,speech,https://www.bankofcanada.ca/2009/11/evolution-international-monetary-system/,The Evolution of the International Monetary System,2009-11-20 04:59:00+00:00,
1618,FED,testimony,https://www.federalreserve.gov/newsevents/testimony/greenlee20091130a.htm,Small business lending,2009-11-30 16:00:00+00:00,
1619,FED,testimony,https://www.federalreserve.gov/newsevents/testimony/bernanke20091203a.htm,Confirmation hearing,2009-12-03 15:00:00+00:00,
463,FED,speech,https://www.federalreserve.gov/newsevents/speech/bernanke20091207a.htm,Frequently Asked Questions,2009-12-07 17:45:00+00:00,
464,FED,speech,https://www.federalreserve.gov/newsevents/speech/duke20091209a.htm,Keys to Successful Neighborhood Stabilization,2009-12-09 13:40:00+00:00,
465,FED,speech,https://www.federalreserve.gov/newsevents/speech/duke20091210a.htm,Envisioning a Future for Housing Finance,2009-12-10 18:45:00+00:00,
1902,BOC,speech,https://www.bankofcanada.ca/2009/12/current-issues-in-household-finances/,Current Issues in Household Finances,2009-12-17 04:59:00+00:00,
466,FED,speech,https://www.federalreserve.gov/newsevents/speech/kohn20100103a.htm,"Monetary Policy in the Crisis: Past, Present, and Future",2010-01-03 15:15:00+00:00,
467,FED,speech,https://www.federalreserve.gov/newsevents/speech/bernanke20100103a.htm,Monetary Policy and the Housing Bubble,2010-01-03 15:30:00+00:00,
468,FED,speech,https://www.federalreserve.gov/newsevents/speech/duke20100104a.htm,The Economic Outlook,2010-01-04 18:00:00+00:00,
1903,BOC,speech,https://www.bankofcanada.ca/2010/01/canada-housing-sector-recession-recovery-beyond-bricks/,Canada's Housing Sector in Recession and Recovery: Beyond Bricks and Mortar,2010-01-12 04:59:00+00:00,
1620,FED,testimony,https://www.federalreserve.gov/newsevents/testimony/greenlee20100127a.htm,Commercial Real Estate,2010-01-27 15:00:00+00:00,
469,FED,speech,https://www.federalreserve.gov/newsevents/speech/kohn20100129a.htm,Focusing on Bank Interest Rate Risk Exposure,2010-01-29 13:15:00+00:00,
470,FED,speech,https://www.federalreserve.gov/newsevents/speech/warsh20100203a.htm,Regulation and Its Discontents,2010-02-03 18:00:00+00:00,
471,FED,speech,https://www.federalreserve.gov/newsevents/speech/bernanke20100203a.htm,Swearing-In Ceremony Remarks,2010-02-03 19:30:00+00:00,
1904,BOC,speech,https://www.bankofcanada.ca/2010/02/the-coming-thaw/,The Coming Thaw,2010-02-05 04:59:00+00:00,
1621,FED,testimony,https://www.federalreserve.gov/newsevents/testimony/bernanke20100210a.htm,Federal Reserve&#39;s exit strategy,2010-02-10 15:00:00+00:00,
1622,FED,testimony,https://www.federalreserve.gov/newsevents/testimony/tarullo20100212a.htm,Equipping financial regulators with the tools necessary to monitor systemic risk,2010-02-12 19:30:00+00:00,
1905,BOC,speech,https://www.bankofcanada.ca/2010/02/liquidity-facilities-past-present-future/,"Bank of Canada Liquidity Facilities: Past, Present, and Future",2010-02-18 04:59:00+00:00,
472,FED,speech,https://www.federalreserve.gov/newsevents/speech/duke20100218a.htm,Unusual and Exigent: My First Year at the Fed,2010-02-18 23:00:00+00:00,
1623,FED,testimony,https://www.federalreserve.gov/newsevents/testimony/bernanke20100224a.htm,Semiannual Monetary Policy Report to the Congress,2010-02-24 14:00:00+00:00,
1624,FED,testimony,https://www.federalreserve.gov/newsevents/testimony/alvarez20100225a.htm,Incentive compensation,2010-02-25 16:00:00+00:00,
473,FED,speech,https://www.federalreserve.gov/newsevents/speech/tarullo20100226a.htm,Financial Regulatory Reform,2010-02-26 18:30:00+00:00,
1625,FED,testimony,https://www.federalreserve.gov/newsevents/testimony/duke20100226a.htm,Small business lending,2010-02-26 22:35:00+00:00,
1906,BOC,speech,https://www.bankofcanada.ca/2010/03/principles-interesting-times/,Principles for Interesting Times,2010-03-12 04:59:00+00:00,
1626,FED,testimony,https://www.federalreserve.gov/newsevents/testimony/bernanke20100317a.htm,The Federal Reserve&#39;s role in bank supervision,2010-03-17 11:50:00+00:00,
1627,FED,testimony,https://www.federalreserve.gov/newsevents/testimony/greenlee20100318a.htm,Insurance holding company supervision,2010-03-18 19:28:00+00:00,
474,FED,speech,https://www.federalreserve.gov/newsevents/speech/tarullo20100318a.htm,Toward an Effective Resolution Regime for Large Financial Institutions,2010-03-18 22:40:00+00:00,
475,FED,speech,https://www.federalreserve.gov/newsevents/speech/bernanke20100320a.htm,Preserving a Central Role for Community Banking,2010-03-20 13:00:00+00:00,
1628,FED,testimony,https://www.federalreserve.gov/newsevents/testimony/braunstein20100323a.htm,Credit scoring,2010-03-24 20:00:00+00:00,
476,FED,speech,https://www.federalreserve.gov/newsevents/speech/kohn20100324a.htm,Homework Assignments for Monetary Policymakers,2010-03-25 00:00:00+00:00,
1907,BOC,speech,https://www.bankofcanada.ca/2010/03/virtue-productivity-wicked-world/,The Virtue of Productivity in a Wicked World,2010-03-25 03:59:00+00:00,
1629,FED,testimony,https://www.federalreserve.gov/newsevents/testimony/bernanke20100325a.htm,Federal Reserve&#39;s exit strategy,2010-03-25 14:00:00+00:00,
477,FED,speech,https://www.federalreserve.gov/newsevents/speech/warsh20100326a.htm,An Ode to Independence,2010-03-26 15:30:00+00:00,
478,FED,speech,https://www.federalreserve.gov/newsevents/speech/tarullo20100326a.htm,Lessons from the Crisis Stress Tests,2010-03-26 22:00:00+00:00,
1908,BOC,speech,https://www.bankofcanada.ca/2010/03/beyond-recovery-sustaining-economic-growth/,Beyond Recovery: Sustaining Economic Growth,2010-03-30 03:59:00+00:00,
479,FED,speech,https://www.federalreserve.gov/newsevents/speech/duke20100331a.htm,Restoring Credit to Communities,2010-03-31 16:30:00+00:00,
480,FED,speech,https://www.federalreserve.gov/newsevents/speech/20100407a.htm,"Economic Challenges: Past, Present, and Future",2010-04-07 17:30:00+00:00,
481,FED,speech,https://www.federalreserve.gov/newsevents/speech/duke20100408a.htm,The Importance of Financial Education,2010-04-08 12:30:00+00:00,
482,FED,speech,https://www.federalreserve.gov/newsevents/speech/kohn20100408a.htm,The Economic Outlook,2010-04-08 20:00:00+00:00,
483,FED,speech,https://www.federalreserve.gov/newsevents/speech/bernanke20100408a.htm,Economic Policy:  Lessons from History,2010-04-09 00:30:00+00:00,
484,FED,speech,https://www.federalreserve.gov/newsevents/speech/tarullo20100408a.htm,The Present and Future of Community Banking,2010-04-09 02:30:00+00:00,
485,FED,speech,https://www.federalreserve.gov/newsevents/speech/tarullo20100413a.htm,Involving Markets and the Public in Financial Regulation,2010-04-13 14:45:00+00:00,
486,FED,speech,https://www.federalreserve.gov/newsevents/speech/bernanke20100413a.htm,Fostering Financial Literacy,2010-04-13 23:00:00+00:00,
1630,FED,testimony,https://www.federalreserve.gov/newsevents/testimony/bernanke20100414a.htm,Economic outlook,2010-04-14 14:00:00+00:00,
487,FED,speech,https://www.federalreserve.gov/newsevents/speech/duke20100419a.htm,Issues in Economic Development,2010-04-19 20:00:00+00:00,
1631,FED,testimony,https://www.federalreserve.gov/newsevents/testimony/bernanke20100420a.htm,Lessons from the failure of Lehman Brothers,2010-04-20 18:23:00+00:00,
488,FED,speech,https://www.federalreserve.gov/newsevents/speech/bernanke20100421a.htm,Brief Remarks,2010-04-21 14:15:00+00:00,
489,FED,speech,https://www.federalreserve.gov/newsevents/speech/bernanke20100427a.htm,Achieving Fiscal Sustainability,2010-04-27 14:00:00+00:00,
490,FED,speech,https://www.federalreserve.gov/newsevents/speech/duke20100501a.htm,Women and Money: Challenging the Myths,2010-05-01 17:00:00+00:00,
491,FED,speech,https://www.federalreserve.gov/newsevents/speech/bernanke20100506a.htm,The Supervisory Capital Assessment Program--One Year Later,2010-05-06 13:30:00+00:00,
1909,BOC,speech,https://www.bankofcanada.ca/2010/05/is-there-a-commodity-curse/,Is There a Commodity Curse? Lessons from the Past,2010-05-07 03:59:00+00:00,
492,FED,speech,https://www.federalreserve.gov/newsevents/speech/bernanke20100508a.htm,The Economics of Happiness,2010-05-08 13:30:00+00:00,
493,FED,speech,https://www.federalreserve.gov/newsevents/speech/kohn20100511a.htm,Global Imbalances,2010-05-11 07:00:00+00:00,
494,FED,speech,https://www.federalreserve.gov/newsevents/speech/kohn20100513a.htm,The Federal Reserve&#39;s Policy Actions during the Financial Crisis and Lessons for the Future,2010-05-13 13:00:00+00:00,
1632,FED,testimony,https://www.federalreserve.gov/newsevents/testimony/tarullo20100520a.htm,International response to European debt problems,2010-05-20 14:52:00+00:00,
495,FED,speech,https://www.federalreserve.gov/newsevents/speech/bernanke20100525a.htm,"Central Bank Independence, Transparency, and Accountability",2010-05-26 00:30:00+00:00,
1633,FED,testimony,https://www.federalreserve.gov/newsevents/testimony/alvarez20100526a.htm,Government assistance to AIG,2010-05-26 14:00:00+00:00,
1910,BOC,speech,https://www.bankofcanada.ca/2010/05/senate-committee-on-national-finance/,Senate Committee on National Finance,2010-05-27 03:59:00+00:00,
496,FED,speech,https://www.federalreserve.gov/newsevents/speech/bernanke20100530a.htm,The Policy Response to the Crisis in Korea and Other Emerging Market Economies,2010-05-31 00:25:00+00:00,
497,FED,speech,https://www.federalreserve.gov/newsevents/speech/bernanke20100603a.htm,Brief Remarks,2010-06-03 15:15:00+00:00,
498,FED,speech,https://www.federalreserve.gov/newsevents/speech/duke20100608a.htm,Moving Beyond the Financial Crisis,2010-06-08 12:25:00+00:00,
1634,FED,testimony,https://www.federalreserve.gov/newsevents/testimony/bernanke20100609a.htm,Economic and financial conditions and the federal budget,2010-06-09 14:00:00+00:00,
499,FED,speech,https://www.federalreserve.gov/newsevents/speech/bernanke20100609a.htm,Fostering Workforce Development,2010-06-09 20:00:00+00:00,
500,FED,speech,https://www.federalreserve.gov/newsevents/speech/bernanke20100616a.htm,Remarks on &quot;The Squam Lake Report: Fixing the Financial System&quot;,2010-06-16 21:45:00+00:00,
1911,BOC,speech,https://www.bankofcanada.ca/2010/06/fortune-favours-the-bold/,Fortune Favours the Bold,2010-06-17 03:59:00+00:00,
1912,BOC,speech,https://www.bankofcanada.ca/2010/06/fortune-favours-the-bold-2/,Fortune Favours the Bold,2010-06-19 03:59:00+00:00,
1913,BOC,speech,https://www.bankofcanada.ca/2010/06/risks-canadas-financial-stability-uncertain-world/,Risks to Canada's Financial Stability in an Uncertain World,2010-06-23 03:59:00+00:00,
501,FED,speech,https://www.federalreserve.gov/newsevents/speech/warsh20100628a.htm,It&#39;s Greek to Me,2010-06-28 16:45:00+00:00,
502,FED,speech,https://www.federalreserve.gov/newsevents/speech/duke20100630a.htm,Fostering a Healthy Credit Environment,2010-06-30 13:00:00+00:00,
503,FED,speech,https://www.federalreserve.gov/newsevents/speech/bernanke20100712a.htm,Restoring the Flow of Credit to Small Businesses,2010-07-12 14:00:00+00:00,
504,FED,speech,https://www.federalreserve.gov/newsevents/speech/duke20100712a.htm,Small Business Credit: Next Steps,2010-07-12 21:15:00+00:00,
505,FED,speech,https://www.federalreserve.gov/newsevents/speech/duke20100715a.htm,Opening Remarks,2010-07-15 12:30:00+00:00,
1635,FED,testimony,https://www.federalreserve.gov/newsevents/testimony/tarullo20100720a.htm,International cooperation and financial regulatory modernization,2010-07-20 14:00:00+00:00,
1636,FED,testimony,https://www.federalreserve.gov/newsevents/testimony/roseman20100720a.htm,The state of U.S. coins and currency,2010-07-20 20:25:00+00:00,
1637,FED,testimony,https://www.federalreserve.gov/newsevents/testimony/bernanke20100721a.htm,Semiannual Monetary Policy Report to the Congress,2010-07-21 18:00:00+00:00,
506,FED,speech,https://www.federalreserve.gov/newsevents/speech/bernanke20100802a.htm,Challenges for the Economy and State Governments,2010-08-02 14:15:00+00:00,
507,FED,speech,https://www.federalreserve.gov/newsevents/speech/bernanke20100827a.htm,The Economic Outlook and Monetary Policy,2010-08-27 14:00:00+00:00,
1638,FED,testimony,https://www.federalreserve.gov/newsevents/testimony/alvarez20100901a.htm,The Acquisition of Wachovia Corporation by Wells Fargo &amp; Company,2010-09-01 13:02:00+00:00,
508,FED,speech,https://www.federalreserve.gov/newsevents/speech/duke20100901a.htm,Stabilizing Neighborhoods:  Lessons Learned from the Field,2010-09-01 14:45:00+00:00,
1639,FED,testimony,https://www.federalreserve.gov/newsevents/testimony/bernanke20100902a.htm,Causes of the Recent Financial and Economic Crisis,2010-09-02 13:02:00+00:00,
1914,BOC,speech,https://www.bankofcanada.ca/2010/09/restoring-faith-international-monetary-system/,Restoring Faith in the International Monetary System,2010-09-11 03:59:00+00:00,
1915,BOC,speech,https://www.bankofcanada.ca/2010/09/bundesbank-lecture-2010-economic-consequences-reforms/,Bundesbank Lecture 2010: The Economic Consequences of the Reforms,2010-09-15 03:59:00+00:00,
509,FED,speech,https://www.federalreserve.gov/newsevents/speech/tarullo20100917a.htm,Comments on &quot;Regulating the Shadow Banking System&quot;,2010-09-17 15:30:00+00:00,
510,FED,speech,https://www.federalreserve.gov/newsevents/speech/duke20100924a.htm,Opening Remarks,2010-09-24 13:00:00+00:00,
1640,FED,testimony,https://www.federalreserve.gov/newsevents/testimony/alvarez20100924a.htm,Incentive Compensation,2010-09-24 20:10:00+00:00,
511,FED,speech,https://www.federalreserve.gov/newsevents/speech/bernanke20100924a.htm,Implications of the Financial Crisis for Economics,2010-09-24 20:30:00+00:00,
512,FED,speech,https://www.federalreserve.gov/newsevents/speech/bernanke20100930a.htm,Welcoming Remarks,2010-09-30 18:30:00+00:00,
1641,FED,testimony,https://www.federalreserve.gov/newsevents/testimony/bernanke20100930a.htm,Regulatory Reform Implementation,2010-09-30 20:20:00+00:00,
1916,BOC,speech,https://www.bankofcanada.ca/2010/09/employment-in-a-modest-recovery/,Employment in a Modest Recovery,2010-10-01 03:59:00+00:00,
513,FED,speech,https://www.federalreserve.gov/newsevents/speech/bernanke20101004a.htm,Fiscal Sustainability and Fiscal Rules,2010-10-04 23:30:00+00:00,
1917,BOC,speech,https://www.bankofcanada.ca/2010/10/reflections-on-monetary-policy-after-the-great-recession/,Reflections on Monetary Policy After the Great Recession,2010-10-06 03:59:00+00:00,
514,FED,speech,https://www.federalreserve.gov/newsevents/speech/yellen20101011a.htm,Macroprudential Supervision and Monetary Policy in the Post-crisis World,2010-10-11 18:45:00+00:00,
515,FED,speech,https://www.federalreserve.gov/newsevents/speech/bernanke20101015a.htm,Monetary Policy Objectives and Tools in a Low-Inflation Environment,2010-10-15 12:15:00+00:00,
516,FED,speech,https://www.federalreserve.gov/newsevents/speech/bernanke20101019a.htm,Brief Remarks,2010-10-19 20:00:00+00:00,
517,FED,speech,https://www.federalreserve.gov/newsevents/speech/duke20101019a.htm,Come with Me to the FOMC,2010-10-19 23:00:00+00:00,
518,FED,speech,https://www.federalreserve.gov/newsevents/speech/bernanke20101025a.htm,Welcoming Remarks,2010-10-25 12:30:00+00:00,
1918,BOC,speech,https://www.bankofcanada.ca/2010/10/opening-statement-26-october-2010/,Opening Statement before the House of Commons Standing Committee on Finance,2010-10-27 03:59:00+00:00,
1919,BOC,speech,https://www.bankofcanada.ca/2010/10/opening-statement-27-october-2010/,"Opening Statement before the Standing Senate Committee on Banking, Trade and Commerce",2010-10-28 03:59:00+00:00,
519,FED,speech,https://www.federalreserve.gov/newsevents/speech/warsh20101108a.htm,Rejecting the Requiem,2010-11-08 20:30:00+00:00,
1920,BOC,speech,https://www.bankofcanada.ca/2010/11/looking-back-moving-forward/,"Looking Back, Moving Forward: Canada and Global Financial Reform",2010-11-10 04:59:00+00:00,
520,FED,speech,https://www.federalreserve.gov/newsevents/speech/tarullo20101112a.htm,Next Steps in Financial Regulatory Reform,2010-11-12 13:35:00+00:00,
521,FED,speech,https://www.federalreserve.gov/newsevents/speech/raskin20101112a.htm,Problems in the Mortgage Servicing Industry,2010-11-12 21:35:00+00:00,
1642,FED,testimony,https://www.federalreserve.gov/newsevents/testimony/duke20101118a.htm,Foreclosure documentation issues,2010-11-18 20:00:00+00:00,
1921,BOC,speech,https://www.bankofcanada.ca/2010/11/where-the-economy-and-finance-meet/,Where the Economy and Finance Meet,2010-11-19 04:59:00+00:00,
522,FED,speech,https://www.federalreserve.gov/newsevents/speech/bernanke20101119a.htm,Rebalancing the Global Recovery,2010-11-20 02:00:00+00:00,
523,FED,speech,https://www.federalreserve.gov/newsevents/speech/bernanke20101119b.htm,Emerging from the Crisis: Where Do We Stand?,2010-11-20 02:00:00+00:00,
524,FED,speech,https://www.federalreserve.gov/newsevents/speech/yellen20101201a.htm,Fiscal Responsibility and Global Rebalancing,2010-12-01 14:10:00+00:00,
1643,FED,testimony,https://www.federalreserve.gov/newsevents/testimony/tarullo20101201a.htm,Problems in mortgage servicing,2010-12-01 14:30:00+00:00,
525,FED,speech,https://www.federalreserve.gov/newsevents/speech/duke20101202a.htm,Developments in the Landscape for Consumer Credit and Payments,2010-12-02 19:00:00+00:00,
1922,BOC,speech,https://www.bankofcanada.ca/2010/12/living-with-low-for-long/,Living with Low for Long,2010-12-14 04:59:00+00:00,
1644,FED,testimony,https://www.federalreserve.gov/newsevents/testimony/bernanke20110107a.htm,The Economic Outlook and Monetary and Fiscal Policy,2011-01-07 14:30:00+00:00,
526,FED,speech,https://www.federalreserve.gov/newsevents/speech/duke20110107a.htm,The Economic Outlook,2011-01-07 18:30:00+00:00,
527,FED,speech,https://www.federalreserve.gov/newsevents/speech/yellen20110108a.htm,The Federal Reserve&#39;s Asset Purchase Program,2011-01-08 21:30:00+00:00,
1923,BOC,speech,https://www.bankofcanada.ca/2011/01/household-finances-and-economic-growth/,Household Finances and Economic Growth,2011-01-11 04:59:00+00:00,
2274,FED,statement,https://www.federalreserve.gov/newsevents/pressreleases/monetary20110126a.htm,FOMC statement,2011-01-26 19:15:00+00:00,2011-01-26
1924,BOC,speech,https://www.bankofcanada.ca/2011/02/canada-competitive-imperative-investing/,Canada's Competitive Imperative: Investing in Productivity Gains,2011-02-02 04:59:00+00:00,
528,FED,speech,https://www.federalreserve.gov/newsevents/speech/duke20110202a.htm,From Community Banker to Central Banker--My Journey,2011-02-02 22:30:00+00:00,
1925,BOC,speech,https://www.bankofcanada.ca/2011/02/canada-competitive-imperative-investing-2/,Canada’s Competitive Imperative: Investing in Productivity Gains,2011-02-03 04:59:00+00:00,
529,FED,speech,https://www.federalreserve.gov/newsevents/speech/bernanke20110203a.htm,The Economic Outlook and Macroeconomic Policy,2011-02-03 17:30:00+00:00,
1645,FED,testimony,https://www.federalreserve.gov/newsevents/testimony/parkinson20110204a.htm,Commercial Real Estate,2011-02-04 15:00:00+00:00,
1646,FED,testimony,https://www.federalreserve.gov/newsevents/testimony/bernanke20110209a.htm,The Economic Outlook and Monetary and Fiscal Policy,2011-02-09 15:00:00+00:00,
1926,BOC,speech,https://www.bankofcanada.ca/2011/02/commodity-prices-longe-short-of-it/,Commodity Prices: The Long and the Short of It,2011-02-11 04:59:00+00:00,
530,FED,speech,https://www.federalreserve.gov/newsevents/speech/raskin20110211a.htm,Putting the Low Road Behind Us,2011-02-12 02:00:00+00:00,
1647,FED,testimony,https://www.federalreserve.gov/newsevents/testimony/tarullo20110215a.htm,"Assessing the regulatory, economic, and market implications of the Dodd-Frank derivatives title",2011-02-15 21:55:00+00:00,
1648,FED,testimony,https://www.federalreserve.gov/newsevents/testimony/raskin20110217a.htm,Interchange fees,2011-02-17 15:00:00+00:00,
1649,FED,testimony,https://www.federalreserve.gov/newsevents/testimony/bernanke20110217a.htm,Implementation of the Dodd-Frank Act,2011-02-17 22:57:00+00:00,
531,FED,speech,https://www.federalreserve.gov/newsevents/speech/bernanke20110218a.htm,Global Imbalances: Links to Economic and Financial Stability,2011-02-18 13:00:00+00:00,
532,FED,speech,https://www.federalreserve.gov/newsevents/speech/yellen20110225a.htm,Unconventional Monetary Policy and Central Bank Communications,2011-02-25 18:30:00+00:00,
1650,FED,testimony,https://www.federalreserve.gov/newsevents/testimony/bernanke20110301a.htm,Semiannual Monetary Policy Report to the Congress,2011-03-01 15:00:00+00:00,
533,FED,speech,https://www.federalreserve.gov/newsevents/speech/bernanke20110302a.htm,Challenges for State and Local Governments,2011-03-03 01:00:00+00:00,
534,FED,speech,https://www.federalreserve.gov/newsevents/speech/yellen20110304a.htm,Improving the International Monetary and Financial System,2011-03-04 15:00:00+00:00,
1651,FED,testimony,https://www.federalreserve.gov/newsevents/testimony/nelson20110304a.htm,Term Asset-Backed Securities Loan Facility,2011-03-04 15:00:00+00:00,
2275,FED,statement,https://www.federalreserve.gov/newsevents/pressreleases/monetary20110315a.htm,FOMC statement,2011-03-15 18:15:00+00:00,2011-03-15
535,FED,speech,https://www.federalreserve.gov/newsevents/speech/bernanke20110323a.htm,Community Banking in a Period of Recovery and Change,2011-03-23 16:00:00+00:00,
536,FED,speech,https://www.federalreserve.gov/newsevents/speech/duke20110324a.htm,Changed Circumstances: The Impact of the Financial Crisis on the Economic Condition of Workers Near Retirement and of Business Owners,2011-03-24 23:30:00+00:00,
1927,BOC,speech,https://www.bankofcanada.ca/2011/03/paradigm-shifts-global-imbalances/,"The Paradigm Shifts: Global Imbalances, Policy, and Latin America",2011-03-27 03:59:00+00:00,
1928,BOC,speech,https://www.bankofcanada.ca/2011/03/great-recession-canada-perception-reality/,The “Great” Recession in Canada: Perception vs. Reality,2011-03-29 03:59:00+00:00,
537,FED,speech,https://www.federalreserve.gov/newsevents/speech/tarullo20110331a.htm,Regulating Systemic Risk,2011-03-31 16:45:00+00:00,
538,FED,speech,https://www.federalreserve.gov/newsevents/speech/bernanke20110404a.htm,"Clearinghouses, Financial Stability, and Financial Reform",2011-04-04 23:15:00+00:00,
1652,FED,testimony,https://www.federalreserve.gov/newsevents/testimony/hunter20110406a.htm,Community banking,2011-04-06 19:00:00+00:00,
539,FED,speech,https://www.federalreserve.gov/newsevents/speech/raskin20110407a.htm,Community Bankers and Supervisors: Seeking Balance,2011-04-07 14:45:00+00:00,
540,FED,speech,https://www.federalreserve.gov/newsevents/speech/yellen20110411a.htm,"Commodity Prices, the Economic Outlook, and Monetary Policy",2011-04-11 16:15:00+00:00,
1653,FED,testimony,https://www.federalreserve.gov/newsevents/testimony/tarullo20110412a.htm,Derivatives regulation,2011-04-12 18:45:00+00:00,
541,FED,speech,https://www.federalreserve.gov/newsevents/speech/duke20110414a.htm,Small Business Credit Availability,2011-04-14 13:00:00+00:00,
1654,FED,testimony,https://www.federalreserve.gov/newsevents/testimony/liang20110414a.htm,Financial Stability Oversight Council,2011-04-14 14:00:00+00:00,
1655,FED,testimony,https://www.federalreserve.gov/newsevents/testimony/alvarez20110414a.htm,Risk retention,2011-04-14 18:00:00+00:00,
1656,FED,testimony,https://www.federalreserve.gov/newsevents/testimony/bernanke20110420a.htm,Statement by Chairman Bernanke on financial literacy,2011-04-20 16:30:00+00:00,
2276,FED,statement,https://www.federalreserve.gov/newsevents/pressreleases/monetary20110427a.htm,FOMC statement,2011-04-27 18:15:00+00:00,2011-04-27
542,FED,speech,https://www.federalreserve.gov/newsevents/speech/duke20110428a.htm,Community Voices: Promising Practices for Neighborhood Stabilization,2011-04-28 12:30:00+00:00,
543,FED,speech,https://www.federalreserve.gov/newsevents/speech/bernanke20110429a.htm,Community Development in Challenging Times,2011-04-29 16:30:00+00:00,
544,FED,speech,https://www.federalreserve.gov/newsevents/speech/bernanke20110505a.htm,Implementing a Macroprudential Approach to Supervision and Regulation,2011-05-05 13:30:00+00:00,
545,FED,speech,https://www.federalreserve.gov/newsevents/speech/yellen20110506a.htm,Reaping the Full Benefits of Financial Openness,2011-05-06 11:30:00+00:00,
546,FED,speech,https://www.federalreserve.gov/newsevents/speech/duke20110510a.htm,Fostering Innovation in Community Development Finance,2011-05-10 13:30:00+00:00,
1657,FED,testimony,https://www.federalreserve.gov/newsevents/testimony/bernanke20110512a.htm,Dodd-Frank Implementation: Monitoring Systemic Risk and Promoting Financial Stability,2011-05-12 20:30:00+00:00,
547,FED,speech,https://www.federalreserve.gov/newsevents/speech/bernanke20110512a.htm,Brief remarks,2011-05-13 00:00:00+00:00,
548,FED,speech,https://www.federalreserve.gov/newsevents/speech/bernanke20110516a.htm,Promoting Research and Development: The Government&#39;s Role,2011-05-16 13:00:00+00:00,
1929,BOC,speech,https://www.bankofcanada.ca/2011/05/canada-in-a-multi-polar-world/,Canada in a Multi-Polar World,2011-05-17 03:59:00+00:00,
1930,BOC,speech,https://www.bankofcanada.ca/2011/05/changing-face-risk-global-financial-system/,The Changing Face of Risk in the Global Financial System,2011-05-20 03:59:00+00:00,
549,FED,speech,https://www.federalreserve.gov/newsevents/speech/duke20110524a.htm,"Research, Policy, and the Future of Financial Education",2011-05-24 12:25:00+00:00,
1658,FED,testimony,https://www.federalreserve.gov/newsevents/testimony/alvarez20110601a.htm,Federal Reserve Lending Disclosures,2011-06-01 18:00:00+00:00,
550,FED,speech,https://www.federalreserve.gov/newsevents/speech/yellen20110601a.htm,Assessing Potential Financial Imbalances in an Era of Accommodative Monetary Policy,2011-06-02 01:35:00+00:00,
551,FED,speech,https://www.federalreserve.gov/newsevents/speech/tarullo20110603a.htm,Regulating Systemically Important Financial Firms,2011-06-03 16:30:00+00:00,
1931,BOC,speech,https://www.bankofcanada.ca/2011/06/mitigating-systemic-risk-role-central-banks/,Mitigating Systemic Risk and the Role of Central Banks,2011-06-07 03:59:00+00:00,
552,FED,speech,https://www.federalreserve.gov/newsevents/speech/bernanke20110607a.htm,The U.S. Economic Outlook,2011-06-07 19:45:00+00:00,
553,FED,speech,https://www.federalreserve.gov/newsevents/speech/yellen20110609a.htm,Housing Market Developments and Their Effects on Low- and Moderate-Income Neighborhoods,2011-06-09 16:10:00+00:00,
554,FED,speech,https://www.federalreserve.gov/newsevents/speech/bernanke20110614a.htm,Fiscal Sustainability,2011-06-14 18:30:00+00:00,
1659,FED,testimony,https://www.federalreserve.gov/newsevents/testimony/gibson20110615a.htm,Implementation of Title VII of the Dodd-Frank Act,2011-06-15 13:30:00+00:00,
1660,FED,testimony,https://www.federalreserve.gov/newsevents/testimony/foley20110615a.htm,Banking supervision,2011-06-15 14:00:00+00:00,
1932,BOC,speech,https://www.bankofcanada.ca/2011/06/housing-in-canada/,Housing in Canada,2011-06-16 03:59:00+00:00,
1661,FED,testimony,https://www.federalreserve.gov/newsevents/testimony/tarullo20110616a.htm,Capital and liquidity standards,2011-06-16 21:15:00+00:00,
1933,BOC,speech,https://www.bankofcanada.ca/2011/06/canada-new-polymer-bank-notes/,Canada’s New Polymer Bank Notes – Celebrating Canada’s Achievements at the Frontiers of Innovation,2011-06-21 03:59:00+00:00,
2277,FED,statement,https://www.federalreserve.gov/newsevents/pressreleases/monetary20110622a.htm,FOMC statement,2011-06-22 18:15:00+00:00,2011-06-22
1934,BOC,speech,https://www.bankofcanada.ca/2011/06/opening-statement-22-june-2011/,"Opening Statement before the Standing Senate Committee on Banking, Trade and Commerce",2011-06-23 03:59:00+00:00,
1935,BOC,speech,https://www.bankofcanada.ca/2011/06/financial-risks-and-global-reforms/,Financial Risks and Global Reforms,2011-06-29 03:59:00+00:00,
555,FED,speech,https://www.federalreserve.gov/newsevents/speech/raskin20110629a.htm,Economic and Financial Inclusion in 2011: What it Means for Americans and our Economic Recovery,2011-06-29 16:00:00+00:00,
1662,FED,testimony,https://www.federalreserve.gov/newsevents/testimony/statement20110707a.htm,On mortgage servicing,2011-07-07 17:00:00+00:00,
1663,FED,testimony,https://www.federalreserve.gov/newsevents/testimony/bernanke20110713a.htm,Semiannual Monetary Policy Report to the Congress,2011-07-13 14:00:00+00:00,
1664,FED,testimony,https://www.federalreserve.gov/newsevents/testimony/braunstein20110713a.htm,Mortgage origination,2011-07-13 18:00:00+00:00,
1665,FED,testimony,https://www.federalreserve.gov/newsevents/testimony/bernanke20110721a.htm,Dodd-Frank Act,2011-07-21 20:45:00+00:00,
1936,BOC,speech,https://www.bankofcanada.ca/2011/07/global-financial-reform/,Global Financial Reform: Maintaining the Momentum,2011-07-23 03:59:00+00:00,
1666,FED,testimony,https://www.federalreserve.gov/newsevents/testimony/vanderweide20110727a.htm,Credit Ratings Agencies,2011-07-27 14:00:00+00:00,
2278,FED,statement,https://www.federalreserve.gov/newsevents/pressreleases/monetary20110809a.htm,FOMC statement,2011-08-09 18:15:00+00:00,2011-08-09
1667,FED,testimony,https://www.federalreserve.gov/newsevents/testimony/bertsch20110812.htm,Banking Supervision and Regulation,2011-08-16 13:00:00+00:00,
1937,BOC,speech,https://www.bankofcanada.ca/2011/08/opening-statement-19-august-2011/,Opening Statement before the  House of Commons Standing Committee on Finance,2011-08-20 03:59:00+00:00,
1938,BOC,speech,https://www.bankofcanada.ca/2011/08/how-people-think/,How People Think and How It Matters,2011-08-24 03:59:00+00:00,
1939,BOC,speech,https://www.bankofcanada.ca/2011/08/role-g-20-sustaining-recovery/,The Role of the G-20 in Sustaining the Recovery and Protecting Financial Stability,2011-08-25 03:59:00+00:00,
556,FED,speech,https://www.federalreserve.gov/newsevents/speech/bernanke20110826a.htm,The Near- and Longer-Term Prospects for the U.S. Economy,2011-08-26 14:00:00+00:00,
557,FED,speech,https://www.federalreserve.gov/newsevents/speech/duke20110901a.htm,Rebalancing the Housing Market,2011-09-01 16:00:00+00:00,
558,FED,speech,https://www.federalreserve.gov/newsevents/speech/bernanke20110908a.htm,The U.S. Economic Outlook,2011-09-08 17:30:00+00:00,
559,FED,speech,https://www.federalreserve.gov/newsevents/speech/bernanke20110915a.htm,Opening Remarks,2011-09-15 12:45:00+00:00,
560,FED,speech,https://www.federalreserve.gov/newsevents/speech/tarullo20110915a.htm,Industrial Organization and Systemic Risk: An Agenda for Further Research,2011-09-15 17:45:00+00:00,
1940,BOC,speech,https://www.bankofcanada.ca/2011/09/curbing-contagion-options-and-challenges/,Curbing Contagion: Options and Challenges for Building More Robust Financial Market Infrastructure,2011-09-20 03:59:00+00:00,
1941,BOC,speech,https://www.bankofcanada.ca/2011/09/recent-economic-developments/,Recent Economic Developments,2011-09-21 03:59:00+00:00,
2279,FED,statement,https://www.federalreserve.gov/newsevents/pressreleases/monetary20110921a.htm,Federal Reserve issues FOMC statement,2011-09-21 18:15:00+00:00,2011-09-21
1942,BOC,speech,https://www.bankofcanada.ca/2011/09/some-current-issues-in-financial-reform/,Some Current Issues in Financial Reform,2011-09-26 03:59:00+00:00,
561,FED,speech,https://www.federalreserve.gov/newsevents/speech/raskin20110926a.htm,Monetary Policy and Job Creation,2011-09-26 13:15:00+00:00,
1943,BOC,speech,https://www.bankofcanada.ca/2011/09/managing-risks-in-the-new-global-economic-landscape/,Managing Risks in the New Global Economic Landscape,2011-09-28 03:59:00+00:00,
562,FED,speech,https://www.federalreserve.gov/newsevents/speech/bernanke20110928a.htm,Lessons from Emerging Market Economies on the Sources of Sustained Growth,2011-09-28 21:00:00+00:00,
563,FED,speech,https://www.federalreserve.gov/newsevents/speech/raskin20111004a.htm,Legal Opportunities and Challenges in Crafting a Foreclosure Response,2011-10-04 13:00:00+00:00,
1668,FED,testimony,https://www.federalreserve.gov/newsevents/testimony/bernanke20111004a.htm,Economic Outlook and Recent Monetary Policy Actions,2011-10-04 14:00:00+00:00,
564,FED,speech,https://www.federalreserve.gov/newsevents/speech/bernanke20111018a.htm,The Effects of the Great Recession on Central Bank Doctrine and Practice,2011-10-18 17:15:00+00:00,
565,FED,speech,https://www.federalreserve.gov/newsevents/speech/tarullo20111020a.htm,"Unemployment, the Labor Market, and the Economy",2011-10-20 22:00:00+00:00,
566,FED,speech,https://www.federalreserve.gov/newsevents/speech/yellen20111021a.htm,The Outlook for the U.S. Economy and Economic Policy,2011-10-21 19:00:00+00:00,
567,FED,speech,https://www.federalreserve.gov/newsevents/speech/duke20111022a.htm,The Federal Reserve System and Individual Financial Planning,2011-10-22 14:00:00+00:00,
2280,FED,statement,https://www.federalreserve.gov/newsevents/pressreleases/monetary20111102a.htm,Federal Reserve issues FOMC statement,2011-11-02 18:15:00+00:00,2011-11-02
1944,BOC,speech,https://www.bankofcanada.ca/2011/11/opening-statement-02-november-2011/,Opening Statement before the Senate Standing Committee on National Finance,2011-11-03 03:59:00+00:00,
568,FED,speech,https://www.federalreserve.gov/newsevents/speech/tarullo20111104a.htm,The International Agenda for Financial Regulation,2011-11-04 17:00:00+00:00,
1945,BOC,speech,https://www.bankofcanada.ca/2011/11/global-liquidity/,Global Liquidity,2011-11-09 04:59:00+00:00,
569,FED,speech,https://www.federalreserve.gov/newsevents/speech/bernanke20111109a.htm,Welcoming Remarks,2011-11-09 14:30:00+00:00,
570,FED,speech,https://www.federalreserve.gov/newsevents/speech/tarullo20111109a.htm,The Evolution of Capital Regulation,2011-11-09 17:15:00+00:00,
571,FED,speech,https://www.federalreserve.gov/newsevents/speech/bernanke20111110a.htm,Town Hall Meeting Remarks,2011-11-10 17:00:00+00:00,
572,FED,speech,https://www.federalreserve.gov/newsevents/speech/yellen20111111a.htm,Pursuing Financial Stability at the Federal Reserve,2011-11-11 18:15:00+00:00,
1946,BOC,speech,https://www.bankofcanada.ca/2011/11/bank-note-launch/,Bank Note Launch,2011-11-15 04:59:00+00:00,
1947,BOC,speech,https://www.bankofcanada.ca/2011/11/renewing-canada-monetary-policy-framework/,Renewing Canada’s Monetary Policy Framework,2011-11-24 04:59:00+00:00,
573,FED,speech,https://www.federalreserve.gov/newsevents/speech/yellen20111129a.htm,Aggregate Demand and the Global Economic Recovery,2011-11-29 16:30:00+00:00,
1948,BOC,speech,https://www.bankofcanada.ca/2011/11/little-help-friends-virtues-global/,With a Little Help from Your Friends: The Virtues of Global Economic Coordination,2011-11-30 04:59:00+00:00,
1669,FED,testimony,https://www.federalreserve.gov/newsevents/testimony/tarullo20111206a.htm,Dodd-Frank Act Implementation,2011-12-06 13:00:00+00:00,
1949,BOC,speech,https://www.bankofcanada.ca/2011/12/growth-in-the-age-of-deleveraging/,Growth in the Age of Deleveraging,2011-12-13 04:59:00+00:00,
2281,FED,statement,https://www.federalreserve.gov/newsevents/pressreleases/monetary20111213a.htm,Federal Reserve issues FOMC statement,2011-12-13 19:15:00+00:00,2011-12-13
1670,FED,testimony,https://www.federalreserve.gov/newsevents/testimony/alvarez20111213a.htm,Statement on the foreclosure review process,2011-12-13 19:30:00+00:00,
1671,FED,testimony,https://www.federalreserve.gov/newsevents/testimony/kamin20111216a.htm,The Economic Situation in Europe,2011-12-16 23:20:00+00:00,
574,FED,speech,https://www.federalreserve.gov/newsevents/speech/duke20120106a.htm,"Economic Developments, Risks to the Outlook, and Housing Market Policies",2012-01-06 17:40:00+00:00,
575,FED,speech,https://www.federalreserve.gov/newsevents/speech/raskin20120106a.htm,Community Bank Examination and Supervision amid Economic Recovery,2012-01-06 18:00:00+00:00,
576,FED,speech,https://www.federalreserve.gov/newsevents/speech/raskin20120107a.htm,Creating and Implementing an Enforcement Response to the Foreclosure Crisis,2012-01-07 17:40:00+00:00,
577,FED,speech,https://www.federalreserve.gov/newsevents/speech/duke20120113a.htm,Opportunities to Reduce Regulatory Burden and Improve Credit Availability,2012-01-13 16:10:00+00:00,
578,FED,speech,https://www.federalreserve.gov/newsevents/speech/duke20120116a.htm,From Community Banker to Central Banker--My Journey,2012-01-16 23:00:00+00:00,
1672,FED,testimony,https://www.federalreserve.gov/newsevents/testimony/tarullo20120118a.htm,The Volcker Rule,2012-01-18 14:30:00+00:00,
2282,FED,statement,https://www.federalreserve.gov/newsevents/pressreleases/monetary20120125a.htm,Federal Reserve issues FOMC statement,2012-01-25 19:15:00+00:00,2012-01-25
1673,FED,testimony,https://www.federalreserve.gov/newsevents/testimony/bertsch20120201a.htm,Banking Supervision,2012-02-01 19:00:00+00:00,
1674,FED,testimony,https://www.federalreserve.gov/newsevents/testimony/bernanke20120202a.htm,The Economic Outlook and the Federal Budget Situation,2012-02-02 15:00:00+00:00,
1950,BOC,speech,https://www.bankofcanada.ca/2012/02/raising-the-house-of-reform/,Raising the House of Reform,2012-02-08 04:59:00+00:00,
579,FED,speech,https://www.federalreserve.gov/newsevents/speech/bernanke20110210a.htm,Housing Markets in Transition,2012-02-10 17:30:00+00:00,
121,FED,minutes,https://www.federalreserve.gov/monetarypolicy/fomcminutes20120125.htm,Federal Open Market Committee,2012-02-15 19:00:00+00:00,2012-01-25
580,FED,speech,https://www.federalreserve.gov/newsevents/speech/bernanke20120216a.htm,Community Banking,2012-02-16 14:00:00+00:00,
1675,FED,testimony,https://www.federalreserve.gov/newsevents/testimony/kamin20120216a.htm,The European Financial Situation,2012-02-16 15:00:00+00:00,
1951,BOC,speech,https://www.bankofcanada.ca/2012/02/monetary-policy-framework-all-seasons/,A Monetary Policy Framework for All Seasons,2012-02-25 04:59:00+00:00,
1676,FED,testimony,https://www.federalreserve.gov/newsevents/testimony/duke20120228a.htm,The Housing Market,2012-02-28 13:15:00+00:00,
1677,FED,testimony,https://www.federalreserve.gov/newsevents/testimony/bernanke20120229a.htm,Semiannual Monetary Policy Report to the Congress,2012-02-29 15:00:00+00:00,
581,FED,speech,https://www.federalreserve.gov/newsevents/speech/raskin20120301a.htm,Accommodative Monetary Policy and Its Effects on Savers,2012-03-01 15:30:00+00:00,
1952,BOC,speech,https://www.bankofcanada.ca/2012/03/promoting-growth-mitigating-cycles-and-inequality/,"Promoting Growth, Mitigating Cycles and Inequality: The Role of Price and Financial Stability",2012-03-13 03:59:00+00:00,
2283,FED,statement,https://www.federalreserve.gov/newsevents/pressreleases/monetary20120313a.htm,Federal Reserve issues FOMC statement,2012-03-13 18:15:00+00:00,2012-03-13
582,FED,speech,https://www.federalreserve.gov/newsevents/speech/bernanke20120314a.htm,Community Banking,2012-03-14 14:00:00+00:00,
1678,FED,testimony,https://www.federalreserve.gov/newsevents/testimony/killian20120319a.htm,Foreclosures and the Housing Market,2012-03-19 13:30:00+00:00,
1679,FED,testimony,https://www.federalreserve.gov/newsevents/testimony/bernanke20120321a.htm,The European Economic and Financial Situation,2012-03-21 21:33:00+00:00,
1680,FED,testimony,https://www.federalreserve.gov/newsevents/testimony/tarullo20120322a.htm,Regulatory Reform,2012-03-22 20:40:00+00:00,
583,FED,speech,https://www.federalreserve.gov/newsevents/speech/bernanke20120323a.htm,Opening Remarks,2012-03-23 17:45:00+00:00,
584,FED,speech,https://www.federalreserve.gov/newsevents/speech/bernanke20120326a.htm,Recent Developments in the Labor Market,2012-03-26 12:00:00+00:00,
1953,BOC,speech,https://www.bankofcanada.ca/2012/03/bank-note-launch-2/,Bank Note Launch,2012-03-27 03:59:00+00:00,
1681,FED,testimony,https://www.federalreserve.gov/newsevents/testimony/kamin20120327a.htm,The European Economic and Financial Situation,2012-03-27 14:00:00+00:00,
585,FED,speech,https://www.federalreserve.gov/newsevents/speech/duke20120327a.htm,Building Sustainable Communities,2012-03-27 19:45:00+00:00,
1682,FED,testimony,https://www.federalreserve.gov/newsevents/testimony/braunstein20120329a.htm,Mobile Payments,2012-03-29 14:00:00+00:00,
1954,BOC,speech,https://www.bankofcanada.ca/2012/04/exporting-in-a-post-crisis-world/,Exporting in a Post-Crisis World,2012-04-03 03:59:00+00:00,
122,FED,minutes,https://www.federalreserve.gov/monetarypolicy/fomcminutes20120313.htm,Federal Open Market Committee,2012-04-03 18:00:00+00:00,2012-03-13
1955,BOC,speech,https://www.bankofcanada.ca/2012/04/aging-gracefully-canadas-inevitable/,Aging Gracefully: Canada’s Inevitable Demographic Shift,2012-04-05 03:59:00+00:00,
586,FED,speech,https://www.federalreserve.gov/newsevents/speech/bernanke20120409a.htm,Fostering Financial Stability,2012-04-09 23:15:00+00:00,
587,FED,speech,https://www.federalreserve.gov/newsevents/speech/tarullo20120410a.htm,Developing Tools for Dynamic Capital Supervision,2012-04-10 14:00:00+00:00,
588,FED,speech,https://www.federalreserve.gov/newsevents/speech/yellen20120411a.htm,The Economic Outlook and Monetary Policy,2012-04-11 23:15:00+00:00,
589,FED,speech,https://www.federalreserve.gov/newsevents/speech/raskin20120411a.htm,Downturns and Recoveries: What the Economies in Los Angeles and the United States Tell Us,2012-04-12 19:30:00+00:00,
590,FED,speech,https://www.federalreserve.gov/newsevents/speech/bernanke20120413a.htm,Some Reflections on the Crisis and the Policy Response,2012-04-13 17:00:00+00:00,
2284,FED,statement,https://www.federalreserve.gov/newsevents/pressreleases/monetary20120425a.htm,Federal Reserve issues FOMC statement,2012-04-25 18:15:00+00:00,2012-04-25
1956,BOC,speech,https://www.bankofcanada.ca/2012/04/transport-logistics-connecting-canada-to-the-global-economy/,Transport and Logistics - Connecting Canada to the Global Economy,2012-05-01 03:59:00+00:00,
591,FED,speech,https://www.federalreserve.gov/newsevents/speech/tarullo20120502a.htm,Regulatory Reform since the Financial Crisis,2012-05-02 12:00:00+00:00,
1957,BOC,speech,https://www.bankofcanada.ca/2012/05/monetary-policy-decision-making/,Monetary Policy Decision-Making at the Bank of Canada,2012-05-08 03:59:00+00:00,
592,FED,speech,https://www.federalreserve.gov/newsevents/speech/bernanke20120510a.htm,Banks and Bank Lending: The State of Play,2012-05-10 13:30:00+00:00,
593,FED,speech,https://www.federalreserve.gov/newsevents/speech/duke20120515a.htm,Prescriptions for Housing Recovery,2012-05-15 13:30:00+00:00,
1683,FED,testimony,https://www.federalreserve.gov/newsevents/testimony/gibson20120516a.htm,Systemically important financial institutions and the Dodd-Frank Act,2012-05-16 14:00:00+00:00,
123,FED,minutes,https://www.federalreserve.gov/monetarypolicy/fomcminutes20120425.htm,Federal Open Market Committee,2012-05-16 18:00:00+00:00,2012-04-25
1684,FED,testimony,https://www.federalreserve.gov/newsevents/testimony/alvarez20120517a.htm,Settlement practices,2012-05-17 14:00:00+00:00,
1685,FED,testimony,https://www.federalreserve.gov/newsevents/testimony/tarullo20120606a.htm,Dodd-Frank Act Implementation,2012-06-06 14:00:00+00:00,
594,FED,speech,https://www.federalreserve.gov/newsevents/speech/yellen20120606a.htm,Perspectives on Monetary Policy,2012-06-07 00:00:00+00:00,
1686,FED,testimony,https://www.federalreserve.gov/newsevents/testimony/bernanke20120607a.htm,Economic Outlook and Policy,2012-06-07 14:00:00+00:00,
595,FED,speech,https://www.federalreserve.gov/newsevents/speech/tarullo20120612a.htm,Shadow Banking After the Financial Crisis,2012-06-12 15:12:00+00:00,
1958,BOC,speech,https://www.bankofcanada.ca/2012/06/strengthening-financial-infrastructure-new-canadian-central-counterparty/,Strengthening Financial Infrastructure: The New Canadian Central Counterparty,2012-06-15 03:59:00+00:00,
1687,FED,testimony,https://www.federalreserve.gov/newsevents/testimony/alvarez20120619a.htm,Bank supervision and risk management,2012-06-19 21:45:00+00:00,
2285,FED,statement,https://www.federalreserve.gov/newsevents/pressreleases/monetary20120620a.htm,Federal Reserve issues FOMC statement,2012-06-20 18:15:00+00:00,2012-06-20
1959,BOC,speech,https://www.bankofcanada.ca/2012/06/financing-the-global-transition/,Financing the Global Transition,2012-06-22 03:59:00+00:00,
1688,FED,testimony,https://www.federalreserve.gov/newsevents/testimony/martin20120628a.htm,Mobile payments,2012-06-29 17:25:00+00:00,
124,FED,minutes,https://www.federalreserve.gov/monetarypolicy/fomcminutes20120620.htm,Federal Open Market Committee,2012-07-11 18:00:00+00:00,2012-06-20
1689,FED,testimony,https://www.federalreserve.gov/newsevents/testimony/bernanke20120717a.htm,Semiannual Monetary Policy Report to the Congress,2012-07-17 14:00:00+00:00,
596,FED,speech,https://www.federalreserve.gov/newsevents/speech/duke20120720a.htm,Central Bank Cooperation in Times of Crisis,2012-07-20 14:00:00+00:00,
597,FED,speech,https://www.federalreserve.gov/newsevents/speech/raskin20120723a.htm,How Well Is Our Financial System Serving Us? Working Together to Find the High Road,2012-07-23 23:00:00+00:00,
598,FED,speech,https://www.federalreserve.gov/newsevents/speech/bernanke20120724a.htm,Early Childhood Education,2012-07-24 12:45:00+00:00,
2286,FED,statement,https://www.federalreserve.gov/newsevents/pressreleases/monetary20120801a.htm,Federal Reserve issues FOMC statement,2012-08-01 18:15:00+00:00,2012-08-01
1690,FED,testimony,https://www.federalreserve.gov/newsevents/testimony/eichner20120802a.htm,Tri-party Repo Market,2012-08-02 13:00:00+00:00,
599,FED,speech,https://www.federalreserve.gov/newsevents/speech/bernanke20120806a.htm,Economic Measurement,2012-08-06 13:00:00+00:00,
600,FED,speech,https://www.federalreserve.gov/newsevents/speech/bernanke20120807a.htm,Financial Education,2012-08-07 18:30:00+00:00,
1960,BOC,speech,https://www.bankofcanada.ca/2012/08/modelling-risks-financial-system/,Modelling Risks to the Financial System,2012-08-22 03:59:00+00:00,
125,FED,minutes,https://www.federalreserve.gov/monetarypolicy/fomcminutes20120801.htm,Federal Open Market Committee,2012-08-22 18:00:00+00:00,2012-08-01
1961,BOC,speech,https://www.bankofcanada.ca/2012/08/globalisation-financial-stability-employment/,"Globalisation, Financial Stability and Employment",2012-08-23 03:59:00+00:00,
601,FED,speech,https://www.federalreserve.gov/newsevents/speech/bernanke20120831a.htm,Monetary Policy since the Onset of the Crisis,2012-08-31 14:00:00+00:00,
1962,BOC,speech,https://www.bankofcanada.ca/2012/09/dutch-disease/,Dutch Disease,2012-09-08 03:59:00+00:00,
2287,FED,statement,https://www.federalreserve.gov/newsevents/pressreleases/monetary20120913a.htm,Federal Reserve issues FOMC statement,2012-09-13 18:15:00+00:00,2012-09-13
1963,BOC,speech,https://www.bankofcanada.ca/2012/09/financing-commodities-markets/,Financing Commodities Markets,2012-09-26 03:59:00+00:00,
602,FED,speech,https://www.federalreserve.gov/newsevents/speech/bernanke20121001a.htm,Five Questions about the Federal Reserve and Monetary Policy,2012-10-01 16:30:00+00:00,
126,FED,minutes,https://www.federalreserve.gov/monetarypolicy/fomcminutes20120913.htm,Federal Open Market Committee,2012-10-04 18:00:00+00:00,2012-09-13
1964,BOC,speech,https://www.bankofcanada.ca/2012/10/a-measure-of-work/,A Measure of Work,2012-10-05 03:59:00+00:00,
603,FED,speech,https://www.federalreserve.gov/newsevents/speech/duke20121005a.htm,Addressing Long-Term Vacant Properties to Support Neighborhood Stabilization,2012-10-05 17:00:00+00:00,
604,FED,speech,https://www.federalreserve.gov/newsevents/speech/tarullo20121010a.htm,Financial Stability Regulation,2012-10-10 20:30:00+00:00,
605,FED,speech,https://www.federalreserve.gov/newsevents/speech/yellen20121011a.htm,Japan in the Global Economy II,2012-10-11 07:30:00+00:00,
606,FED,speech,https://www.federalreserve.gov/newsevents/speech/stein20121011a.htm,Evaluating Large-Scale Asset Purchases,2012-10-11 14:00:00+00:00,
607,FED,speech,https://www.federalreserve.gov/newsevents/speech/bernanke20121014a.htm,U.S. Monetary Policy and International Implications,2012-10-14 04:20:00+00:00,
1965,BOC,speech,https://www.bankofcanada.ca/2012/10/uncertainty-and-global-recovery/,Uncertainty and the Global Recovery,2012-10-16 03:59:00+00:00,
2288,FED,statement,https://www.federalreserve.gov/newsevents/pressreleases/monetary20121024a.htm,Federal Reserve issues FOMC statement,2012-10-24 18:15:00+00:00,2012-10-24
1966,BOC,speech,https://www.bankofcanada.ca/2012/11/release-20-bank-note/,Release of the $20 Bank Note,2012-11-08 04:59:00+00:00,
1967,BOC,speech,https://www.bankofcanada.ca/2012/11/some-current-issues-financial-reform/,Some Current Issues in Financial Reform,2012-11-09 04:59:00+00:00,
608,FED,speech,https://www.federalreserve.gov/newsevents/speech/duke20121109a.htm,Community Banks and Mortgage Lending,2012-11-09 15:30:00+00:00,
609,FED,speech,https://www.federalreserve.gov/newsevents/speech/yellen20121113a.htm,Revolution and Evolution in Central Bank Communications,2012-11-13 20:30:00+00:00,
1691,FED,testimony,https://www.federalreserve.gov/newsevents/testimony/gibson20121114a.htm,Basel III,2012-11-14 13:50:00+00:00,
127,FED,minutes,https://www.federalreserve.gov/monetarypolicy/fomcminutes20121024.htm,Federal Open Market Committee,2012-11-14 19:00:00+00:00,2012-10-24
610,FED,speech,https://www.federalreserve.gov/newsevents/speech/bernanke20121115a.htm,Challenges in Housing and Mortgage Markets,2012-11-15 18:20:00+00:00,
611,FED,speech,https://www.federalreserve.gov/newsevents/speech/bernanke20121120a.htm,The Economic Recovery and Economic Policy,2012-11-20 17:15:00+00:00,
1968,BOC,speech,https://www.bankofcanada.ca/2012/11/great-frustration-hesitant-steps-toward/,The Great Frustration: Hesitant Steps Toward Global Growth and Rebalancing,2012-11-28 04:59:00+00:00,
612,FED,speech,https://www.federalreserve.gov/newsevents/speech/tarullo20121128a.htm,Regulation of Foreign Banking Organizations,2012-11-28 17:15:00+00:00,
613,FED,speech,https://www.federalreserve.gov/newsevents/speech/stein20121130a.htm,Large-Scale Asset Purchases,2012-11-30 22:00:00+00:00,
614,FED,speech,https://www.federalreserve.gov/newsevents/speech/tarullo20121204a.htm,Industry Structure and Systemic Risk Regulation,2012-12-04 15:45:00+00:00,
1969,BOC,speech,https://www.bankofcanada.ca/2012/12/guidance/,Guidance,2012-12-12 04:59:00+00:00,
2289,FED,statement,https://www.federalreserve.gov/newsevents/pressreleases/monetary20121212a.htm,Federal Reserve issues FOMC statement,2012-12-12 19:15:00+00:00,2012-12-12
615,FED,speech,https://www.federalreserve.gov/newsevents/speech/stein20121217a.htm,Dollar Funding and Global Banks,2012-12-17 16:00:00+00:00,
128,FED,minutes,https://www.federalreserve.gov/monetarypolicy/fomcminutes20121212.htm,Federal Open Market Committee,2013-01-03 19:00:00+00:00,2012-12-12
616,FED,speech,https://www.federalreserve.gov/newsevents/speech/yellen20130104a.htm,Interconnectedness and Systemic Risk:  Lessons from the Financial Crisis and Policy Implications,2013-01-04 20:30:00+00:00,
1970,BOC,speech,https://www.bankofcanada.ca/2013/01/regearing-our-economic-growth/,Regearing Our Economic Growth,2013-01-11 04:59:00+00:00,
2290,FED,statement,https://www.federalreserve.gov/newsevents/pressreleases/monetary20130130a.htm,Federal Reserve issues FOMC statement,2013-01-30 19:15:00+00:00,2013-01-30
617,FED,speech,https://www.federalreserve.gov/newsevents/speech/duke20130205a.htm,The Future of Community Banking,2013-02-05 13:30:00+00:00,
618,FED,speech,https://www.federalreserve.gov/newsevents/speech/stein20130207a.htm,"Overheating in Credit Markets: Origins, Measurement, and Policy Responses",2013-02-07 14:30:00+00:00,
619,FED,speech,https://www.federalreserve.gov/newsevents/speech/yellen20130211a.htm,"A Painfully Slow Recovery for America&#39;s Workers: Causes, Implications, and the Federal Reserve&#39;s Response",2013-02-11 18:00:00+00:00,
1971,BOC,speech,https://www.bankofcanada.ca/2013/02/financial-stability-in-one-country/,Financial Stability in One Country?,2013-02-12 04:59:00+00:00,
1692,FED,testimony,https://www.federalreserve.gov/newsevents/testimony/tarullo20130214a.htm,Dodd-Frank Act,2013-02-14 22:55:00+00:00,
129,FED,minutes,https://www.federalreserve.gov/monetarypolicy/fomcminutes20130130.htm,Federal Open Market Committee,2013-02-20 19:00:00+00:00,2013-01-30
620,FED,speech,https://www.federalreserve.gov/newsevents/speech/powell20130221a.htm,Discussion of &quot;Crunch Time: Fiscal Crises and the Role of Monetary Policy&quot;,2013-02-22 15:15:00+00:00,
621,FED,speech,https://www.federalreserve.gov/newsevents/speech/tarullo20130222a.htm,International Cooperation in Financial Regulation,2013-02-22 23:30:00+00:00,
1972,BOC,speech,https://www.bankofcanada.ca/2013/02/rebuilding-trust-global-banking/,Rebuilding Trust in Global Banking,2013-02-26 04:59:00+00:00,
1693,FED,testimony,https://www.federalreserve.gov/newsevents/testimony/bernanke20130226a.htm,Semiannual Monetary Policy Report to the Congress,2013-02-26 15:00:00+00:00,
622,FED,speech,https://www.federalreserve.gov/newsevents/speech/raskin20130228a.htm,Reflections on Reputation and its Consequences,2013-02-28 17:30:00+00:00,
623,FED,speech,https://www.federalreserve.gov/newsevents/speech/bernanke20130301a.htm,Long-Term Interest Rates,2013-03-02 03:00:00+00:00,
624,FED,speech,https://www.federalreserve.gov/newsevents/speech/yellen20130302a.htm,Challenges Confronting Monetary Policy,2013-03-04 13:00:00+00:00,
625,FED,speech,https://www.federalreserve.gov/newsevents/speech/powell20130304a.htm,Ending &quot;Too Big to Fail&quot;,2013-03-04 18:15:00+00:00,
1694,FED,testimony,https://www.federalreserve.gov/newsevents/testimony/powell20130307a.htm,Anti-Money Laundering and the Bank Secrecy Act,2013-03-07 14:17:00+00:00,
626,FED,speech,https://www.federalreserve.gov/newsevents/speech/duke20130308a.htm,Comments on Housing and Mortgage Markets,2013-03-09 01:00:00+00:00,
2291,FED,statement,https://www.federalreserve.gov/newsevents/pressreleases/monetary20130320a.htm,Federal Reserve issues FOMC statement,2013-03-20 18:00:00+00:00,2013-03-20
627,FED,speech,https://www.federalreserve.gov/newsevents/speech/raskin20130322.htm,Focusing on Low- and Moderate-Income Working Americans,2013-03-22 12:45:00+00:00,
628,FED,speech,https://www.federalreserve.gov/newsevents/speech/bernanke20130325a.htm,Monetary Policy and the Global Economy,2013-03-25 17:15:00+00:00,
1973,BOC,speech,https://www.bankofcanada.ca/2013/03/toward-stronger-financial-market/,Toward a Stronger Financial Market Infrastructure for Canada: Taking Stock,2013-03-27 03:59:00+00:00,
629,FED,speech,https://www.federalreserve.gov/newsevents/speech/20130404a.htm,Financial and Economic Education,2013-04-04 14:30:00+00:00,
630,FED,speech,https://www.federalreserve.gov/newsevents/speech/yellen20130404a.htm,Communication in Monetary Policy,2013-04-04 21:00:00+00:00,
631,FED,speech,https://www.federalreserve.gov/newsevents/speech/bernanke20130408a.htm,Stress Testing Banks: What Have We Learned?,2013-04-08 23:15:00+00:00,
130,FED,minutes,https://www.federalreserve.gov/monetarypolicy/fomcminutes20130320.htm,Federal Open Market Committee,2013-04-10 18:00:00+00:00,2013-03-20
1695,FED,testimony,https://www.federalreserve.gov/newsevents/testimony/ashton20130411a.htm,Independent Consultants,2013-04-11 21:25:00+00:00,
632,FED,speech,https://www.federalreserve.gov/newsevents/speech/bernanke20130412a.htm,Creating Resilient Communities,2013-04-12 16:30:00+00:00,
1696,FED,testimony,https://www.federalreserve.gov/newsevents/testimony/alvarez20130416a.htm,Too Big to Fail,2013-04-16 18:00:00+00:00,
633,FED,speech,https://www.federalreserve.gov/newsevents/speech/yellen20130416a.htm,"Panel Discussion on &quot;Monetary Policy: Many Targets, Many Instruments. Where Do We Stand?&quot;",2013-04-16 19:00:00+00:00,
634,FED,speech,https://www.federalreserve.gov/newsevents/speech/stein20130417a.htm,Regulating Large Financial Institutions,2013-04-17 13:00:00+00:00,
635,FED,speech,https://www.federalreserve.gov/newsevents/speech/raskin20130418a.htm,Aspects of Inequality in the Recent Business Cycle,2013-04-18 19:15:00+00:00,
636,FED,speech,https://www.federalreserve.gov/newsevents/speech/stein20130419a.htm,Liquidity Regulation and Central Banking,2013-04-19 16:00:00+00:00,
1974,BOC,speech,https://www.bankofcanada.ca/2013/04/bank-note-unveiling/,Bank Note Unveiling,2013-05-01 03:59:00+00:00,
2292,FED,statement,https://www.federalreserve.gov/newsevents/pressreleases/monetary20130501a.htm,Federal Reserve issues FOMC statement,2013-05-01 18:00:00+00:00,2013-05-01
1975,BOC,speech,https://www.bankofcanada.ca/2013/05/monetary-policy-after-the-fall/,Monetary Policy After the Fall,2013-05-02 03:59:00+00:00,
637,FED,speech,https://www.federalreserve.gov/newsevents/speech/tarullo20130503a.htm,Evaluating Progress in Regulatory Reforms to Promote Financial Stability,2013-05-03 16:30:00+00:00,
638,FED,speech,https://www.federalreserve.gov/newsevents/speech/duke20130509a.htm,A View from the Federal Reserve Board: The Mortgage Market and Housing Conditions,2013-05-09 19:15:00+00:00,
639,FED,speech,https://www.federalreserve.gov/newsevents/speech/bernanke20130510a.htm,Monitoring the Financial System,2013-05-10 13:30:00+00:00,
1697,FED,testimony,https://www.federalreserve.gov/newsevents/testimony/gibson20130515a.htm,Cross-Border Resolution,2013-05-15 13:55:00+00:00,
640,FED,speech,https://www.federalreserve.gov/newsevents/speech/raskin20130516a.htm,Prospects for a Stronger Recovery,2013-05-16 16:30:00+00:00,
641,FED,speech,https://www.federalreserve.gov/newsevents/speech/bernanke20130518a.htm,Economic Prospects for the Long Run,2013-05-18 15:00:00+00:00,
1976,BOC,speech,https://www.bankofcanada.ca/2013/05/canada-works/,Canada Works,2013-05-22 03:59:00+00:00,
1698,FED,testimony,https://www.federalreserve.gov/newsevents/testimony/bernanke20130522a.htm,The Economic Outlook,2013-05-22 14:00:00+00:00,
131,FED,minutes,https://www.federalreserve.gov/monetarypolicy/fomcminutes20130501.htm,Federal Open Market Committee,2013-05-22 18:00:00+00:00,2013-05-01
642,FED,speech,https://www.federalreserve.gov/newsevents/speech/bernanke20130602a.htm,The Ten Suggestions,2013-06-02 18:00:00+00:00,
643,FED,speech,https://www.federalreserve.gov/newsevents/speech/yellen20130602a.htm,Regulatory Landscapes: A U.S. Perspective,2013-06-03 01:50:00+00:00,
644,FED,speech,https://www.federalreserve.gov/newsevents/speech/raskin20130606a.htm,Let&#39;s Move Forward: The Case for Timely Implementation of Revised Capital Rules,2013-06-06 12:30:00+00:00,
1977,BOC,speech,https://www.bankofcanada.ca/2013/06/opening-statement-06-06-13/,Opening Statement before the House of Commons Standing Committee on Finance,2013-06-07 03:59:00+00:00,
2293,FED,statement,https://www.federalreserve.gov/newsevents/pressreleases/monetary20130619a.htm,Federal Reserve issues FOMC statement,2013-06-19 18:00:00+00:00,2013-06-19
1978,BOC,speech,https://www.bankofcanada.ca/2013/06/reconstruction-rebuilding-business-confidence-in-canada/,Reconstruction: Rebuilding Business Confidence in Canada,2013-06-20 03:59:00+00:00,
1699,FED,testimony,https://www.federalreserve.gov/newsevents/testimony/vermilyea20130625a.htm,Private student loans,2013-06-25 21:05:00+00:00,
1979,BOC,speech,https://www.bankofcanada.ca/2013/06/shedding-light-shadow-banking/,Shedding Light on Shadow Banking,2013-06-27 03:59:00+00:00,
645,FED,speech,https://www.federalreserve.gov/newsevents/speech/powell20130627a.htm,Thoughts on Unconventional Monetary Policy,2013-06-27 14:30:00+00:00,
646,FED,speech,https://www.federalreserve.gov/newsevents/speech/stein20130628a.htm,Comments on Monetary Policy,2013-06-28 12:00:00+00:00,
647,FED,speech,https://www.federalreserve.gov/newsevents/speech/powell20130702a.htm,International Financial Regulatory Reform,2013-07-02 21:45:00+00:00,
133,FED,minutes,https://www.federalreserve.gov/monetarypolicy/fomcminutes20130619.htm,Federal Open Market Committee,2013-07-10 18:00:00+00:00,2013-06-19
648,FED,speech,https://www.federalreserve.gov/newsevents/speech/bernanke20130710a.htm,"A Century of U.S. Central Banking: Goals, Frameworks, Accountability",2013-07-10 20:10:00+00:00,
1700,FED,testimony,https://www.federalreserve.gov/newsevents/testimony/tarullo20130711a.htm,Dodd-Frank Implementation,2013-07-11 22:20:00+00:00,
1701,FED,testimony,https://www.federalreserve.gov/newsevents/testimony/bernanke20130717a.htm,Semiannual Monetary Policy Report to the Congress,2013-07-17 12:30:00+00:00,
649,FED,speech,https://www.federalreserve.gov/newsevents/speech/raskin20130717a.htm,Beyond Capital: The Case for a Harmonized Response to Asset Bubbles,2013-07-17 17:00:00+00:00,
2294,FED,statement,https://www.federalreserve.gov/newsevents/pressreleases/monetary20130731a.htm,Federal Reserve issues FOMC statement,2013-07-31 18:00:00+00:00,2013-07-31
134,FED,minutes,https://www.federalreserve.gov/monetarypolicy/fomcminutes20130731.htm,Federal Open Market Committee,2013-08-21 18:00:00+00:00,2013-07-31
1980,BOC,speech,https://www.bankofcanada.ca/2013/08/exits-spillovers-monetary-policy-independence/,"Exits, Spillovers and Monetary Policy Independence",2013-08-28 03:59:00+00:00,
2295,FED,statement,https://www.federalreserve.gov/newsevents/pressreleases/monetary20130918a.htm,Federal Reserve issues FOMC statement,2013-09-18 18:00:00+00:00,2013-09-18
1981,BOC,speech,https://www.bankofcanada.ca/2013/09/returning-natural-economic-growth/,Returning to Natural Economic Growth,2013-09-19 03:59:00+00:00,
650,FED,speech,https://www.federalreserve.gov/newsevents/speech/tarullo20130920a.htm,Macroprudential Regulation,2013-09-20 16:40:00+00:00,
1982,BOC,speech,https://www.bankofcanada.ca/2013/09/born-necessity-built-succeed/,Born of Necessity and Built to Succeed: Why Canada and the World Need the Financial Stability Board,2013-09-25 03:59:00+00:00,
651,FED,speech,https://www.federalreserve.gov/newsevents/speech/stein20130926a.htm,Yield-Oriented Investors and the Monetary Transmission Mechanism,2013-09-26 14:10:00+00:00,
1983,BOC,speech,https://www.bankofcanada.ca/2013/10/global-growth-and-prospects-canada-exports/,Global Growth and the Prospects for Canada’s Exports,2013-10-02 03:59:00+00:00,
652,FED,speech,https://www.federalreserve.gov/newsevents/speech/bernanke20131002a.htm,Brief Welcoming Remarks,2013-10-02 19:30:00+00:00,
653,FED,speech,https://www.federalreserve.gov/newsevents/speech/powell20131003a.htm,Community Banking: Connecting Research and Policy,2013-10-03 17:30:00+00:00,
654,FED,speech,https://www.federalreserve.gov/newsevents/speech/stein20131004a.htm,The Fire-Sales Problem and Securities Financing Transactions,2013-10-04 13:30:00+00:00,
135,FED,minutes,https://www.federalreserve.gov/monetarypolicy/fomcminutes20130918.htm,Federal Open Market Committee,2013-10-09 18:00:00+00:00,2013-09-18
655,FED,speech,https://www.federalreserve.gov/newsevents/speech/powell20131011a.htm,Communications Challenges and Quantitative Easing,2013-10-11 15:00:00+00:00,
656,FED,speech,https://www.federalreserve.gov/newsevents/speech/bernanke20131014a.htm,Celebrating 20 Years of the Bank of Mexico&#39;s Independence,2013-10-15 01:00:00+00:00,
657,FED,speech,https://www.federalreserve.gov/newsevents/speech/tarullo20131018a.htm,Toward Building a More Effective Resolution Regime: Progress and Challenges,2013-10-18 17:00:00+00:00,
658,FED,speech,https://www.federalreserve.gov/newsevents/speech/stein20131018a.htm,"Lean, Clean, and In-Between",2013-10-18 20:30:00+00:00,
1984,BOC,speech,https://www.bankofcanada.ca/2013/10/promise-of-potential/,The Promise of Potential,2013-10-30 03:59:00+00:00,
1985,BOC,speech,https://www.bankofcanada.ca/2013/10/opening-statement-29-10-13/,Opening Statement before the House of Commons Standing Committee on Finance,2013-10-30 03:59:00+00:00,
2296,FED,statement,https://www.federalreserve.gov/newsevents/pressreleases/monetary20131030a.htm,Federal Reserve issues FOMC statement,2013-10-30 18:00:00+00:00,2013-10-30
659,FED,speech,https://www.federalreserve.gov/newsevents/speech/powell20131104a.htm,Advanced Economy Monetary Policy and Emerging Market Economies,2013-11-04 16:40:00+00:00,
1986,BOC,speech,https://www.bankofcanada.ca/2013/11/transitioning-more-balanced-and-sustainable-growth/,Transitioning to More Balanced and Sustainable Growth,2013-11-06 04:59:00+00:00,
660,FED,speech,https://www.federalreserve.gov/newsevents/speech/stein20131107a.htm,The Fire-Sales Problem and Securities Financing Transactions,2013-11-07 18:50:00+00:00,
1987,BOC,speech,https://www.bankofcanada.ca/2013/11/5-and-10-bank-note-issue-2/,$5 and $10 Bank Note Issue,2013-11-08 04:59:00+00:00,
1988,BOC,speech,https://www.bankofcanada.ca/2013/11/5-and-10-bank-note-issue/,$5 and $10 Bank Note Issue,2013-11-08 04:59:00+00:00,
661,FED,speech,https://www.federalreserve.gov/newsevents/speech/bernanke20131108a.htm,The Crisis as a Classic Financial Panic,2013-11-08 20:30:00+00:00,
662,FED,speech,https://www.federalreserve.gov/newsevents/speech/bernanke20131113a.htm,Teaching and Learning about the Federal Reserve,2013-11-14 00:00:00+00:00,
663,FED,speech,https://www.federalreserve.gov/newsevents/speech/bernanke20131114a.htm,40th Anniversary of the Annual Conference of the Union of Arab Banks,2013-11-14 14:30:00+00:00,
1702,FED,testimony,https://www.federalreserve.gov/newsevents/testimony/yellen20131114a.htm,Confirmation hearing,2013-11-14 21:30:00+00:00,
1989,BOC,speech,https://www.bankofcanada.ca/2013/11/risk-management-and-financial-reform/,Risk Management and Financial Reform,2013-11-19 04:59:00+00:00,
664,FED,speech,https://www.federalreserve.gov/newsevents/speech/bernanke20131119a.htm,Communication and Monetary Policy,2013-11-20 00:00:00+00:00,
1990,BOC,speech,https://www.bankofcanada.ca/2013/11/price-puzzles-exchange-rate/,Price Puzzles and the Exchange Rate,2013-11-20 04:59:00+00:00,
136,FED,minutes,https://www.federalreserve.gov/monetarypolicy/fomcminutes20131030.htm,Federal Open Market Committee,2013-11-20 19:00:00+00:00,2013-10-30
1991,BOC,speech,https://www.bankofcanada.ca/2013/11/opening-statement-20-11-13/,"Opening Statement before the Senate Standing Committee on Banking, Trade and Commerce",2013-11-21 04:59:00+00:00,
665,FED,speech,https://www.federalreserve.gov/newsevents/speech/powell20131121a.htm,OTC Market Infrastructure Reform:  Opportunities and Challenges,2013-11-21 14:45:00+00:00,
666,FED,speech,https://www.federalreserve.gov/newsevents/speech/tarullo20131122a.htm,Shadow Banking and Systemic Risk Regulation,2013-11-22 17:15:00+00:00,
1992,BOC,speech,https://www.bankofcanada.ca/2013/12/monetary-policy-as-risk-management/,Monetary Policy as Risk Management,2013-12-13 04:59:00+00:00,
667,FED,speech,https://www.federalreserve.gov/newsevents/speech/bernanke20131216a.htm,Opening Remarks,2013-12-16 19:00:00+00:00,
668,FED,speech,https://www.federalreserve.gov/newsevents/speech/bernanke20131216b.htm,Concluding Remarks,2013-12-16 19:00:00+00:00,
2297,FED,statement,https://www.federalreserve.gov/newsevents/pressreleases/monetary20131218a.htm,Federal Reserve issues FOMC statement,2013-12-18 19:00:00+00:00,2013-12-18
669,FED,speech,https://www.federalreserve.gov/newsevents/speech/stein20140103a.htm,Banks as Patient Debt Investors,2014-01-03 18:15:00+00:00,
670,FED,speech,https://www.federalreserve.gov/newsevents/speech/bernanke20140103a.htm,"The Federal Reserve:  Looking Back, Looking Forward",2014-01-03 19:30:00+00:00,
137,FED,minutes,https://www.federalreserve.gov/monetarypolicy/fomcminutes20131218.htm,Federal Open Market Committee,2014-01-08 19:00:00+00:00,2013-12-18
1703,FED,testimony,https://www.federalreserve.gov/newsevents/testimony/gibson20140114a.htm,Physical Commodities,2014-01-15 22:25:00+00:00,
2298,FED,statement,https://www.federalreserve.gov/newsevents/pressreleases/monetary20140129a.htm,Federal Reserve issues FOMC statement,2014-01-29 19:00:00+00:00,2014-01-29
1704,FED,testimony,https://www.federalreserve.gov/newsevents/testimony/tarullo20140205a.htm,Volcker Rule,2014-02-05 22:20:00+00:00,
1705,FED,testimony,https://www.federalreserve.gov/newsevents/testimony/tarullo20140206a.htm,Dodd-Frank Implementation,2014-02-06 12:15:00+00:00,
1993,BOC,speech,https://www.bankofcanada.ca/2014/02/flexible-inflation-targeting-good-bad-disinflation/,Flexible Inflation Targeting and “Good” and “Bad” Disinflation,2014-02-08 04:59:00+00:00,
1706,FED,testimony,https://www.federalreserve.gov/newsevents/testimony/yellen20140211a.htm,Semiannual Monetary Policy Report to the Congress,2014-02-11 13:30:00+00:00,
138,FED,minutes,https://www.federalreserve.gov/monetarypolicy/fomcminutes20140129.htm,Federal Open Market Committee,2014-02-19 19:00:00+00:00,2014-01-29
671,FED,speech,https://www.federalreserve.gov/newsevents/speech/tarullo20140225a.htm,Monetary Policy and Financial Stability,2014-02-25 15:10:00+00:00,
672,FED,speech,https://www.federalreserve.gov/newsevents/speech/stein20140228a.htm,Comments on &quot;Market Tantrums and Monetary Policy&quot;,2014-02-28 15:15:00+00:00,
673,FED,speech,https://www.federalreserve.gov/newsevents/speech/yellen20140305a.htm,Remarks at the Ceremonial Swearing-in,2014-03-05 19:30:00+00:00,
1994,BOC,speech,https://www.bankofcanada.ca/2014/03/stepping-outside-analyzing-canadian-economy/,Stepping Outside: Analyzing the Canadian Economy from an International Perspective,2014-03-07 04:59:00+00:00,
1707,FED,testimony,https://www.federalreserve.gov/newsevents/testimony/powell20140313a.htm,Nomination hearing,2014-03-13 16:30:00+00:00,
1995,BOC,speech,https://www.bankofcanada.ca/2014/03/redefining-limits-to-growth/,Redefining the Limits to Growth,2014-03-19 03:59:00+00:00,
2299,FED,statement,https://www.federalreserve.gov/newsevents/pressreleases/monetary20140319a.htm,Federal Reserve issues FOMC statement,2014-03-19 18:00:00+00:00,2014-03-19
674,FED,speech,https://www.federalreserve.gov/newsevents/speech/stein20140321a.htm,Incorporating Financial Stability Considerations into a Monetary Policy Framework,2014-03-21 23:20:00+00:00,
675,FED,speech,https://www.federalreserve.gov/newsevents/speech/stein20140324a.htm,Welcoming Remarks,2014-03-24 13:00:00+00:00,
1996,BOC,speech,https://www.bankofcanada.ca/2014/03/financial-benchmarks-question-trust/,Financial Benchmarks: A Question of Trust,2014-03-25 03:59:00+00:00,
676,FED,speech,https://www.federalreserve.gov/newsevents/speech/yellen20140325a.htm,Remarks on Women&#39;s History Month,2014-03-25 19:30:00+00:00,
677,FED,speech,https://www.federalreserve.gov/newsevents/speech/tarullo20140327a.htm,Regulating Large Foreign Banking Organizations,2014-03-28 00:20:00+00:00,
678,FED,speech,https://www.federalreserve.gov/newsevents/speech/yellen20140331a.htm,What the Federal Reserve Is Doing to Promote a Stronger Job Market,2014-03-31 13:55:00+00:00,
1997,BOC,speech,https://www.bankofcanada.ca/2014/04/briefing-on-digital-currencies/,Briefing on Digital Currencies,2014-04-03 03:59:00+00:00,
1708,FED,testimony,https://www.federalreserve.gov/newsevents/testimony/alvarez20140408a.htm,Regulatory Rulemakings,2014-04-08 14:00:00+00:00,
139,FED,minutes,https://www.federalreserve.gov/monetarypolicy/fomcminutes20140319.htm,Federal Open Market Committee,2014-04-09 18:00:00+00:00,2014-03-19
679,FED,speech,https://www.federalreserve.gov/newsevents/speech/tarullo20140409a.htm,Longer-Term Challenges for the American Economy,2014-04-09 23:30:00+00:00,
680,FED,speech,https://www.federalreserve.gov/newsevents/speech/yellen20140415a.htm,Opening Remarks,2014-04-15 12:45:00+00:00,
681,FED,speech,https://www.federalreserve.gov/newsevents/speech/yellen20140416a.htm,Monetary Policy and the Economic Recovery,2014-04-16 16:25:00+00:00,
1998,BOC,speech,https://www.bankofcanada.ca/2014/04/opening-statement-16-04-14/,Release of the Monetary Policy Report,2014-04-17 03:59:00+00:00,
1999,BOC,speech,https://www.bankofcanada.ca/2014/04/canadas-hot-not-economy/,Canada’s Hot - and Not - Economy,2014-04-25 03:59:00+00:00,
2000,BOC,speech,https://www.bankofcanada.ca/2014/04/opening-statement-29-04-14/,Opening Statement before the House of Commons Standing Committee on Finance,2014-04-30 03:59:00+00:00,
2300,FED,statement,https://www.federalreserve.gov/newsevents/pressreleases/monetary20140430a.htm,Federal Reserve issues FOMC statement,2014-04-30 18:00:00+00:00,2014-04-30
2001,BOC,speech,https://www.bankofcanada.ca/2014/04/opening-statement-30-04-14/,"Opening Statement before the Senate Standing Committee on Banking, Trade and Commerce",2014-05-01 03:59:00+00:00,
682,FED,speech,https://www.federalreserve.gov/newsevents/speech/yellen20140501a.htm,Tailored Supervision of Community Banks,2014-05-01 12:30:00+00:00,
683,FED,speech,https://www.federalreserve.gov/newsevents/speech/stein20140506a.htm,Challenges for Monetary Policy Communication,2014-05-06 23:00:00+00:00,
1709,FED,testimony,https://www.federalreserve.gov/newsevents/testimony/yellen20140507a.htm,The Economic Outlook,2014-05-07 14:00:00+00:00,
684,FED,speech,https://www.federalreserve.gov/newsevents/speech/tarullo20140508a.htm,Rethinking the Aims of Prudential Regulation,2014-05-08 13:30:00+00:00,
685,FED,speech,https://www.federalreserve.gov/newsevents/speech/yellen20140515a.htm,Small Businesses and the Recovery,2014-05-15 22:10:00+00:00,
2002,BOC,speech,https://www.bankofcanada.ca/2014/05/double-coincidence-needs-pension-funds/,Double Coincidence of Needs: Pension Funds and Financial Stability,2014-05-16 03:59:00+00:00,
686,FED,speech,https://www.federalreserve.gov/newsevents/speech/yellen20140521a.htm,Commencement Remarks,2014-05-21 15:30:00+00:00,
140,FED,minutes,https://www.federalreserve.gov/monetarypolicy/fomcminutes20140430.htm,Federal Open Market Committee,2014-05-21 18:00:00+00:00,2014-04-30
687,FED,speech,https://www.federalreserve.gov/newsevents/speech/powell20140606a.htm,A Conversation on Central Banking Issues,2014-06-06 08:50:00+00:00,
688,FED,speech,https://www.federalreserve.gov/newsevents/speech/tarullo20140609a.htm,Corporate Governance and Prudential Regulation,2014-06-09 16:45:00+00:00,
1710,FED,testimony,https://www.federalreserve.gov/newsevents/testimony/roseman20140611a.htm,Statement for the Record on currency developments and management of coin distribution,2014-06-11 15:30:00+00:00,
2003,BOC,speech,https://www.bankofcanada.ca/2014/06/opening-statement-12-06-14/,Release of the Financial System Review,2014-06-13 03:59:00+00:00,
2301,FED,statement,https://www.federalreserve.gov/newsevents/pressreleases/monetary20140618a.htm,Federal Reserve issues FOMC statement,2014-06-18 18:00:00+00:00,2014-06-18
689,FED,speech,https://www.federalreserve.gov/newsevents/speech/tarullo20140625a.htm,Stress Testing after Five Years,2014-06-25 13:15:00+00:00,
2004,BOC,speech,https://www.bankofcanada.ca/2014/06/dual-vision-canadian-payments-system/,A Dual Vision for the Canadian Payments System,2014-06-28 03:59:00+00:00,
690,FED,speech,https://www.federalreserve.gov/newsevents/speech/yellen20140702a.htm,Monetary Policy and Financial Stability,2014-07-02 15:00:00+00:00,
141,FED,minutes,https://www.federalreserve.gov/monetarypolicy/fomcminutes20140618.htm,Federal Open Market Committee,2014-07-09 18:00:00+00:00,2014-06-18
691,FED,speech,https://www.federalreserve.gov/newsevents/speech/fischer20140710a.htm,Financial Sector Reform: How Far Are We?,2014-07-10 20:30:00+00:00,
1711,FED,testimony,https://www.federalreserve.gov/newsevents/testimony/alvarez20140715a.htm,Department of Justice&#39;s Operation Choke Point,2014-07-15 13:30:00+00:00,
1712,FED,testimony,https://www.federalreserve.gov/newsevents/testimony/yellen20140715a.htm,Semiannual Monetary Policy Report to the Congress,2014-07-15 14:00:00+00:00,
2005,BOC,speech,https://www.bankofcanada.ca/2014/07/opening-statement-16-07-2014/,Release of the Monetary Policy Report,2014-07-17 03:59:00+00:00,
2302,FED,statement,https://www.federalreserve.gov/newsevents/pressreleases/monetary20140730a.htm,Federal Reserve issues FOMC statement,2014-07-30 18:00:00+00:00,2014-07-30
692,FED,speech,https://www.federalreserve.gov/newsevents/speech/fischer20140811a.htm,The Great Recession: Moving Ahead,2014-08-11 07:15:00+00:00,
142,FED,minutes,https://www.federalreserve.gov/monetarypolicy/fomcminutes20140730.htm,Federal Open Market Committee,2014-08-20 18:00:00+00:00,2014-07-30
693,FED,speech,https://www.federalreserve.gov/newsevents/speech/yellen20140822a.htm,Labor Market Dynamics and Monetary Policy,2014-08-22 14:00:00+00:00,
694,FED,speech,https://www.federalreserve.gov/newsevents/speech/powell20140904a.htm,Reforming U.S. Dollar LIBOR:  The Path Forward,2014-09-04 23:00:00+00:00,
1713,FED,testimony,https://www.federalreserve.gov/newsevents/testimony/tarullo20140909a.htm,Dodd-Frank Implementation,2014-09-09 21:10:00+00:00,
1714,FED,testimony,https://www.federalreserve.gov/newsevents/testimony/hunter20140916a.htm,Community Banking,2014-09-16 14:00:00+00:00,
2006,BOC,speech,https://www.bankofcanada.ca/2014/09/float-of-the-loonie/,Float of the Loonie,2014-09-17 03:59:00+00:00,
2303,FED,statement,https://www.federalreserve.gov/newsevents/pressreleases/monetary20140917a.htm,Federal Reserve issues FOMC statement,2014-09-17 18:00:00+00:00,2014-09-17
695,FED,speech,https://www.federalreserve.gov/newsevents/speech/yellen20140918a.htm,The Importance of Asset Building for Low and Middle Income Households,2014-09-18 12:45:00+00:00,
2007,BOC,speech,https://www.bankofcanada.ca/2014/09/monetary-policy-underwhelming-recovery/,Monetary Policy and the Underwhelming Recovery,2014-09-23 03:59:00+00:00,
696,FED,speech,https://www.federalreserve.gov/newsevents/speech/powell20140923a.htm,Introductory Remarks,2014-09-23 13:20:00+00:00,
2008,BOC,speech,https://www.bankofcanada.ca/2014/09/are-we-there-yet/,Are We There Yet? The United States and Canada After the Global Financial Crisis,2014-09-25 03:59:00+00:00,
697,FED,speech,https://www.federalreserve.gov/newsevents/speech/powell20140930a.htm,Remarks on &quot;Government Debt Management at the Zero Lower Bound&quot;,2014-09-30 14:45:00+00:00,
143,FED,minutes,https://www.federalreserve.gov/monetarypolicy/fomcminutes20140917.htm,Federal Open Market Committee,2014-10-08 18:00:00+00:00,2014-09-17
698,FED,speech,https://www.federalreserve.gov/newsevents/speech/fischer20141011a.htm,The Federal Reserve and the Global Economy,2014-10-11 21:00:00+00:00,
699,FED,speech,https://www.federalreserve.gov/newsevents/speech/yellen20141017a.htm,Perspectives on Inequality and Opportunity from the Survey of Consumer Finances,2014-10-17 12:30:00+00:00,
700,FED,speech,https://www.federalreserve.gov/newsevents/speech/powell20141020a.htm,Opening Remarks,2014-10-20 14:00:00+00:00,
701,FED,speech,https://www.federalreserve.gov/newsevents/speech/tarullo20141020a.htm,"Good Compliance, Not Mere Compliance",2014-10-20 16:00:00+00:00,
2009,BOC,speech,https://www.bankofcanada.ca/2014/10/opening-statement-22-10-2014/,Release of the Monetary Policy Report,2014-10-23 03:59:00+00:00,
2304,FED,statement,https://www.federalreserve.gov/newsevents/pressreleases/monetary20141029a.htm,Federal Reserve issues FOMC statement,2014-10-29 18:00:00+00:00,2014-10-29
2010,BOC,speech,https://www.bankofcanada.ca/2014/10/opening-statement-29-10-2014/,"Opening Statement before the Senate Standing Committee on Banking, Trade and Commerce",2014-10-30 03:59:00+00:00,
702,FED,speech,https://www.federalreserve.gov/newsevents/speech/yellen20141030a.htm,Welcoming Remarks,2014-10-30 13:00:00+00:00,
2011,BOC,speech,https://www.bankofcanada.ca/2014/11/legacy-financial-crisis/,"The Legacy of the Financial Crisis: What we know, and what we don’t",2014-11-04 04:59:00+00:00,
2012,BOC,speech,https://www.bankofcanada.ca/2014/11/opening-statement-4-november-2014/,Opening Statement before the House of Commons Standing Committee on Finance,2014-11-05 04:59:00+00:00,
703,FED,speech,https://www.federalreserve.gov/newsevents/speech/powell20141106a.htm,A Financial System Perspective on Central Clearing of Derivatives,2014-11-06 18:30:00+00:00,
704,FED,speech,https://www.federalreserve.gov/newsevents/speech/yellen20141107a.htm,Remarks at the Panel Discussion on &quot;Shaping the Future of the Macroeconomic Policy Mix&quot;,2014-11-07 15:15:00+00:00,
705,FED,speech,https://www.federalreserve.gov/newsevents/speech/tarullo20141107a.htm,A Tiered Approach to Regulation and Supervision of Community Banks,2014-11-07 19:30:00+00:00,
2013,BOC,speech,https://www.bankofcanada.ca/2014/11/money-digital-world/,Money in a Digital World,2014-11-14 04:59:00+00:00,
706,FED,speech,https://www.federalreserve.gov/newsevents/speech/powell20141114a.htm,"Monetary Policy Accommodation, Risk-Taking, and Spillovers",2014-11-14 21:00:00+00:00,
1715,FED,testimony,https://www.federalreserve.gov/newsevents/testimony/sullivan20141118a.htm,International Insurance Regulation,2014-11-18 21:50:00+00:00,
2014,BOC,speech,https://www.bankofcanada.ca/2014/11/inflation-targeting-post-crisis-era/,Inflation Targeting in the Post-Crisis Era,2014-11-19 04:59:00+00:00,
144,FED,minutes,https://www.federalreserve.gov/monetarypolicy/fomcminutes20141029.htm,Federal Open Market Committee,2014-11-19 19:00:00+00:00,2014-10-29
707,FED,speech,https://www.federalreserve.gov/newsevents/speech/tarullo20141120a.htm,Liquidity Regulation,2014-11-20 12:45:00+00:00,
1716,FED,testimony,https://www.federalreserve.gov/newsevents/testimony/tarullo20141121a.htm,Physical Commodities,2014-11-21 14:30:00+00:00,
708,FED,speech,https://www.federalreserve.gov/newsevents/speech/brainard20141202a.htm,Opening Remarks,2014-12-02 17:00:00+00:00,
709,FED,speech,https://www.federalreserve.gov/newsevents/speech/brainard20141203a.htm,The Federal Reserve&#39;s Financial Stability Agenda,2014-12-03 19:00:00+00:00,
2015,BOC,speech,https://www.bankofcanada.ca/2014/12/opening-statement-101214/,Release of the Financial System Review,2014-12-11 04:59:00+00:00,
2016,BOC,speech,https://www.bankofcanada.ca/2014/12/speculating-future-finance/,Speculating on the Future of Finance,2014-12-12 04:59:00+00:00,
2305,FED,statement,https://www.federalreserve.gov/newsevents/pressreleases/monetary20141217a.htm,Federal Reserve issues FOMC statement,2014-12-17 19:00:00+00:00,2014-12-17
145,FED,minutes,https://www.federalreserve.gov/monetarypolicy/fomcminutes20141217.htm,Federal Open Market Committee,2015-01-07 19:00:00+00:00,2014-12-17
2017,BOC,speech,https://www.bankofcanada.ca/2015/01/drilling-down-understanding-oil-prices/,Drilling Down - Understanding Oil Prices and Their Economic Impact,2015-01-14 04:59:00+00:00,
710,FED,speech,https://www.federalreserve.gov/newsevents/speech/powell20150120a.htm,Comments on the Fair and Effective Markets Review,2015-01-20 15:00:00+00:00,
2221,BOC,rate_announcement,https://www.bankofcanada.ca/2015/01/fad-press-release-2015-01-21/,Bank of Canada lowers overnight rate target to 3/4 per cent,2015-01-21 15:00:00+00:00,2015-01-21
2018,BOC,speech,https://www.bankofcanada.ca/2015/01/opening-statement-210115/,Release of the Monetary Policy Report,2015-01-22 04:59:00+00:00,
2306,FED,statement,https://www.federalreserve.gov/newsevents/pressreleases/monetary20150128a.htm,Federal Reserve issues FOMC statement,2015-01-28 19:00:00+00:00,2015-01-28
711,FED,speech,https://www.federalreserve.gov/newsevents/speech/tarullo20150130a.htm,Advancing Macroprudential Policy Objectives,2015-01-30 17:45:00+00:00,
712,FED,speech,https://www.federalreserve.gov/newsevents/speech/powell20150204a.htm,Welcoming Remarks,2015-02-04 15:00:00+00:00,
713,FED,speech,https://www.federalreserve.gov/newsevents/speech/powell20150209a.htm,&quot;Audit the Fed&quot; and Other Proposals,2015-02-09 21:00:00+00:00,
1717,FED,testimony,https://www.federalreserve.gov/newsevents/testimony/hunter20150210a.htm,Community Banks,2015-02-10 22:55:00+00:00,
2019,BOC,speech,https://www.bankofcanada.ca/2015/02/minding-labour-gap/,Minding the Labour Gap,2015-02-11 04:59:00+00:00,
2020,BOC,speech,https://www.bankofcanada.ca/2015/02/opening-statement-17-february-2015/,Opening Statement before the Standing Committee on Finance,2015-02-18 04:59:00+00:00,
146,FED,minutes,https://www.federalreserve.gov/monetarypolicy/fomcminutes20150128.htm,Federal Open Market Committee,2015-02-18 19:00:00+00:00,2015-01-28
714,FED,speech,https://www.federalreserve.gov/newsevents/speech/powell20150218a.htm,"Financial Institutions, Financial Markets, and Financial Stability",2015-02-18 22:00:00+00:00,
2021,BOC,speech,https://www.bankofcanada.ca/2015/02/inflation-expectations-monetary-policy/,"Inflation, Expectations and Monetary Policy",2015-02-20 04:59:00+00:00,
1718,FED,testimony,https://www.federalreserve.gov/newsevents/testimony/yellen20150224a.htm,Semiannual Monetary Policy Report to the Congress,2015-02-24 15:00:00+00:00,
2022,BOC,speech,https://www.bankofcanada.ca/2015/02/lessons-new-old-reinventing-central-banking/,Lessons New and Old: Reinventing Central Banking,2015-02-25 04:59:00+00:00,
715,FED,speech,https://www.federalreserve.gov/newsevents/speech/fischer20150227a.htm,Conducting Monetary Policy with a Large Balance Sheet,2015-02-27 18:30:00+00:00,
716,FED,speech,https://www.federalreserve.gov/newsevents/speech/yellen20150303a.htm,Improving the Oversight of Large Financial Institutions,2015-03-04 01:15:00+00:00,
2222,BOC,rate_announcement,https://www.bankofcanada.ca/2015/03/fad-press-release-2015-03-04/,Bank of Canada maintains overnight rate target at 3/4 per cent,2015-03-04 15:00:00+00:00,2015-03-04
2023,BOC,speech,https://www.bankofcanada.ca/2015/03/opening-statement-12-march-2015/,Opening Statement before the House of Commons Standing Committee on Finance,2015-03-13 03:59:00+00:00,
2307,FED,statement,https://www.federalreserve.gov/newsevents/pressreleases/monetary20150318a.htm,Federal Reserve issues FOMC statement,2015-03-18 18:00:00+00:00,2015-03-18
1719,FED,testimony,https://www.federalreserve.gov/newsevents/testimony/tarullo20150319a.htm,Application of Enhanced Prudential Standards to Bank Holding Companies,2015-03-19 14:00:00+00:00,
717,FED,speech,https://www.federalreserve.gov/newsevents/speech/fischer20150323a.htm,Monetary Policy Lessons and the Way Ahead,2015-03-23 16:20:00+00:00,
2024,BOC,speech,https://www.bankofcanada.ca/2015/03/central-bank-credibility-policy-normalization/,Central Bank Credibility and Policy Normalization,2015-03-27 03:59:00+00:00,
718,FED,speech,https://www.federalreserve.gov/newsevents/speech/fischer20150327a.htm,The Importance of the Nonbank Financial Sector,2015-03-27 10:30:00+00:00,
719,FED,speech,https://www.federalreserve.gov/newsevents/speech/yellen20150327a.htm,Normalizing Monetary Policy:  Prospects and Perspectives,2015-03-27 19:45:00+00:00,
720,FED,speech,https://www.federalreserve.gov/newsevents/speech/fischer20150330a.htm,"Nonbank Financial Intermediation, Financial Stability, and the Road Forward",2015-03-30 23:15:00+00:00,
721,FED,speech,https://www.federalreserve.gov/newsevents/speech/yellen20150402a.htm,Opening Remarks,2015-04-02 12:40:00+00:00,
722,FED,speech,https://www.federalreserve.gov/newsevents/speech/brainard20150402a.htm,Coming of Age in the Great Recession,2015-04-02 19:45:00+00:00,
723,FED,speech,https://www.federalreserve.gov/newsevents/speech/powell20150408a.htm,Remarks on Monetary Policy,2015-04-08 12:00:00+00:00,
147,FED,minutes,https://www.federalreserve.gov/monetarypolicy/fomcminutes20150318.htm,Federal Open Market Committee,2015-04-08 18:00:00+00:00,2015-03-18
2223,BOC,rate_announcement,https://www.bankofcanada.ca/2015/04/fad-press-release-2015-04-15/,Bank of Canada maintains overnight rate target at 3/4 per cent,2015-04-15 14:00:00+00:00,2015-04-15
2025,BOC,speech,https://www.bankofcanada.ca/2015/04/opening-statement-150415/,Release of the Monetary Policy Report,2015-04-16 03:59:00+00:00,
1720,FED,testimony,https://www.federalreserve.gov/newsevents/testimony/hunter20150423a.htm,Community Bank Regulations,2015-04-23 13:15:00+00:00,
1721,FED,testimony,https://www.federalreserve.gov/newsevents/testimony/vanderweide20150428a.htm,Insurance Regulation,2015-04-28 14:00:00+00:00,
2026,BOC,speech,https://www.bankofcanada.ca/2015/04/opening-statement-28-april-2015/,Opening Statement before the House of Commons Standing Committee on Finance,2015-04-29 03:59:00+00:00,
2308,FED,statement,https://www.federalreserve.gov/newsevents/pressreleases/monetary20150429a.htm,Federal Reserve issues FOMC statement,2015-04-29 18:00:00+00:00,2015-04-29
724,FED,speech,https://www.federalreserve.gov/newsevents/speech/tarullo20150430a.htm,Tailoring Community Bank Regulation and Supervision,2015-04-30 12:30:00+00:00,
725,FED,speech,https://www.federalreserve.gov/newsevents/speech/tarullo20150504.htm,Opening Remarks,2015-05-04 13:00:00+00:00,
2027,BOC,speech,https://www.bankofcanada.ca/2015/05/liquid-markets-solid-economy/,Liquid Markets for a Solid Economy,2015-05-06 03:59:00+00:00,
726,FED,speech,https://www.federalreserve.gov/newsevents/speech/yellen20150506a.htm,Finance and Society,2015-05-06 13:15:00+00:00,
727,FED,speech,https://www.federalreserve.gov/newsevents/speech/powell20150514a.htm,Regulation and Supervision of Community Banks,2015-05-14 14:30:00+00:00,
2028,BOC,speech,https://www.bankofcanada.ca/2015/05/fine-tuning-framework-bank-market-operations/,Fine-Tuning the Framework for  the Bank’s Market Operations,2015-05-15 03:59:00+00:00,
2029,BOC,speech,https://www.bankofcanada.ca/2015/05/way-home-reading-economic-signs/,The Way Home: Reading the Economic Signs,2015-05-20 03:59:00+00:00,
148,FED,minutes,https://www.federalreserve.gov/monetarypolicy/fomcminutes20150429.htm,Federal Open Market Committee,2015-05-20 18:00:00+00:00,2015-04-29
728,FED,speech,https://www.federalreserve.gov/newsevents/speech/fischer20150521.htm,"Past, Present, and Future Challenges for the Euro Area",2015-05-21 18:00:00+00:00,
729,FED,speech,https://www.federalreserve.gov/newsevents/speech/yellen20150522a.htm,The Outlook for the Economy,2015-05-22 17:00:00+00:00,
730,FED,speech,https://www.federalreserve.gov/newsevents/speech/fischer20150526a.htm,The Federal Reserve and the Global Economy,2015-05-26 16:30:00+00:00,
2224,BOC,rate_announcement,https://www.bankofcanada.ca/2015/05/fad-press-release-2015-05-27/,Bank of Canada maintains overnight rate target at 3/4 per cent,2015-05-27 14:00:00+00:00,2015-05-27
731,FED,speech,https://www.federalreserve.gov/newsevents/speech/fischer20150601a.htm,What have we learned from the crises of the last 20 years?,2015-06-01 13:30:00+00:00,
732,FED,speech,https://www.federalreserve.gov/newsevents/speech/brainard20150602a.htm,The U.S. Economic Outlook and Implications for Monetary Policy,2015-06-02 14:00:00+00:00,
2030,BOC,speech,https://www.bankofcanada.ca/2015/06/panel-remarks-carolyn-wilkins-080615/,Panel remarks for round table discussion at the 21st Conference of Montréal,2015-06-09 03:59:00+00:00,
2031,BOC,speech,https://www.bankofcanada.ca/2015/06/opening-statement-110615/,Release of the Financial System Review,2015-06-12 03:59:00+00:00,
2309,FED,statement,https://www.federalreserve.gov/newsevents/pressreleases/monetary20150617a.htm,Federal Reserve issues FOMC statement,2015-06-17 18:00:00+00:00,2015-06-17
733,FED,speech,https://www.federalreserve.gov/newsevents/speech/fischer20150624a.htm,Supervisory Stress Testing of Large Systemic Financial Institutions,2015-06-24 13:30:00+00:00,
734,FED,speech,https://www.federalreserve.gov/newsevents/speech/powell20150625a.htm,Building a Safer Payment System,2015-06-25 13:40:00+00:00,
2032,BOC,speech,https://www.bankofcanada.ca/2015/06/building-trust-not-walls-case-cross-border/,"Building Trust, Not Walls: The Case for Cross-Border Financial Integration",2015-06-26 03:59:00+00:00,
735,FED,speech,https://www.federalreserve.gov/newsevents/speech/fischer20150630a.htm,Monetary Policy in the United States and in Developing Countries,2015-06-30 18:00:00+00:00,
736,FED,speech,https://www.federalreserve.gov/newsevents/speech/brainard20150701a.htm,Recent Changes in the Resilience of Market Liquidity,2015-07-01 13:00:00+00:00,
149,FED,minutes,https://www.federalreserve.gov/monetarypolicy/fomcminutes20150617.htm,Federal Open Market Committee,2015-07-08 18:00:00+00:00,2015-06-17
737,FED,speech,https://www.federalreserve.gov/newsevents/speech/brainard20150709a.htm,Dodd-Frank at Five: Assessing Progress on Too Big to Fail,2015-07-09 14:00:00+00:00,
738,FED,speech,https://www.federalreserve.gov/newsevents/speech/yellen20150710a.htm,Recent Developments and the Outlook for the Economy,2015-07-10 16:30:00+00:00,
1722,FED,testimony,https://www.federalreserve.gov/newsevents/testimony/yellen20150715a.htm,Semiannual Monetary Policy Report to the Congress,2015-07-15 12:30:00+00:00,
2225,BOC,rate_announcement,https://www.bankofcanada.ca/2015/07/fad-press-release-2015-07-15/,Bank of Canada lowers overnight rate target to 1/2 per cent,2015-07-15 14:00:00+00:00,2015-07-15
2033,BOC,speech,https://www.bankofcanada.ca/2015/07/opening-statement-150715/,Release of the Monetary Policy Report,2015-07-16 03:59:00+00:00,
2310,FED,statement,https://www.federalreserve.gov/newsevents/pressreleases/monetary20150729a.htm,Federal Reserve issues FOMC statement,2015-07-29 18:00:00+00:00,2015-07-29
739,FED,speech,https://www.federalreserve.gov/newsevents/speech/powell20150803a.htm,Structure and Liquidity in Treasury Markets,2015-08-03 14:50:00+00:00,
150,FED,minutes,https://www.federalreserve.gov/monetarypolicy/fomcminutes20150729.htm,Federal Open Market Committee,2015-08-19 18:00:00+00:00,2015-07-29
2034,BOC,speech,https://www.bankofcanada.ca/2015/08/long-term-evolution-house-prices/,The Long-Term Evolution of House Prices: An International Perspective,2015-08-26 03:59:00+00:00,
740,FED,speech,https://www.federalreserve.gov/newsevents/speech/fischer20150829a.htm,U.S. Inflation Developments,2015-08-29 16:25:00+00:00,
2226,BOC,rate_announcement,https://www.bankofcanada.ca/2015/09/fad-press-release-2015-09-09/,Bank of Canada maintains overnight rate target at 1/2 per cent,2015-09-09 14:00:00+00:00,2015-09-09
2311,FED,statement,https://www.federalreserve.gov/newsevents/pressreleases/monetary20150917a.htm,Federal Reserve issues FOMC statement,2015-09-17 18:00:00+00:00,2015-09-17
2035,BOC,speech,https://www.bankofcanada.ca/2015/09/riding-commodity-cycle-resources-canadian-economy/,Riding the Commodity Cycle: Resources and the Canadian Economy,2015-09-22 03:59:00+00:00,
741,FED,speech,https://www.federalreserve.gov/newsevents/speech/yellen20150924a.htm,Inflation Dynamics and Monetary Policy,2015-09-24 21:00:00+00:00,
742,FED,speech,https://www.federalreserve.gov/newsevents/speech/tarullo20150928a.htm,Capital Regulation Across Financial Intermediaries,2015-09-28 09:15:00+00:00,
1723,FED,testimony,https://www.federalreserve.gov/newsevents/testimony/sullivan20150929a.htm,Insurance Regulation,2015-09-29 18:00:00+00:00,
743,FED,speech,https://www.federalreserve.gov/newsevents/speech/yellen20150930a.htm,Welcoming Remarks,2015-09-30 19:00:00+00:00,
744,FED,speech,https://www.federalreserve.gov/newsevents/speech/brainard20150930a.htm,"Community Banks, Small Business Credit, and Online Lending",2015-10-01 00:15:00+00:00,
745,FED,speech,https://www.federalreserve.gov/newsevents/speech/fischer20151002a.htm,Macroprudential Policy in the U.S. Economy,2015-10-02 17:30:00+00:00,
151,FED,minutes,https://www.federalreserve.gov/monetarypolicy/fomcminutes20150917.htm,Federal Open Market Committee,2015-10-08 18:00:00+00:00,2015-09-17
2036,BOC,speech,https://www.bankofcanada.ca/2015/10/integrating-financial-stability-into-monetary-policy-10102015/,Integrating Financial Stability into Monetary Policy,2015-10-11 03:59:00+00:00,
746,FED,speech,https://www.federalreserve.gov/newsevents/speech/fischer20151011a.htm,U.S. Economy and Monetary Policy,2015-10-11 13:30:00+00:00,
747,FED,speech,https://www.federalreserve.gov/newsevents/speech/brainard20151012a.htm,Economic Outlook and Monetary Policy,2015-10-12 20:30:00+00:00,
2037,BOC,speech,https://www.bankofcanada.ca/2015/10/integrating-financial-stability-into-monetary-policy/,Integrating Financial Stability into Monetary Policy,2015-10-13 03:59:00+00:00,
748,FED,speech,https://www.federalreserve.gov/newsevents/speech/brainard20151019a.htm,Identifying Opportunities for Reducing Regulatory Burdens on Community Banks,2015-10-19 14:00:00+00:00,
749,FED,speech,https://www.federalreserve.gov/newsevents/speech/powell20151020a.htm,The Evolving Structure of U.S. Treasury Markets,2015-10-20 13:15:00+00:00,
750,FED,speech,https://www.federalreserve.gov/newsevents/speech/yellen20151020a.htm,Brief Remarks,2015-10-20 15:00:00+00:00,
2227,BOC,rate_announcement,https://www.bankofcanada.ca/2015/10/fad-press-release-2015-10-21/,Bank of Canada maintains overnight rate target at 1/2 per cent,2015-10-21 14:00:00+00:00,2015-10-21
2038,BOC,speech,https://www.bankofcanada.ca/2015/10/opening-statement-211015/,Release of the Monetary Policy Report,2015-10-22 03:59:00+00:00,
2039,BOC,speech,https://www.bankofcanada.ca/2015/10/inflation-targeting-matter-time/,Inflation Targeting—A Matter of Time,2015-10-28 03:59:00+00:00,
2312,FED,statement,https://www.federalreserve.gov/newsevents/pressreleases/monetary20151028a.htm,Federal Reserve issues FOMC statement,2015-10-28 18:00:00+00:00,2015-10-28
1724,FED,testimony,https://www.federalreserve.gov/newsevents/testimony/yellen20151104a.htm,Supervision and Regulation,2015-11-04 15:00:00+00:00,
751,FED,speech,https://www.federalreserve.gov/newsevents/speech/fischer20151104a.htm,Central Bank Independence,2015-11-05 00:30:00+00:00,
752,FED,speech,https://www.federalreserve.gov/newsevents/speech/tarullo20151105a.htm,Shared Responsibility for the Regulation of International Banks,2015-11-05 18:25:00+00:00,
753,FED,speech,https://www.federalreserve.gov/newsevents/speech/brainard20151106a.htm,Unconventional Monetary Policy and Cross-Border Spillovers,2015-11-06 21:15:00+00:00,
754,FED,speech,https://www.federalreserve.gov/newsevents/speech/yellen20151112a.htm,Welcoming Remarks,2015-11-12 14:30:00+00:00,
755,FED,speech,https://www.federalreserve.gov/newsevents/speech/fischer20151112a.htm,The Transmission of Exchange Rate Changes to Output and Inflation,2015-11-12 23:00:00+00:00,
2040,BOC,speech,https://www.bankofcanada.ca/2015/11/innovation-central-bank-style/,"Innovation, Central-Bank Style",2015-11-14 04:59:00+00:00,
756,FED,speech,https://www.federalreserve.gov/newsevents/speech/powell20151117a.htm,Central Clearing in an Interdependent World,2015-11-17 18:15:00+00:00,
757,FED,speech,https://www.federalreserve.gov/newsevents/speech/tarullo20151117a.htm,Thinking Critically about Nonbank Financial Intermediation,2015-11-17 20:30:00+00:00,
152,FED,minutes,https://www.federalreserve.gov/monetarypolicy/fomcminutes20151028.htm,Federal Open Market Committee,2015-11-18 19:00:00+00:00,2015-10-28
758,FED,speech,https://www.federalreserve.gov/newsevents/speech/fischer20151119a.htm,Emerging Asia in Transition,2015-11-19 21:45:00+00:00,
759,FED,speech,https://www.federalreserve.gov/newsevents/speech/powell20151120a.htm,Opening Remarks,2015-11-20 18:00:00+00:00,
760,FED,speech,https://www.federalreserve.gov/newsevents/speech/brainard20151201a.htm,Normalizing Monetary Policy When the Neutral Interest Rate Is Low,2015-12-02 01:00:00+00:00,
761,FED,speech,https://www.federalreserve.gov/newsevents/speech/tarullo20151202a.htm,Opening Remarks,2015-12-02 14:00:00+00:00,
2228,BOC,rate_announcement,https://www.bankofcanada.ca/2015/12/fad-press-release-2015-12-02/,Bank of Canada maintains overnight rate target at 1/2 per cent,2015-12-02 15:00:00+00:00,2015-12-02
762,FED,speech,https://www.federalreserve.gov/newsevents/speech/yellen20151202a.htm,The Economic Outlook and Monetary Policy,2015-12-02 17:25:00+00:00,
1725,FED,testimony,https://www.federalreserve.gov/newsevents/testimony/yellen20151203a.htm,Economic Outlook,2015-12-03 15:00:00+00:00,
763,FED,speech,https://www.federalreserve.gov/newsevents/speech/fischer20151203a.htm,Financial Stability and Shadow Banks: What We Don&#39;t Know Could Hurt Us,2015-12-03 18:10:00+00:00,
2041,BOC,speech,https://www.bankofcanada.ca/2015/12/prudent-preparation-evolution-unconventional-monetary-policies/,Prudent Preparation: The Evolution of Unconventional Monetary Policies,2015-12-09 04:59:00+00:00,
2042,BOC,speech,https://www.bankofcanada.ca/2015/12/opening-statement-151215/,Release of the Financial System Review,2015-12-16 04:59:00+00:00,
2313,FED,statement,https://www.federalreserve.gov/newsevents/pressreleases/monetary20151216a.htm,Federal Reserve issues FOMC statement,2015-12-16 19:00:00+00:00,2015-12-16
764,FED,speech,https://www.federalreserve.gov/newsevents/speech/fischer20160103a.htm,"Monetary Policy, Financial Stability, and the Zero Lower Bound",2016-01-03 10:30:00+00:00,
153,FED,minutes,https://www.federalreserve.gov/monetarypolicy/fomcminutes20151216.htm,Federal Open Market Committee,2016-01-06 19:00:00+00:00,2015-12-16
2043,BOC,speech,https://www.bankofcanada.ca/2016/01/life-after-liftoff-divergence-u-s-monetary/,Life After Liftoff: Divergence and U.S. Monetary Policy Normalization,2016-01-08 04:59:00+00:00,
2229,BOC,rate_announcement,https://www.bankofcanada.ca/2016/01/fad-press-release-2016-01-20/,Bank of Canada maintains overnight rate target at 1/2 per cent,2016-01-20 15:00:00+00:00,2016-01-20
2044,BOC,speech,https://www.bankofcanada.ca/2016/01/opening-statement-200116/,Monetary Policy Report Press Conference Opening Statement,2016-01-21 04:59:00+00:00,
2314,FED,statement,https://www.federalreserve.gov/newsevents/pressreleases/monetary20160127a.htm,Federal Reserve issues FOMC statement,2016-01-27 19:00:00+00:00,2016-01-27
765,FED,speech,https://www.federalreserve.gov/newsevents/speech/fischer20160201a.htm,Recent Monetary Policy,2016-02-01 18:00:00+00:00,
2045,BOC,speech,https://www.bankofcanada.ca/2016/02/opening-statement-3-february-2016/,"Opening Statement before the Standing Senate Committee on Banking, Trade and Commerce",2016-02-04 04:59:00+00:00,
2046,BOC,speech,https://www.bankofcanada.ca/2016/02/monetary-policy-financial-stability-looking-right-tools/,Monetary Policy and Financial Stability—Looking for the Right Tools,2016-02-09 04:59:00+00:00,
1726,FED,testimony,https://www.federalreserve.gov/newsevents/testimony/yellen20160210a.htm,Semiannual Monetary Policy Report to the Congress,2016-02-10 13:30:00+00:00,
766,FED,speech,https://www.federalreserve.gov/newsevents/speech/fischer20160210a.htm,The Lender of Last Resort Function in the United States,2016-02-10 14:00:00+00:00,
154,FED,minutes,https://www.federalreserve.gov/monetarypolicy/fomcminutes20160127.htm,Federal Open Market Committee,2016-02-17 19:00:00+00:00,2016-01-27
767,FED,speech,https://www.federalreserve.gov/newsevents/speech/fischer20160223a.htm,Recent Monetary Policy Developments,2016-02-24 01:30:00+00:00,
2047,BOC,speech,https://www.bankofcanada.ca/2016/02/connecting-dots-elevated-household-debt-risk/,Connecting the Dots: Elevated Household Debt and the Risk to Financial Stability,2016-02-25 04:59:00+00:00,
768,FED,speech,https://www.federalreserve.gov/newsevents/speech/powell20160226a.htm,Discussion of the paper &quot;Language after Liftoff: Fed Communication Away from the Zero Lower Bound&quot;,2016-02-26 15:15:00+00:00,
769,FED,speech,https://www.federalreserve.gov/newsevents/speech/brainard20160226a.htm,What Happened to the Great Divergence?,2016-02-26 18:30:00+00:00,
770,FED,speech,https://www.federalreserve.gov/newsevents/speech/fischer20160307a.htm,Reflections on Macroeconomics Then and Now,2016-03-07 18:00:00+00:00,
771,FED,speech,https://www.federalreserve.gov/newsevents/speech/brainard20160307a.htm,"An Update on the Outlook, Liquidity, and Resilience",2016-03-07 18:00:00+00:00,
2230,BOC,rate_announcement,https://www.bankofcanada.ca/2016/03/fad-press-release-2016-03-09/,Bank of Canada maintains overnight rate target at 1/2 per cent,2016-03-09 15:00:00+00:00,2016-03-09
2315,FED,statement,https://www.federalreserve.gov/newsevents/pressreleases/monetary20160316a.htm,Federal Reserve issues FOMC statement,2016-03-16 18:00:00+00:00,2016-03-16
772,FED,speech,https://www.federalreserve.gov/newsevents/speech/yellen20160329a.htm,"The Outlook, Uncertainty, and Monetary Policy",2016-03-29 16:20:00+00:00,
2048,BOC,speech,https://www.bankofcanada.ca/2016/03/adjusting-fall-commodity-prices/,Adjusting to the Fall in Commodity Prices: One Step at a Time,2016-03-31 03:59:00+00:00,
2049,BOC,speech,https://www.bankofcanada.ca/2016/04/china-great-transition-what-means-canada/,China’s Great Transition: What It Means for Canada,2016-04-06 03:59:00+00:00,
155,FED,minutes,https://www.federalreserve.gov/monetarypolicy/fomcminutes20160316.htm,Federal Open Market Committee,2016-04-06 18:00:00+00:00,2016-03-16
2231,BOC,rate_announcement,https://www.bankofcanada.ca/2016/04/fad-press-release-2016-04-13/,Bank of Canada maintains overnight rate target at 1/2 per cent,2016-04-13 14:00:00+00:00,2016-04-13
2050,BOC,speech,https://www.bankofcanada.ca/2016/04/opening-statement-130416/,Monetary Policy Report Press Conference Opening Statement,2016-04-14 03:59:00+00:00,
1727,FED,testimony,https://www.federalreserve.gov/newsevents/testimony/powell20160414.htm,Trends in Fixed-Income Markets,2016-04-14 13:30:00+00:00,
773,FED,speech,https://www.federalreserve.gov/newsevents/speech/brainard20160414a.htm,"The Use of Distributed Ledger Technologies in Payment, Clearing, and Settlement",2016-04-14 17:15:00+00:00,
2051,BOC,speech,https://www.bankofcanada.ca/2016/04/opening-statement-19-april-2016/,Opening Statement before the House of Commons Standing Committee on Finance,2016-04-20 03:59:00+00:00,
2052,BOC,speech,https://www.bankofcanada.ca/2016/04/opening-statement-20-april-2016/,"Opening Statement before the Standing Senate Committee on Banking, Trade and Commerce",2016-04-21 03:59:00+00:00,
2053,BOC,speech,https://www.bankofcanada.ca/2016/04/new-balance-point-global-trade-productivity-economic-growth/,"A New Balance Point: Global Trade, Productivity and Economic Growth",2016-04-27 03:59:00+00:00,
2316,FED,statement,https://www.federalreserve.gov/newsevents/pressreleases/monetary20160427a.htm,Federal Reserve issues FOMC statement,2016-04-27 18:00:00+00:00,2016-04-27
2054,BOC,speech,https://www.bankofcanada.ca/2016/05/stress-prevention-central-banks-financial-stability/,Stress Prevention: Central Banks and Financial Stability,2016-05-07 03:59:00+00:00,
156,FED,minutes,https://www.federalreserve.gov/monetarypolicy/fomcminutes20160427.htm,Federal Open Market Committee,2016-05-18 18:00:00+00:00,2016-04-27
774,FED,speech,https://www.federalreserve.gov/newsevents/speech/fischer20160519.htm,"(Money), Interest and Prices: Patinkin and Woodford",2016-05-19 13:15:00+00:00,
775,FED,speech,https://www.federalreserve.gov/newsevents/speech/tarullo20160520a.htm,Insurance Companies and the Role of the Federal Reserve,2016-05-20 13:00:00+00:00,
2232,BOC,rate_announcement,https://www.bankofcanada.ca/2016/05/fad-press-release-2016-05-25/,Bank of Canada maintains overnight rate target at 1/2 per cent,2016-05-25 14:00:00+00:00,2016-05-25
776,FED,speech,https://www.federalreserve.gov/newsevents/speech/powell20160526a.htm,"Recent Economic Developments, the Productive Potential of the Economy, and Monetary Policy",2016-05-26 16:15:00+00:00,
777,FED,speech,https://www.federalreserve.gov/newsevents/speech/brainard20160603a.htm,The Economic Outlook and Implications for Monetary Policy,2016-06-03 16:30:00+00:00,
778,FED,speech,https://www.federalreserve.gov/newsevents/speech/yellen20160606a.htm,Current Conditions and the Outlook for the U.S. Economy,2016-06-06 16:30:00+00:00,
2055,BOC,speech,https://www.bankofcanada.ca/2016/06/opening-statement-090616/,Release of the Financial System Review,2016-06-10 03:59:00+00:00,
2317,FED,statement,https://www.federalreserve.gov/newsevents/pressreleases/monetary20160615a.htm,Federal Reserve issues FOMC statement,2016-06-15 18:00:00+00:00,2016-06-15
2056,BOC,speech,https://www.bankofcanada.ca/2016/06/canadian-economy-progress-report/,The Canadian Economy: A Progress Report,2016-06-16 03:59:00+00:00,
2057,BOC,speech,https://www.bankofcanada.ca/2016/06/fintech-financial-ecosystem-evolution-revolution/,Fintech and the Financial Ecosystem: Evolution or Revolution?,2016-06-18 03:59:00+00:00,
1728,FED,testimony,https://www.federalreserve.gov/newsevents/testimony/yellen20160621a.htm,Semiannual Monetary Policy Report to the Congress,2016-06-21 14:00:00+00:00,
779,FED,speech,https://www.federalreserve.gov/newsevents/speech/powell20160621a.htm,Introductory Comments,2016-06-21 18:30:00+00:00,
780,FED,speech,https://www.federalreserve.gov/newsevents/speech/fischer20160622a.htm,Comments on the Resolution Framework for Banks and Bank Holding Companies in the United States,2016-06-22 13:25:00+00:00,
781,FED,speech,https://www.federalreserve.gov/newsevents/speech/powell20160628a.htm,"Recent Economic Developments, Monetary Policy Considerations and Longer-term Prospects",2016-06-28 23:00:00+00:00,
157,FED,minutes,https://www.federalreserve.gov/monetarypolicy/fomcminutes20160615.htm,Federal Open Market Committee,2016-07-06 18:00:00+00:00,2016-06-15
782,FED,speech,https://www.federalreserve.gov/newsevents/speech/tarullo20160712a.htm,Opening Remarks,2016-07-12 13:15:00+00:00,
2233,BOC,rate_announcement,https://www.bankofcanada.ca/2016/07/fad-press-release-2016-07-13/,Bank of Canada maintains overnight rate target at 1/2 per cent,2016-07-13 14:00:00+00:00,2016-07-13
2058,BOC,speech,https://www.bankofcanada.ca/2016/07/opening-statement-130716/,Monetary Policy Report Press Conference Opening Statement,2016-07-14 03:59:00+00:00,
2318,FED,statement,https://www.federalreserve.gov/newsevents/pressreleases/monetary20160727a.htm,Federal Reserve issues FOMC statement,2016-07-27 18:00:00+00:00,2016-07-27
158,FED,minutes,https://www.federalreserve.gov/monetarypolicy/fomcminutes20160727.htm,Federal Open Market Committee,2016-08-17 18:00:00+00:00,2016-07-27
783,FED,speech,https://www.federalreserve.gov/newsevents/speech/fischer20160821a.htm,Remarks on the U.S. Economy,2016-08-21 14:15:00+00:00,
784,FED,speech,https://www.federalreserve.gov/newsevents/speech/yellen20160826a.htm,"The Federal Reserve&#39;s Monetary Policy Toolkit: Past, Present, and Future",2016-08-26 14:00:00+00:00,
2234,BOC,rate_announcement,https://www.bankofcanada.ca/2016/09/fad-press-release-2016-09-07/,Bank of Canada maintains overnight rate target at 1/2 per cent,2016-09-07 14:00:00+00:00,2016-09-07
785,FED,speech,https://www.federalreserve.gov/newsevents/speech/brainard20160912a.htm,The &quot;New Normal&quot; and What It Means for Monetary Policy,2016-09-12 17:15:00+00:00,
2059,BOC,speech,https://www.bankofcanada.ca/2016/09/slow-long-financial-stability/,(S)low for Long and Financial Stability,2016-09-15 03:59:00+00:00,
2060,BOC,speech,https://www.bankofcanada.ca/2016/09/living-lower-longer/,Living with Lower for Longer,2016-09-21 03:59:00+00:00,
2319,FED,statement,https://www.federalreserve.gov/newsevents/pressreleases/monetary20160921a.htm,Federal Reserve issues FOMC statement,2016-09-21 18:00:00+00:00,2016-09-21
786,FED,speech,https://www.federalreserve.gov/newsevents/speech/tarullo20160926a.htm,Next Steps in the Evolution of Stress Testing,2016-09-26 15:45:00+00:00,
787,FED,speech,https://www.federalreserve.gov/newsevents/speech/fischer20160927a.htm,Why Study Economics?,2016-09-27 15:15:00+00:00,
1729,FED,testimony,https://www.federalreserve.gov/newsevents/testimony/yellen20160928a.htm,Supervision and Regulation,2016-09-28 14:00:00+00:00,
1730,FED,testimony,https://www.federalreserve.gov/newsevents/testimony/sullivan20160928a.htm,Insurance Regulation,2016-09-28 18:00:00+00:00,
788,FED,speech,https://www.federalreserve.gov/newsevents/speech/powell20160929a.htm,Trends in Community Bank Performance over the Past 20 Years,2016-09-29 14:00:00+00:00,
789,FED,speech,https://www.federalreserve.gov/newsevents/speech/yellen20160929a.htm,Brief Remarks,2016-09-29 20:00:00+00:00,
790,FED,speech,https://www.federalreserve.gov/newsevents/speech/fischer20161005a.htm,Low Interest Rates,2016-10-05 23:15:00+00:00,
2061,BOC,speech,https://www.bankofcanada.ca/2016/10/economic-trends-monetary-policy/,Economic Trends and Monetary Policy,2016-10-07 03:59:00+00:00,
791,FED,speech,https://www.federalreserve.gov/newsevents/speech/brainard20161007a.htm,"Distributed Ledger Technology: Implications for Payments, Clearing, and Settlement",2016-10-07 20:00:00+00:00,
792,FED,speech,https://www.federalreserve.gov/newsevents/speech/fischer20161009a.htm,The U.S. Economy and Monetary Policy,2016-10-09 12:55:00+00:00,
159,FED,minutes,https://www.federalreserve.gov/monetarypolicy/fomcminutes20160921.htm,Federal Open Market Committee,2016-10-12 18:00:00+00:00,2016-09-21
793,FED,speech,https://www.federalreserve.gov/newsevents/speech/yellen20161014a.htm,Macroeconomic Research After the Crisis,2016-10-14 17:30:00+00:00,
794,FED,speech,https://www.federalreserve.gov/newsevents/speech/fischer20161017a.htm,Why Are Interest Rates So Low? Causes and Implications,2016-10-17 16:15:00+00:00,
2235,BOC,rate_announcement,https://www.bankofcanada.ca/2016/10/fad-press-release-2016-10-19/,Bank of Canada maintains overnight rate target at 1/2 per cent,2016-10-19 14:00:00+00:00,2016-10-19
2062,BOC,speech,https://www.bankofcanada.ca/2016/10/opening-statement-19-october-2016/,"Opening Statement before the Standing Senate Committee on Banking, Trade and Commerce",2016-10-20 03:59:00+00:00,
2063,BOC,speech,https://www.bankofcanada.ca/2016/10/opening-statement-191016/,Monetary Policy Report Press Conference Opening Statement,2016-10-20 03:59:00+00:00,
795,FED,speech,https://www.federalreserve.gov/newsevents/speech/tarullo20161021a.htm,Pedagogy and Scholarship in a Post-Crisis World,2016-10-21 14:15:00+00:00,
796,FED,speech,https://www.federalreserve.gov/newsevents/speech/powell20161024.htm,Opening Remarks on Government Securities Settlement,2016-10-24 18:00:00+00:00,
2064,BOC,speech,https://www.bankofcanada.ca/2016/10/opening-statement-24-october-2016/,Opening Statement before the House of Commons Standing Committee on Finance,2016-10-25 03:59:00+00:00,
2065,BOC,speech,https://www.bankofcanada.ca/2016/11/25-years-inflation-targets-certainty-uncertain-times/,25 Years of Inflation Targets: Certainty for Uncertain Times,2016-11-02 03:59:00+00:00,
2320,FED,statement,https://www.federalreserve.gov/newsevents/pressreleases/monetary20161102a.htm,Federal Reserve issues FOMC statement,2016-11-02 18:00:00+00:00,2016-11-02
797,FED,speech,https://www.federalreserve.gov/newsevents/speech/fischer20161104a.htm,The Economic Outlook,2016-11-04 20:00:00+00:00,
2066,BOC,speech,https://www.bankofcanada.ca/2016/11/wood-wheat-wheels-web-historical-pivots/,"Wood, Wheat, Wheels and the Web: Historical Pivots and Future Prospects for Canadian Exports",2016-11-09 04:59:00+00:00,
798,FED,speech,https://www.federalreserve.gov/newsevents/speech/fischer20161111a.htm,U.S. Monetary Policy from an International Perspective,2016-11-11 13:30:00+00:00,
799,FED,speech,https://www.federalreserve.gov/newsevents/speech/fischer20161115a.htm,Is There a Liquidity Problem Post-Crisis?,2016-11-15 18:30:00+00:00,
2067,BOC,speech,https://www.bankofcanada.ca/2016/11/follow-money-canadian-perspective-financial-globalization/,Follow the Money: A Canadian Perspective on Financial Globalization,2016-11-17 04:59:00+00:00,
1731,FED,testimony,https://www.federalreserve.gov/newsevents/testimony/yellen20161117a.htm,The Economic Outlook,2016-11-17 13:00:00+00:00,
800,FED,speech,https://www.federalreserve.gov/newsevents/speech/brainard20161117a.htm,The &quot;Gig&quot; Economy: Implications of the Growth of Contingent Work,2016-11-17 17:30:00+00:00,
801,FED,speech,https://www.federalreserve.gov/newsevents/speech/powell20161118a.htm,The Global Trade Slowdown and Its Implications for Emerging Asia,2016-11-19 02:45:00+00:00,
802,FED,speech,https://www.federalreserve.gov/newsevents/speech/fischer20161121a.htm,Longer-Term Challenges for the U.S. Economy,2016-11-21 13:00:00+00:00,
160,FED,minutes,https://www.federalreserve.gov/monetarypolicy/fomcminutes20161102.htm,Federal Open Market Committee,2016-11-23 19:00:00+00:00,2016-11-02
2068,BOC,speech,https://www.bankofcanada.ca/2016/11/hewers-wood-hewers-code-canada-expanding-service/,From Hewers of Wood to Hewers of Code: Canada’s Expanding Service Economy,2016-11-29 04:59:00+00:00,
803,FED,speech,https://www.federalreserve.gov/newsevents/speech/powell20161129a.htm,Recent Economic Developments and Longer-Run Challenges,2016-11-29 17:40:00+00:00,
804,FED,speech,https://www.federalreserve.gov/newsevents/speech/powell20161130a.htm,A View from the Fed,2016-11-30 16:45:00+00:00,
805,FED,speech,https://www.federalreserve.gov/newsevents/speech/brainard20161202a.htm,The Opportunities and Challenges of Fintech,2016-12-02 13:45:00+00:00,
806,FED,speech,https://www.federalreserve.gov/newsevents/speech/tarullo20161202a.htm,Financial Regulation Since the Crisis,2016-12-02 18:00:00+00:00,
2236,BOC,rate_announcement,https://www.bankofcanada.ca/2016/12/fad-press-release-2016-12-07/,Bank of Canada maintains overnight rate target at 1/2 per cent,2016-12-07 15:00:00+00:00,2016-12-07
2069,BOC,speech,https://www.bankofcanada.ca/2016/12/engaging-canadians-banknoteable-process/,Engaging Canadians: a #bankNOTEable process,2016-12-09 04:59:00+00:00,
2321,FED,statement,https://www.federalreserve.gov/newsevents/pressreleases/monetary20161214a.htm,Federal Reserve issues FOMC statement,2016-12-14 19:00:00+00:00,2016-12-14
2070,BOC,speech,https://www.bankofcanada.ca/2016/12/opening-statement-151216/,Release of the Financial System Review,2016-12-16 04:59:00+00:00,
161,FED,minutes,https://www.federalreserve.gov/monetarypolicy/fomcminutes20161214.htm,Federal Open Market Committee,2017-01-04 19:00:00+00:00,2016-12-14
807,FED,speech,https://www.federalreserve.gov/newsevents/speech/powell20170107a.htm,Low Interest Rates and the Financial System,2017-01-07 16:15:00+00:00,
808,FED,speech,https://www.federalreserve.gov/newsevents/speech/yellen20170112a.htm,Welcoming Remarks,2017-01-13 00:00:00+00:00,
809,FED,speech,https://www.federalreserve.gov/newsevents/speech/brainard20170117a.htm,Monetary Policy in a Time of Uncertainty,2017-01-17 15:00:00+00:00,
2237,BOC,rate_announcement,https://www.bankofcanada.ca/2017/01/fad-press-release-2017-01-18/,Bank of Canada maintains overnight rate target at 1/2 per cent,2017-01-18 15:00:00+00:00,2017-01-18
810,FED,speech,https://www.federalreserve.gov/newsevents/speech/yellen20170118a.htm,The Goals of Monetary Policy and How We Pursue Them,2017-01-18 20:00:00+00:00,
2071,BOC,speech,https://www.bankofcanada.ca/2017/01/opening-statement-180117/,Monetary Policy Report Press Conference Opening Statement,2017-01-19 04:59:00+00:00,
811,FED,speech,https://www.federalreserve.gov/newsevents/speech/yellen20170119a.htm,The Economic Outlook and the Conduct of Monetary Policy,2017-01-20 01:00:00+00:00,
2072,BOC,speech,https://www.bankofcanada.ca/2017/01/opening-statement-30-january-2017/,Opening Statement before the House of Commons Standing Committee on Finance,2017-01-31 04:59:00+00:00,
2073,BOC,speech,https://www.bankofcanada.ca/2017/01/models-art-science-making-monetary-policy/,Models and the Art and Science of Making Monetary Policy,2017-02-01 04:59:00+00:00,
2322,FED,statement,https://www.federalreserve.gov/newsevents/pressreleases/monetary20170201a.htm,Federal Reserve issues FOMC statement,2017-02-01 19:00:00+00:00,2017-02-01
2074,BOC,speech,https://www.bankofcanada.ca/2017/02/getting-core-inflation/,Getting to the Core of Inflation,2017-02-10 04:59:00+00:00,
812,FED,speech,https://www.federalreserve.gov/newsevents/speech/fischer20170211a.htm,"&quot;I&#39;d Rather Have Bob Solow Than an Econometric Model, But ...&quot;",2017-02-11 11:30:00+00:00,
1732,FED,testimony,https://www.federalreserve.gov/newsevents/testimony/yellen20170214a.htm,Semiannual Monetary Policy Report to the Congress,2017-02-14 15:00:00+00:00,
813,FED,speech,https://www.federalreserve.gov/newsevents/speech/powell20170222a.htm,The Economic Outlook and Monetary Policy,2017-02-22 18:00:00+00:00,
162,FED,minutes,https://www.federalreserve.gov/monetarypolicy/fomcminutes20170201.htm,Federal Open Market Committee,2017-02-22 19:00:00+00:00,2017-02-01
2238,BOC,rate_announcement,https://www.bankofcanada.ca/2017/03/fad-press-release-2017-03-01/,Bank of Canada maintains overnight rate target at 1/2 per cent,2017-03-01 15:00:00+00:00,2017-03-01
814,FED,speech,https://www.federalreserve.gov/newsevents/speech/brainard20170301a.htm,Transitions in the Outlook and Monetary Policy,2017-03-01 23:00:00+00:00,
2075,BOC,speech,https://www.bankofcanada.ca/2017/03/thermometer-rising-climate-change-canada-economic-future/,Thermometer Rising—Climate Change and Canada’s Economic Future,2017-03-03 04:59:00+00:00,
815,FED,speech,https://www.federalreserve.gov/newsevents/speech/powell20170303a.htm,"Innovation, Technology, and the Payments System",2017-03-03 17:15:00+00:00,
816,FED,speech,https://www.federalreserve.gov/newsevents/speech/fischer20170303a.htm,"Monetary Policy: By Rule, By Committee, or By Both?",2017-03-03 17:30:00+00:00,
817,FED,speech,https://www.federalreserve.gov/newsevents/speech/yellen20170303a.htm,From Adding Accommodation to Scaling It Back,2017-03-03 18:00:00+00:00,
2323,FED,statement,https://www.federalreserve.gov/newsevents/pressreleases/monetary20170315a.htm,Federal Reserve issues FOMC statement,2017-03-15 18:00:00+00:00,2017-03-15
2076,BOC,speech,https://www.bankofcanada.ca/2017/03/getting-down-business-investment-economic-outlook/,Getting Down to Business: Investment and the Economic Outlook,2017-03-22 03:59:00+00:00,
818,FED,speech,https://www.federalreserve.gov/newsevents/speech/yellen20170323a.htm,Welcoming Remarks,2017-03-23 12:45:00+00:00,
819,FED,speech,https://www.federalreserve.gov/newsevents/speech/yellen20170328a.htm,Addressing Workforce Development Challenges in Low-Income Communities,2017-03-28 16:50:00+00:00,
820,FED,speech,https://www.federalreserve.gov/newsevents/speech/powell20170328a.htm,America&#39;s Central Bank: The History and Structure of the Federal Reserve,2017-03-28 20:30:00+00:00,
2077,BOC,speech,https://www.bankofcanada.ca/2017/03/canada-150-takes-world-raise-nation/,Canada at 150: It Takes a World to Raise a Nation,2017-03-29 03:59:00+00:00,
821,FED,speech,https://www.federalreserve.gov/newsevents/speech/tarullo20170404a.htm,Departing Thoughts,2017-04-04 20:30:00+00:00,
822,FED,speech,https://www.federalreserve.gov/newsevents/speech/powell20170405a.htm,Welcoming Remarks,2017-04-05 16:00:00+00:00,
163,FED,minutes,https://www.federalreserve.gov/monetarypolicy/fomcminutes20170315.htm,Federal Open Market Committee,2017-04-05 18:00:00+00:00,2017-03-15
2078,BOC,speech,https://www.bankofcanada.ca/2017/04/unveiling-commemorative-bank-note-marking-150th-anniversary-canada/,Unveiling of Commemorative Bank Note Marking the 150th Anniversary of Canada,2017-04-08 03:59:00+00:00,
2239,BOC,rate_announcement,https://www.bankofcanada.ca/2017/04/fad-press-release-2017-04-12/,Bank of Canada maintains overnight rate target at 1/2 per cent,2017-04-12 14:00:00+00:00,2017-04-12
2079,BOC,speech,https://www.bankofcanada.ca/2017/04/opening-statement-12-april-2017/,Opening Statement before the House of Commons Standing Committee on Finance,2017-04-13 03:59:00+00:00,
2080,BOC,speech,https://www.bankofcanada.ca/2017/04/opening-statement-120417/,Monetary Policy Report Press Conference Opening Statement,2017-04-13 03:59:00+00:00,
2081,BOC,speech,https://www.bankofcanada.ca/2017/04/opening-statement-13-april-2017/,"Opening Statement before the Standing Senate Committee on Banking, Trade and Commerce",2017-04-14 03:59:00+00:00,
823,FED,speech,https://www.federalreserve.gov/newsevents/speech/fischer20170417a.htm,Monetary Policy Expectations and Surprises,2017-04-17 21:00:00+00:00,
2082,BOC,speech,https://www.bankofcanada.ca/2017/04/blame-it-on-the-machines/,Blame It on the Machines?,2017-04-19 03:59:00+00:00,
824,FED,speech,https://www.federalreserve.gov/newsevents/speech/fischer20170419a.htm,International Effects of Recent Policy Tightening,2017-04-19 20:00:00+00:00,
825,FED,speech,https://www.federalreserve.gov/newsevents/speech/powell20170420a.htm,Brief Remarks,2017-04-20 12:35:00+00:00,
826,FED,speech,https://www.federalreserve.gov/newsevents/speech/brainard20170428a.htm,Where Do Banks Fit in the Fintech Stack?,2017-04-28 17:15:00+00:00,
2324,FED,statement,https://www.federalreserve.gov/newsevents/pressreleases/monetary20170503a.htm,Federal Reserve issues FOMC statement,2017-05-03 18:00:00+00:00,2017-05-03
2083,BOC,speech,https://www.bankofcanada.ca/2017/05/canada-mexico-common-issues-uncommon-times/,Canada and Mexico: Common Issues in Uncommon Times,2017-05-05 03:59:00+00:00,
827,FED,speech,https://www.federalreserve.gov/newsevents/speech/fischer20170505a.htm,Committee Decisions and Monetary Policy Rules,2017-05-05 15:30:00+00:00,
828,FED,speech,https://www.federalreserve.gov/newsevents/speech/yellen20170505a.htm,So We All Can Succeed: 125 Years of Women&#39;s Participation in the Economy,2017-05-05 17:30:00+00:00,
829,FED,speech,https://www.federalreserve.gov/newsevents/speech/brainard20170522a.htm,Why Opportunity and Inclusion Matter to America’s Economic Strength,2017-05-22 23:30:00+00:00,
2240,BOC,rate_announcement,https://www.bankofcanada.ca/2017/05/fad-press-release-2017-05-24/,Bank of Canada maintains overnight rate target at 1/2 per cent,2017-05-24 14:00:00+00:00,2017-05-24
164,FED,minutes,https://www.federalreserve.gov/monetarypolicy/fomcminutes20170503.htm,Federal Open Market Committee,2017-05-24 18:00:00+00:00,2017-05-03
2084,BOC,speech,https://www.bankofcanada.ca/2017/05/upgrading-the-payments-grid-the-payoffs-are-greater-than-you-think/,Upgrading the Payments Grid:  The Payoffs Are Greater Than You Think,2017-05-26 03:59:00+00:00,
830,FED,speech,https://www.federalreserve.gov/newsevents/speech/brainard20170530a.htm,Navigating the Different Signals from Inflation and Unemployment,2017-05-30 17:00:00+00:00,
831,FED,speech,https://www.federalreserve.gov/newsevents/speech/powell20170601a.htm,Thoughts on the Normalization of Monetary Policy,2017-06-01 12:00:00+00:00,
2085,BOC,speech,https://www.bankofcanada.ca/2017/06/opening-statment-080617/,Release of the Financial System Review,2017-06-09 03:59:00+00:00,
2086,BOC,speech,https://www.bankofcanada.ca/2017/06/canadian-economic-update-strength-diversity/,Canadian Economic Update: Strength in Diversity,2017-06-13 03:59:00+00:00,
2325,FED,statement,https://www.federalreserve.gov/newsevents/pressreleases/monetary20170614a.htm,Federal Reserve issues FOMC statement,2017-06-14 18:00:00+00:00,2017-06-14
832,FED,speech,https://www.federalreserve.gov/newsevents/speech/fischer20170620a.htm,Housing and Financial Stability,2017-06-20 07:15:00+00:00,
1733,FED,testimony,https://www.federalreserve.gov/newsevents/testimony/powell20170622a.htm,Relationship Between Regulation and Economic Growth,2017-06-22 20:20:00+00:00,
833,FED,speech,https://www.federalreserve.gov/newsevents/speech/powell20170623a.htm,Central Clearing and Liquidity,2017-06-23 18:15:00+00:00,
834,FED,speech,https://www.federalreserve.gov/newsevents/speech/powell20170626a.htm,Remarks,2017-06-26 10:00:00+00:00,
835,FED,speech,https://www.federalreserve.gov/newsevents/speech/fischer20170627a.htm,An Assessment of Financial Stability in the United States,2017-06-27 16:30:00+00:00,
2087,BOC,speech,https://www.bankofcanada.ca/2017/06/markets-calling-intelligence-gathering-bank-canada/,Markets Calling: Intelligence Gathering at the Bank of Canada,2017-06-29 03:59:00+00:00,
165,FED,minutes,https://www.federalreserve.gov/monetarypolicy/fomcminutes20170614.htm,Federal Open Market Committee,2017-07-05 18:00:00+00:00,2017-06-14
836,FED,speech,https://www.federalreserve.gov/newsevents/speech/powell20170706a.htm,The Case for Housing Finance Reform,2017-07-06 14:00:00+00:00,
837,FED,speech,https://www.federalreserve.gov/newsevents/speech/fischer20170706a.htm,Government Policy and Labor Productivity,2017-07-06 23:30:00+00:00,
838,FED,speech,https://www.federalreserve.gov/newsevents/speech/brainard20170711a.htm,Cross-Border Spillovers of Balance Sheet Normalization,2017-07-11 16:30:00+00:00,
1734,FED,testimony,https://www.federalreserve.gov/newsevents/testimony/yellen20170712a.htm,Semiannual Monetary Policy Report to the Congress,2017-07-12 12:30:00+00:00,
2241,BOC,rate_announcement,https://www.bankofcanada.ca/2017/07/fad-press-release-2017-07-12/,Bank of Canada increases overnight rate target to 3/4 per cent,2017-07-12 14:00:00+00:00,2017-07-12
2088,BOC,speech,https://www.bankofcanada.ca/2017/07/opening-statement-120717/,Monetary Policy Report Press Conference Opening Statement,2017-07-13 03:59:00+00:00,
839,FED,speech,https://www.federalreserve.gov/newsevents/speech/brainard20170713a.htm,Cross-Border Spillovers of Balance Sheet Normalization,2017-07-13 17:00:00+00:00,
2326,FED,statement,https://www.federalreserve.gov/newsevents/pressreleases/monetary20170726a.htm,Federal Reserve issues FOMC statement,2017-07-26 18:00:00+00:00,2017-07-26
840,FED,speech,https://www.federalreserve.gov/newsevents/speech/brainard20170728a.htm,Strengthening Diversity in Economics,2017-07-28 17:00:00+00:00,
841,FED,speech,https://www.federalreserve.gov/newsevents/speech/fischer20170731a.htm,The Low Level of Global Real Interest Rates,2017-07-31 13:25:00+00:00,
166,FED,minutes,https://www.federalreserve.gov/monetarypolicy/fomcminutes20170726.htm,Federal Open Market Committee,2017-08-16 18:00:00+00:00,2017-07-26
842,FED,speech,https://www.federalreserve.gov/newsevents/speech/yellen20170825a.htm,Financial Stability a Decade after the Onset of the Crisis,2017-08-25 14:00:00+00:00,
843,FED,speech,https://www.federalreserve.gov/newsevents/speech/powell20170830a.htm,The Role of Boards at Large Financial Firms,2017-08-30 13:15:00+00:00,
844,FED,speech,https://www.federalreserve.gov/newsevents/speech/brainard20170905a.htm,Understanding the Disconnect between Employment and Inflation with a Low Neutral Rate,2017-09-05 12:00:00+00:00,
2242,BOC,rate_announcement,https://www.bankofcanada.ca/2017/09/fad-press-release-2017-09-06/,Bank of Canada increases overnight rate target to 1 per cent,2017-09-06 14:00:00+00:00,2017-09-06
2089,BOC,speech,https://www.bankofcanada.ca/2017/09/monetary-policy-framework-issues-toward-the-2021-inflation-target-renewal/,Bank of Canada Workshop “Monetary Policy Framework Issues: Toward the 2021 Inflation-Target Renewal”,2017-09-15 03:59:00+00:00,
2090,BOC,speech,https://www.bankofcanada.ca/2017/09/monetary-policy-framework-issues-toward-the-2021-inflation-target-renewal-2/,Monetary Policy Framework Issues: Toward the 2021 Inflation-Target Renewal,2017-09-15 03:59:00+00:00,
2091,BOC,speech,https://www.bankofcanada.ca/2017/09/how-canada-international-trade-changing-with-times/,How Canada’s International Trade is Changing with the Times,2017-09-19 03:59:00+00:00,
2327,FED,statement,https://www.federalreserve.gov/newsevents/pressreleases/monetary20170920a.htm,Federal Reserve issues FOMC statement,2017-09-20 18:00:00+00:00,2017-09-20
845,FED,speech,https://www.federalreserve.gov/newsevents/speech/brainard20170926a.htm,Why Persistent Employment Disparities Matter for the Economy&#39;s Health,2017-09-26 14:30:00+00:00,
846,FED,speech,https://www.federalreserve.gov/newsevents/speech/yellen20170926a.htm,"Inflation, Uncertainty, and Monetary Policy",2017-09-26 16:45:00+00:00,
847,FED,speech,https://www.federalreserve.gov/newsevents/speech/brainard20170927a.htm,Labor Market Disparities and Economic Performance,2017-09-27 18:00:00+00:00,
2092,BOC,speech,https://www.bankofcanada.ca/2017/09/meaning-data-dependence-economic-progress-report/,The Meaning of “Data Dependence”:  An Economic Progress Report,2017-09-28 03:59:00+00:00,
848,FED,speech,https://www.federalreserve.gov/newsevents/speech/fischer20170928a.htm,The Independent Bank of England--20 Years On,2017-09-28 14:00:00+00:00,
2093,BOC,speech,https://www.bankofcanada.ca/2017/10/seeking-gazelles-in-polar-bear-country/,Seeking Gazelles in Polar Bear Country,2017-10-04 03:59:00+00:00,
849,FED,speech,https://www.federalreserve.gov/newsevents/speech/yellen20171004a.htm,Welcoming Remarks,2017-10-04 19:15:00+00:00,
850,FED,speech,https://www.federalreserve.gov/newsevents/speech/powell20171005a.htm,Treasury Markets and the TMPG,2017-10-05 13:05:00+00:00,
167,FED,minutes,https://www.federalreserve.gov/monetarypolicy/fomcminutes20170920.htm,Federal Open Market Committee,2017-10-11 18:00:00+00:00,2017-09-20
851,FED,speech,https://www.federalreserve.gov/newsevents/speech/brainard20171012a.htm,Rethinking Monetary Policy in a New Normal,2017-10-12 14:30:00+00:00,
852,FED,speech,https://www.federalreserve.gov/newsevents/speech/powell20171012a.htm,Prospects for Emerging Market Economies in a Normalizing Global Economy,2017-10-12 14:30:00+00:00,
853,FED,speech,https://www.federalreserve.gov/newsevents/speech/yellen20171015a.htm,The U.S. Economy and Monetary Policy,2017-10-15 13:00:00+00:00,
854,FED,speech,https://www.federalreserve.gov/newsevents/speech/powell20171018a.htm,Financial Innovation: A World in Transition,2017-10-18 22:20:00+00:00,
855,FED,speech,https://www.federalreserve.gov/newsevents/speech/yellen20171020a.htm,A Challenging Decade and a Question for the Future,2017-10-20 23:30:00+00:00,
2243,BOC,rate_announcement,https://www.bankofcanada.ca/2017/10/fad-press-release-2017-10-25/,Bank of Canada maintains overnight rate target at 1 per cent,2017-10-25 14:00:00+00:00,2017-10-25
2094,BOC,speech,https://www.bankofcanada.ca/2017/10/opening-statement-251017/,Monetary Policy Report Press Conference Opening Statement,2017-10-26 03:59:00+00:00,
2095,BOC,speech,https://www.bankofcanada.ca/2017/10/opening-statement-october-31-2017/,Opening Statement before the House of Commons Standing Committee on Finance,2017-11-01 03:59:00+00:00,
2328,FED,statement,https://www.federalreserve.gov/newsevents/pressreleases/monetary20171101a.htm,Federal Reserve issues FOMC statement,2017-11-01 18:00:00+00:00,2017-11-01
2096,BOC,speech,https://www.bankofcanada.ca/2017/11/opening-statement-november-01-2017/,"Opening Statement before the Standing Senate Committee on Banking, Trade and Commerce",2017-11-02 03:59:00+00:00,
856,FED,speech,https://www.federalreserve.gov/newsevents/speech/powell20171102a.htm,Introductory Remarks,2017-11-02 12:30:00+00:00,
857,FED,speech,https://www.federalreserve.gov/newsevents/speech/yellen20171107a.htm,Remarks accepting the 2017 Paul H. Douglas Award for Ethics in Government,2017-11-07 19:30:00+00:00,
2097,BOC,speech,https://www.bankofcanada.ca/2017/11/understanding-inflation-getting-back-to-basics/,Understanding Inflation: Getting Back to Basics,2017-11-08 04:59:00+00:00,
858,FED,speech,https://www.federalreserve.gov/newsevents/speech/brainard20171115a.htm,Regional Food Systems and Community Development,2017-11-15 17:45:00+00:00,
2098,BOC,speech,https://www.bankofcanada.ca/2017/11/embracing-uncertainty-conduct-monetary-policy/,Embracing Uncertainty in the Conduct of Monetary Policy,2017-11-16 04:59:00+00:00,
859,FED,speech,https://www.federalreserve.gov/newsevents/speech/brainard20171116a.htm,Where Do Consumers Fit in the Fintech Stack?,2017-11-16 20:45:00+00:00,
168,FED,minutes,https://www.federalreserve.gov/monetarypolicy/fomcminutes20171101.htm,Federal Open Market Committee,2017-11-22 19:00:00+00:00,2017-11-01
1735,FED,testimony,https://www.federalreserve.gov/newsevents/testimony/powell20171128a.htm,Confirmation hearing,2017-11-28 14:45:00+00:00,
2099,BOC,speech,https://www.bankofcanada.ca/2017/11/opening-statement-281117/,Release of the Financial System Review,2017-11-29 04:59:00+00:00,
1736,FED,testimony,https://www.federalreserve.gov/newsevents/testimony/yellen20171129a.htm,The Current Economic Outlook and Monetary Policy,2017-11-29 13:00:00+00:00,
860,FED,speech,https://www.federalreserve.gov/newsevents/speech/quarles20171130a.htm,Thoughts on Prudent Innovation in the Payment System,2017-11-30 17:30:00+00:00,
2244,BOC,rate_announcement,https://www.bankofcanada.ca/2017/12/fad-press-release-2017-12-06/,Bank of Canada maintains overnight rate target at 1 per cent,2017-12-06 15:00:00+00:00,2017-12-06
2329,FED,statement,https://www.federalreserve.gov/newsevents/pressreleases/monetary20171213a.htm,Federal Reserve issues FOMC statement,2017-12-13 19:00:00+00:00,2017-12-13
861,FED,speech,https://www.federalreserve.gov/newsevents/speech/brainard20171213a.htm,Workforce Development in Today&#39;s Economy,2017-12-13 23:00:00+00:00,
2100,BOC,speech,https://www.bankofcanada.ca/2017/12/three-things-keeping-me-awake-at-night/,Three Things Keeping Me Awake at Night,2017-12-15 04:59:00+00:00,
169,FED,minutes,https://www.federalreserve.gov/monetarypolicy/fomcminutes20171213.htm,Federal Open Market Committee,2018-01-03 19:00:00+00:00,2017-12-13
2245,BOC,rate_announcement,https://www.bankofcanada.ca/2018/01/fad-press-release-2018-01-17/,Bank of Canada increases overnight rate target to 1 1/4 per cent,2018-01-17 15:00:00+00:00,2018-01-17
2101,BOC,speech,https://www.bankofcanada.ca/2018/01/opening-statement-170118/,Monetary Policy Report Press Conference Opening Statement,2018-01-18 04:59:00+00:00,
862,FED,speech,https://www.federalreserve.gov/newsevents/speech/quarles20180119a.htm,Early Observations on Improving the Effectiveness of Post-Crisis Regulation,2018-01-19 18:00:00+00:00,
2330,FED,statement,https://www.federalreserve.gov/newsevents/pressreleases/monetary20180131a.htm,Federal Reserve issues FOMC statement,2018-01-31 19:00:00+00:00,2018-01-31
2102,BOC,speech,https://www.bankofcanada.ca/2018/02/crossroads-innovation-inclusive-growth/,At the Crossroads: Innovation and Inclusive Growth,2018-02-09 04:59:00+00:00,
863,FED,speech,https://www.federalreserve.gov/newsevents/speech/powell20180213a.htm,Remarks at the Ceremonial Swearing-in,2018-02-13 15:00:00+00:00,
2103,BOC,speech,https://www.bankofcanada.ca/2018/02/anchoring-expectations-canadas-approach-to-price-stability/,Anchoring Expectations: Canada’s Approach to Price Stability,2018-02-16 04:59:00+00:00,
170,FED,minutes,https://www.federalreserve.gov/monetarypolicy/fomcminutes20180131.htm,Federal Open Market Committee,2018-02-21 19:00:00+00:00,2018-01-31
864,FED,speech,https://www.federalreserve.gov/newsevents/speech/quarles20180222a.htm,The U.S. Economy after the Global Financial Crisis,2018-02-22 05:15:00+00:00,
865,FED,speech,https://www.federalreserve.gov/newsevents/speech/quarles20180226a.htm,An Assessment of the U.S. Economy,2018-02-26 20:15:00+00:00,
866,FED,speech,https://www.federalreserve.gov/newsevents/speech/quarles20180226b.htm,Brief Thoughts on the Financial Regulatory System and Cybersecurity,2018-02-27 00:00:00+00:00,
1737,FED,testimony,https://www.federalreserve.gov/newsevents/testimony/powell20180226a.htm,Semiannual Monetary Policy Report to the Congress,2018-02-27 13:30:00+00:00,
2104,BOC,speech,https://www.bankofcanada.ca/2018/03/central-bank-year-award/,Central Bank of the Year Award,2018-03-02 04:59:00+00:00,
867,FED,speech,https://www.federalreserve.gov/newsevents/speech/quarles20180305a.htm,The Federal Reserve’s Regulatory Agenda for Foreign Banking Organizations: What Lies Ahead for Enhanced Prudential Standards and the Volcker Rule,2018-03-05 18:15:00+00:00,
868,FED,speech,https://www.federalreserve.gov/newsevents/speech/brainard20180306a.htm,Navigating Monetary Policy as Headwinds Shift to Tailwinds,2018-03-07 00:00:00+00:00,
2246,BOC,rate_announcement,https://www.bankofcanada.ca/2018/03/fad-press-release-2018-03-07/,Bank of Canada maintains overnight rate target at 1 1/4 per cent,2018-03-07 15:00:00+00:00,2018-03-07
2105,BOC,speech,https://www.bankofcanada.ca/2018/03/canadas-economic-expansion-a-progress-report/,Canada’s Economic Expansion:  A Progress Report,2018-03-09 04:59:00+00:00,
2106,BOC,speech,https://www.bankofcanada.ca/2018/03/unveiling-of-new-10-note/,Unveiling of New $10 Note,2018-03-09 04:59:00+00:00,
2107,BOC,speech,https://www.bankofcanada.ca/2018/03/todays-labour-market-future-work/,Today’s Labour Market and the Future of Work,2018-03-14 03:59:00+00:00,
2331,FED,statement,https://www.federalreserve.gov/newsevents/pressreleases/monetary20180321a.htm,Federal Reserve issues FOMC statement,2018-03-21 18:00:00+00:00,2018-03-21
2108,BOC,speech,https://www.bankofcanada.ca/2018/03/financial-stability-taking-care-of-unfinished-business/,Financial Stability: Taking Care of Unfinished Business,2018-03-23 03:59:00+00:00,
869,FED,speech,https://www.federalreserve.gov/newsevents/speech/quarles20180326a.htm,The Roles of Consumer Protection and Small Business Access to Credit in Financial Inclusion,2018-03-26 23:10:00+00:00,
870,FED,speech,https://www.federalreserve.gov/newsevents/speech/brainard20180403a.htm,An Update on the Federal Reserve&#39;s Financial Stability Agenda,2018-04-03 20:30:00+00:00,
871,FED,speech,https://www.federalreserve.gov/newsevents/speech/powell20180406a.htm,The Outlook for the U.S. Economy,2018-04-06 17:30:00+00:00,
171,FED,minutes,https://www.federalreserve.gov/monetarypolicy/fomcminutes20180321.htm,Federal Open Market Committee,2018-04-11 18:00:00+00:00,2018-03-21
1738,FED,testimony,https://www.federalreserve.gov/newsevents/testimony/quarles20180417a.htm,Semiannual Supervision and Regulation Testimony,2018-04-17 14:00:00+00:00,
872,FED,speech,https://www.federalreserve.gov/newsevents/speech/brainard20180417a.htm,Community Development in Baltimore and A Few Observations on Community Reinvestment Act Modernization,2018-04-17 17:30:00+00:00,
2247,BOC,rate_announcement,https://www.bankofcanada.ca/2018/04/fad-press-release-2018-04-18/,Bank of Canada maintains overnight rate target at 1 ¼ per cent,2018-04-18 14:00:00+00:00,2018-04-18
2109,BOC,speech,https://www.bankofcanada.ca/2018/04/opening-statement-180418/,Monetary Policy Report Press Conference Opening Statement,2018-04-19 03:59:00+00:00,
873,FED,speech,https://www.federalreserve.gov/newsevents/speech/brainard20180419a.htm,Safeguarding Financial Resilience through the Cycle,2018-04-19 12:00:00+00:00,
2110,BOC,speech,https://www.bankofcanada.ca/2018/04/opening-statement-april-23-2018/,Opening Statement before the House of Commons Standing Committee on Finance,2018-04-24 03:59:00+00:00,
2111,BOC,speech,https://www.bankofcanada.ca/2018/04/opening-statement-april-25-2018/,"Opening Statement before the Standing Senate Committee on Banking, Trade and Commerce",2018-04-26 03:59:00+00:00,
2112,BOC,speech,https://www.bankofcanada.ca/2018/05/canada-economy-household-debt-how-big-the-problem/,Canada’s Economy and Household Debt: How Big Is the Problem?,2018-05-02 03:59:00+00:00,
2332,FED,statement,https://www.federalreserve.gov/newsevents/pressreleases/monetary20180502a.htm,Federal Reserve issues FOMC statement,2018-05-02 18:00:00+00:00,2018-05-02
874,FED,speech,https://www.federalreserve.gov/newsevents/speech/quarles20180504a.htm,Liquidity Regulation and the Size of the Fed&#39;s Balance Sheet,2018-05-04 21:30:00+00:00,
875,FED,speech,https://www.federalreserve.gov/newsevents/speech/powell20180508a.htm,Monetary Policy Influences on Global Financial Conditions and International Capital Flows,2018-05-08 07:15:00+00:00,
2113,BOC,speech,https://www.bankofcanada.ca/2018/05/strengthening-cyber-defences/,Strengthening Our Cyber Defences,2018-05-10 03:59:00+00:00,
876,FED,speech,https://www.federalreserve.gov/newsevents/speech/brainard20180515a.htm,"Cryptocurrencies, Digital Currencies, and Distributed Ledger Technologies: What Are We Learning?",2018-05-15 23:00:00+00:00,
877,FED,speech,https://www.federalreserve.gov/newsevents/speech/quarles20180516a.htm,Trust Everyone--But Brand Your Cattle: Finding the Right Balance in Cross-Border Resolution,2018-05-16 18:30:00+00:00,
2114,BOC,speech,https://www.bankofcanada.ca/2018/05/mostly-long-short-potential-output/,The (Mostly) Long and Short of  Potential Output,2018-05-17 03:59:00+00:00,
878,FED,speech,https://www.federalreserve.gov/newsevents/speech/brainard20180518a.htm,Keeping Community at the Heart of the Community Reinvestment Act,2018-05-18 13:15:00+00:00,
172,FED,minutes,https://www.federalreserve.gov/monetarypolicy/fomcminutes20180502.htm,Federal Open Market Committee,2018-05-23 18:00:00+00:00,2018-05-02
879,FED,speech,https://www.federalreserve.gov/newsevents/speech/powell20180525a.htm,Financial Stability and Central Bank Transparency,2018-05-25 13:20:00+00:00,
2248,BOC,rate_announcement,https://www.bankofcanada.ca/2018/05/fad-press-release-2018-05-30/,Bank of Canada maintains overnight rate target at 1¼ per cent,2018-05-30 14:00:00+00:00,2018-05-30
880,FED,speech,https://www.federalreserve.gov/newsevents/speech/brainard20180531a.htm,Sustaining Full Employment and Inflation around Target,2018-05-31 17:00:00+00:00,
2115,BOC,speech,https://www.bankofcanada.ca/2018/05/progress-report-economy/,A Progress Report on the Economy,2018-06-01 03:59:00+00:00,
2116,BOC,speech,https://www.bankofcanada.ca/2018/06/opening-statment-070618/,Release of the Financial System Review,2018-06-08 03:59:00+00:00,
2333,FED,statement,https://www.federalreserve.gov/newsevents/pressreleases/monetary20180613a.htm,Federal Reserve issues FOMC statement,2018-06-13 18:00:00+00:00,2018-06-13
2117,BOC,speech,https://www.bankofcanada.ca/2018/06/rebooting-reference-rates/,Rebooting Reference Rates,2018-06-19 03:59:00+00:00,
881,FED,speech,https://www.federalreserve.gov/newsevents/speech/powell20180620a.htm,Monetary Policy at a Time of Uncertainty and Tight Labor Markets,2018-06-20 13:30:00+00:00,
882,FED,speech,https://www.federalreserve.gov/newsevents/speech/quarles20180627a.htm,America&#39;s Vital Interest in Global Efforts to Promote Financial Stability,2018-06-27 15:00:00+00:00,
2118,BOC,speech,https://www.bankofcanada.ca/2018/06/let-me-be-clear-transparency-trust-understanding/,Let Me Be Clear: From Transparency to Trust and Understanding,2018-06-28 03:59:00+00:00,
173,FED,minutes,https://www.federalreserve.gov/monetarypolicy/fomcminutes20180613.htm,Federal Open Market Committee,2018-07-05 18:00:00+00:00,2018-06-13
2249,BOC,rate_announcement,https://www.bankofcanada.ca/2018/07/fad-press-release-2018-07-11/,Bank of Canada raises overnight rate target to 1 ½ per cent,2018-07-11 14:00:00+00:00,2018-07-11
2119,BOC,speech,https://www.bankofcanada.ca/2018/07/opening-statement-110718/,Monetary Policy Report Press Conference Opening Statement,2018-07-12 03:59:00+00:00,
1739,FED,testimony,https://www.federalreserve.gov/newsevents/testimony/powell20180717a.htm,Semiannual Monetary Policy Report to the Congress,2018-07-17 14:00:00+00:00,
883,FED,speech,https://www.federalreserve.gov/newsevents/speech/quarles20180718a.htm,Getting It Right: Factors for Tailoring Supervision and Regulation of Large Financial Institutions,2018-07-18 18:00:00+00:00,
884,FED,speech,https://www.federalreserve.gov/newsevents/speech/quarles20180719a.htm,Introductory Remarks,2018-07-19 13:00:00+00:00,
2334,FED,statement,https://www.federalreserve.gov/newsevents/pressreleases/monetary20180801a.htm,Federal Reserve issues FOMC statement,2018-08-01 18:00:00+00:00,2018-08-01
174,FED,minutes,https://www.federalreserve.gov/monetarypolicy/fomcminutes20180801.htm,Federal Open Market Committee,2018-08-22 18:00:00+00:00,2018-08-01
885,FED,speech,https://www.federalreserve.gov/newsevents/speech/powell20180824a.htm,Monetary Policy in a Changing Economy,2018-08-24 14:00:00+00:00,
2120,BOC,speech,https://www.bankofcanada.ca/2018/08/the-fourth-industrial-revolution-and-central-banking/,The Fourth Industrial Revolution and Central Banking,2018-08-26 03:59:00+00:00,
2250,BOC,rate_announcement,https://www.bankofcanada.ca/2018/09/fad-press-release-2018-09-05/,Bank of Canada maintains overnight rate target at 1 ½ per cent,2018-09-05 14:00:00+00:00,2018-09-05
2121,BOC,speech,https://www.bankofcanada.ca/2018/09/update-canadas-economic-resilience/,An Update on Canada’s Economic Resilience,2018-09-07 03:59:00+00:00,
2122,BOC,speech,https://www.bankofcanada.ca/2018/09/investing-monetary-policy-independence-small-open-economy/,Investing in Monetary Policy Independence in a Small Open Economy,2018-09-09 03:59:00+00:00,
886,FED,speech,https://www.federalreserve.gov/newsevents/speech/brainard20180912a.htm,What Do We Mean by Neutral and What Role Does It Play in Monetary Policy?,2018-09-12 16:45:00+00:00,
2335,FED,statement,https://www.federalreserve.gov/newsevents/pressreleases/monetary20180926a.htm,Federal Reserve issues FOMC statement,2018-09-26 18:00:00+00:00,2018-09-26
887,FED,speech,https://www.federalreserve.gov/newsevents/speech/powell20180927a.htm,Brief Remarks on the U.S. Economy,2018-09-27 20:30:00+00:00,
2123,BOC,speech,https://www.bankofcanada.ca/2018/09/technological-disruption-and-opportunity/,Technological Disruption and Opportunity,2018-09-28 03:59:00+00:00,
2124,BOC,speech,https://www.bankofcanada.ca/2018/10/decrypting-crypto/,Decrypting “Crypto”,2018-10-02 03:59:00+00:00,
1740,FED,testimony,https://www.federalreserve.gov/newsevents/testimony/quarles20181002a.htm,"Implementation of the Economic Growth, Regulatory Relief, and Consumer Protection Act",2018-10-02 14:00:00+00:00,
888,FED,speech,https://www.federalreserve.gov/newsevents/speech/powell20181002a.htm,Monetary Policy and Risk Management at a Time of Low Inflation and Low Unemployment,2018-10-02 16:45:00+00:00,
889,FED,speech,https://www.federalreserve.gov/newsevents/speech/brainard20181003a.htm,Supporting Fast Payments for All,2018-10-03 18:00:00+00:00,
890,FED,speech,https://www.federalreserve.gov/newsevents/speech/quarles20181004a.htm,Trends in Urban and Rural Community Banks,2018-10-04 13:15:00+00:00,
891,FED,speech,https://www.federalreserve.gov/newsevents/speech/brainard20181015a.htm,Community Investment in Denver,2018-10-15 21:30:00+00:00,
892,FED,speech,https://www.federalreserve.gov/newsevents/speech/brainard20181017a.htm,FinTech and the Search for Full Stack Financial Inclusion,2018-10-17 16:10:00+00:00,
175,FED,minutes,https://www.federalreserve.gov/monetarypolicy/fomcminutes20180926.htm,Federal Open Market Committee,2018-10-17 18:00:00+00:00,2018-09-26
893,FED,speech,https://www.federalreserve.gov/newsevents/speech/quarles20181018a.htm,Don’t Chase the Needles: An Optimistic Assessment of the Economic Outlook and Monetary Policy,2018-10-18 16:15:00+00:00,
2251,BOC,rate_announcement,https://www.bankofcanada.ca/2018/10/fad-press-release-2018-10-24/,Bank of Canada increases overnight rate target to 1 ¾ per cent,2018-10-24 14:00:00+00:00,2018-10-24
2125,BOC,speech,https://www.bankofcanada.ca/2018/10/opening-statement-241018/,Monetary Policy Report Press Conference Opening Statement,2018-10-25 03:59:00+00:00,
894,FED,speech,https://www.federalreserve.gov/newsevents/speech/clarida20181025a.htm,Outlook for the U.S. Economy and Monetary Policy,2018-10-25 16:15:00+00:00,
2126,BOC,speech,https://www.bankofcanada.ca/2018/10/opening-statement-october-30-2018/,Opening Statement before the House of Commons Standing Committee on Finance,2018-10-31 03:59:00+00:00,
2127,BOC,speech,https://www.bankofcanada.ca/2018/10/opening-statement-october-31-2018/,"Opening Statement before the Standing Senate Committee on Banking, Trade and Commerce",2018-11-01 03:59:00+00:00,
2128,BOC,speech,https://www.bankofcanada.ca/2018/11/making-sense-of-markets/,Making Sense of Markets,2018-11-06 04:59:00+00:00,
2336,FED,statement,https://www.federalreserve.gov/newsevents/pressreleases/monetary20181108a.htm,Federal Reserve issues FOMC statement,2018-11-08 19:00:00+00:00,2018-11-08
895,FED,speech,https://www.federalreserve.gov/newsevents/speech/quarles20181109a.htm,A New Chapter in Stress Testing,2018-11-09 14:05:00+00:00,
896,FED,speech,https://www.federalreserve.gov/newsevents/speech/brainard20181113a.htm,What Are We Learning about Artificial Intelligence in Financial Services?,2018-11-13 15:00:00+00:00,
1741,FED,testimony,https://www.federalreserve.gov/newsevents/testimony/quarles20181114a.htm,Supervision and Regulation Report,2018-11-14 15:00:00+00:00,
897,FED,speech,https://www.federalreserve.gov/newsevents/speech/quarles20181116a.htm,Beginning Stress Testing’s New Chapter,2018-11-16 17:00:00+00:00,
2129,BOC,speech,https://www.bankofcanada.ca/2018/11/launch-new-10-note/,Launch of New $10 Note,2018-11-20 04:59:00+00:00,
2130,BOC,speech,https://www.bankofcanada.ca/2018/11/choosing-best-monetary-policy-framework-canada/,Choosing the Best Monetary Policy Framework for Canada,2018-11-21 04:59:00+00:00,
898,FED,speech,https://www.federalreserve.gov/newsevents/speech/clarida20181127a.htm,Data Dependence and U.S. Monetary Policy,2018-11-27 13:30:00+00:00,
899,FED,speech,https://www.federalreserve.gov/newsevents/speech/powell20181128a.htm,The Federal Reserve&#39;s Framework for Monitoring Financial Stability,2018-11-28 17:00:00+00:00,
176,FED,minutes,https://www.federalreserve.gov/monetarypolicy/fomcminutes20181108.htm,Federal Open Market Committee,2018-11-29 19:00:00+00:00,2018-11-08
2131,BOC,speech,https://www.bankofcanada.ca/2018/11/launch-new-exhibition-a-noteworthy-woman/,Launch of the new exhibition A Noteworthy Woman,2018-11-30 04:59:00+00:00,
900,FED,speech,https://www.federalreserve.gov/newsevents/speech/brainard20181203a.htm,The Structure of the Treasury Market:  What Are We Learning?,2018-12-03 15:30:00+00:00,
901,FED,speech,https://www.federalreserve.gov/newsevents/speech/brainard20181203b.htm,Celebrating Excellence in Community Development,2018-12-03 23:00:00+00:00,
902,FED,speech,https://www.federalreserve.gov/newsevents/speech/powell20181203a.htm,Celebrating Excellence in Community Development,2018-12-03 23:00:00+00:00,
2252,BOC,rate_announcement,https://www.bankofcanada.ca/2018/12/fad-press-release-2018-12-05/,Bank of Canada maintains overnight rate target at 1 ¾ per cent,2018-12-05 15:00:00+00:00,2018-12-05
903,FED,speech,https://www.federalreserve.gov/newsevents/speech/quarles20181205a.htm,Banks as Vital Infrastructure for Rural Communities of the West,2018-12-06 01:15:00+00:00,
904,FED,speech,https://www.federalreserve.gov/newsevents/speech/powell20181206a.htm,Welcoming Remarks,2018-12-06 23:45:00+00:00,
2132,BOC,speech,https://www.bankofcanada.ca/2018/12/year-end-economic-progress-report-financial-vulnerabilities/,Year-End Economic Progress Report: Financial Vulnerabilities in Focus,2018-12-07 04:59:00+00:00,
905,FED,speech,https://www.federalreserve.gov/newsevents/speech/brainard20181207a.htm,Assessing Financial Stability over the Cycle,2018-12-07 17:15:00+00:00,
2337,FED,statement,https://www.federalreserve.gov/newsevents/pressreleases/monetary20181219a.htm,Federal Reserve issues FOMC statement,2018-12-19 19:00:00+00:00,2018-12-19
2253,BOC,rate_announcement,https://www.bankofcanada.ca/2019/01/fad-press-release-2019-01-09/,Bank of Canada maintains overnight rate target at 1 ¾ per cent,2019-01-09 15:00:00+00:00,2019-01-09
177,FED,minutes,https://www.federalreserve.gov/monetarypolicy/fomcminutes20181219.htm,Federal Open Market Committee,2019-01-09 19:00:00+00:00,2018-12-19
906,FED,speech,https://www.federalreserve.gov/newsevents/speech/quarles20190109a.htm,Insurance Supervision and International Engagement,2019-01-09 21:30:00+00:00,
2133,BOC,speech,https://www.bankofcanada.ca/2019/01/opening-statement-090119/,Monetary Policy Report Press Conference Opening Statement,2019-01-10 04:59:00+00:00,
907,FED,speech,https://www.federalreserve.gov/newsevents/speech/clarida20190110a.htm,Monetary Policy Outlook for 2019,2019-01-11 00:00:00+00:00,
2338,FED,statement,https://www.federalreserve.gov/newsevents/pressreleases/monetary20190130a.htm,Federal Reserve issues FOMC statement,2019-01-30 19:00:00+00:00,2019-01-30
2134,BOC,speech,https://www.bankofcanada.ca/2019/01/look-under-hood-canadas-job-market/,A Look Under the Hood of Canada’s Job Market,2019-02-01 04:59:00+00:00,
908,FED,speech,https://www.federalreserve.gov/newsevents/speech/brainard20190201a.htm,Strengthening the Community Reinvestment Act: What Are We Learning?,2019-02-01 18:15:00+00:00,
909,FED,speech,https://www.federalreserve.gov/newsevents/speech/quarles20190206a.htm,Inviting Participation: The Public&#39;s Role in Stress Testing&#39;s Next Chapter,2019-02-06 23:05:00+00:00,
910,FED,speech,https://www.federalreserve.gov/newsevents/speech/powell20190206a.htm,Welcoming Remarks,2019-02-07 00:00:00+00:00,
2135,BOC,speech,https://www.bankofcanada.ca/2019/02/taking-precautions-canadian-approach-foreign-reserves-management/,Taking Precautions: The Canadian Approach to Foreign Reserves Management,2019-02-07 04:59:00+00:00,
911,FED,speech,https://www.federalreserve.gov/newsevents/speech/quarles20190210a.htm,Ideas of Order: Charting a Course for the Financial Stability Board,2019-02-10 11:00:00+00:00,
912,FED,speech,https://www.federalreserve.gov/newsevents/speech/bowman20190211a.htm,A Conversation on Community Banking,2019-02-11 16:15:00+00:00,
913,FED,speech,https://www.federalreserve.gov/newsevents/speech/powell20190212a.htm,Encouraging Economic Development in High-Poverty Rural Communities,2019-02-12 17:45:00+00:00,
178,FED,minutes,https://www.federalreserve.gov/monetarypolicy/fomcminutes20190130.htm,Federal Open Market Committee,2019-02-20 19:00:00+00:00,2019-01-30
2136,BOC,speech,https://www.bankofcanada.ca/2019/02/toward-2021-the-power-and-limitations-of-policy/,Toward 2021: The Power—and Limitations—of Policy,2019-02-22 04:59:00+00:00,
914,FED,speech,https://www.federalreserve.gov/newsevents/speech/clarida20190222a.htm,"The Federal Reserve&#39;s Review of Its Monetary Policy Strategy, Tools, and Communication Practices",2019-02-22 17:00:00+00:00,
915,FED,speech,https://www.federalreserve.gov/newsevents/speech/quarles20190222a.htm,The Future of the Federal Reserve&#39;s Balance Sheet,2019-02-22 18:30:00+00:00,
916,FED,speech,https://www.federalreserve.gov/newsevents/speech/brainard20190223a.htm,Is Economics for Me? Increasing the Participation of Black Women in Economics,2019-02-23 14:00:00+00:00,
1742,FED,testimony,https://www.federalreserve.gov/newsevents/testimony/powell20190226a.htm,Semiannual Monetary Policy Report to the Congress,2019-02-26 14:45:00+00:00,
917,FED,speech,https://www.federalreserve.gov/newsevents/speech/clarida20190228a.htm,U.S. Economic Outlook and Monetary Policy,2019-02-28 13:00:00+00:00,
918,FED,speech,https://www.federalreserve.gov/newsevents/speech/powell20190228b.htm,Recent Economic Developments and Longer-Term Challenges,2019-03-01 01:15:00+00:00,
2254,BOC,rate_announcement,https://www.bankofcanada.ca/2019/03/fad-press-release-2019-03-06/,Bank of Canada maintains overnight rate target at 1 ¾ per cent,2019-03-06 15:00:00+00:00,2019-03-06
919,FED,speech,https://www.federalreserve.gov/newsevents/speech/brainard20190307a.htm,Navigating Cautiously,2019-03-07 17:15:00+00:00,
2137,BOC,speech,https://www.bankofcanada.ca/2019/03/economic-progress-report-sensible-shifts-in-household-spending/,Economic Progress Report: Sensible Shifts in Household Spending,2019-03-08 04:59:00+00:00,
920,FED,speech,https://www.federalreserve.gov/newsevents/speech/powell20190308a.htm,Monetary Policy: Normalization and the Road Ahead,2019-03-09 03:00:00+00:00,
921,FED,speech,https://www.federalreserve.gov/newsevents/speech/powell20190311a.htm,Brief Remarks,2019-03-11 23:00:00+00:00,
922,FED,speech,https://www.federalreserve.gov/newsevents/speech/brainard20190312a.htm,The Community Reinvestment Act: How Can We Preserve What Works and Make it Better?,2019-03-12 12:45:00+00:00,
2138,BOC,speech,https://www.bankofcanada.ca/2019/03/the-age-of-leverage/,The Age of Leverage,2019-03-15 03:59:00+00:00,
2339,FED,statement,https://www.federalreserve.gov/newsevents/pressreleases/monetary20190320a.htm,Federal Reserve issues FOMC statement,2019-03-20 18:00:00+00:00,2019-03-20
923,FED,speech,https://www.federalreserve.gov/newsevents/speech/bowman20190325a.htm,Welcoming Remarks,2019-03-25 16:30:00+00:00,
924,FED,speech,https://www.federalreserve.gov/newsevents/speech/quarles20190328a.htm,The Financial Stability Board in 2019,2019-03-28 11:15:00+00:00,
925,FED,speech,https://www.federalreserve.gov/newsevents/speech/clarida20190328a.htm,Global Shocks and the U.S. Economy,2019-03-28 13:30:00+00:00,
926,FED,speech,https://www.federalreserve.gov/newsevents/speech/bowman20190328a.htm,Agriculture and Community Banking,2019-03-28 14:00:00+00:00,
927,FED,speech,https://www.federalreserve.gov/newsevents/speech/quarles20190329a.htm,Frameworks for the Countercyclical Capital Buffer,2019-03-29 16:05:00+00:00,
2139,BOC,speech,https://www.bankofcanada.ca/2019/04/turbulent-times-for-trade/,Turbulent Times for Trade,2019-04-02 03:59:00+00:00,
928,FED,speech,https://www.federalreserve.gov/newsevents/speech/quarles20190402a.htm,The Financial Stability Board: Beyond the Fog of Battle,2019-04-02 15:15:00+00:00,
929,FED,speech,https://www.federalreserve.gov/newsevents/speech/bowman20190402a.htm,Fostering Closer Supervisory Communication,2019-04-02 23:15:00+00:00,
930,FED,speech,https://www.federalreserve.gov/newsevents/speech/clarida20190409a.htm,"The Federal Reserve&#39;s Review of Its Monetary Policy Strategy, Tools, and Communication Practices",2019-04-09 22:45:00+00:00,
931,FED,speech,https://www.federalreserve.gov/newsevents/speech/quarles20190410a.htm,Progress on the Transition to Risk-Free Rates,2019-04-10 15:50:00+00:00,
179,FED,minutes,https://www.federalreserve.gov/monetarypolicy/fomcminutes20190320.htm,Federal Open Market Committee,2019-04-10 18:00:00+00:00,2019-03-20
932,FED,speech,https://www.federalreserve.gov/newsevents/speech/clarida20190411a.htm,U.S. Economic Outlook and Monetary Policy,2019-04-11 13:30:00+00:00,
933,FED,speech,https://www.federalreserve.gov/newsevents/speech/bowman20190411a.htm,Community Banking in the Age of Innovation,2019-04-11 20:00:00+00:00,
2255,BOC,rate_announcement,https://www.bankofcanada.ca/2019/04/fad-press-release-2019-04-24/,Bank of Canada maintains overnight rate target at 1 ¾ per cent,2019-04-24 14:00:00+00:00,2019-04-24
2140,BOC,speech,https://www.bankofcanada.ca/2019/04/opening-statement-240419/,Monetary Policy Report Press Conference Opening Statement,2019-04-25 03:59:00+00:00,
2141,BOC,speech,https://www.bankofcanada.ca/2019/04/opening-statement-300419/,Opening Statement before the House of Commons Standing Committee on Finance,2019-05-01 03:59:00+00:00,
2340,FED,statement,https://www.federalreserve.gov/newsevents/pressreleases/monetary20190501a.htm,Federal Reserve issues FOMC statement,2019-05-01 18:00:00+00:00,2019-05-01
2142,BOC,speech,https://www.bankofcanada.ca/2019/05/opening-statement-010519/,"Opening Statement before the Standing Senate Committee on Banking, Trade and Commerce",2019-05-02 03:59:00+00:00,
934,FED,speech,https://www.federalreserve.gov/newsevents/speech/clarida20190503a.htm,"Models, Markets, and Monetary Policy",2019-05-03 15:30:00+00:00,
2143,BOC,speech,https://www.bankofcanada.ca/2019/05/risk-sharing-flexibility-future-mortgages/,"Risk Sharing, Flexibility and the Future of Mortgages",2019-05-07 03:59:00+00:00,
935,FED,speech,https://www.federalreserve.gov/newsevents/speech/brainard20190508a.htm,&quot;Fed Listens&quot; in Richmond: How Does Monetary Policy Affect Your Community?,2019-05-08 12:30:00+00:00,
936,FED,speech,https://www.federalreserve.gov/newsevents/speech/powell20190509a.htm,Welcoming Remarks,2019-05-09 12:30:00+00:00,
937,FED,speech,https://www.federalreserve.gov/newsevents/speech/brainard20190510a.htm,Is the Middle Class within Reach for Middle-Income Families?,2019-05-10 12:30:00+00:00,
938,FED,speech,https://www.federalreserve.gov/newsevents/speech/clarida20190513a.htm,"The Federal Reserve’s Review of Its Monetary Policy Strategy, Tools, and Communication Practices",2019-05-13 13:10:00+00:00,
1743,FED,testimony,https://www.federalreserve.gov/newsevents/testimony/quarles20190515a.htm,Supervision and Regulation Report,2019-05-15 13:30:00+00:00,
939,FED,speech,https://www.federalreserve.gov/newsevents/speech/brainard20190516a.htm,The Disconnect between Inflation and Employment in the New Normal,2019-05-16 16:15:00+00:00,
2144,BOC,speech,https://www.bankofcanada.ca/2019/05/opening-statement-160519/,Release of the Financial System Review,2019-05-17 03:59:00+00:00,
940,FED,speech,https://www.federalreserve.gov/newsevents/speech/clarida20190517a.htm,"The Federal Reserve’s Review of Its Monetary Policy Strategy, Tools, and Communication Practices",2019-05-17 17:40:00+00:00,
941,FED,speech,https://www.federalreserve.gov/newsevents/speech/clarida20190520a.htm,"The Federal Reserve&#39;s Review of Its Monetary Policy Strategy, Tools, and Communication Practices",2019-05-20 17:05:00+00:00,
942,FED,speech,https://www.federalreserve.gov/newsevents/speech/powell20190520a.htm,Business Debt and Our Dynamic Financial System,2019-05-20 23:00:00+00:00,
180,FED,minutes,https://www.federalreserve.gov/monetarypolicy/fomcminutes20190501.htm,Federal Open Market Committee,2019-05-22 18:00:00+00:00,2019-05-01
2256,BOC,rate_announcement,https://www.bankofcanada.ca/2019/05/fad-press-release-2019-05-29/,Bank of Canada maintains overnight rate target at 1 ¾ per cent,2019-05-29 14:00:00+00:00,2019-05-29
943,FED,speech,https://www.federalreserve.gov/newsevents/speech/clarida20190530a.htm,Sustaining Maximum Employment and Price Stability,2019-05-30 16:00:00+00:00,
944,FED,speech,https://www.federalreserve.gov/newsevents/speech/quarles20190530a.htm,Monetary Policy and Financial Stability,2019-05-30 16:45:00+00:00,
2145,BOC,speech,https://www.bankofcanada.ca/2019/05/economic-progress-report-investing-in-growth/,Economic Progress Report:  Investing in Growth,2019-05-31 03:59:00+00:00,
945,FED,speech,https://www.federalreserve.gov/newsevents/speech/quarles20190603a.htm,The Next Stage in the LIBOR Transition (via prerecorded video),2019-06-03 13:10:00+00:00,
946,FED,speech,https://www.federalreserve.gov/newsevents/speech/powell20190604a.htm,Opening Remarks,2019-06-04 13:55:00+00:00,
947,FED,speech,https://www.federalreserve.gov/newsevents/speech/clarida20190605a.htm,"The Federal Reserve&#39;s Review of Its Monetary Policy Strategy, Tools, and Communication Practices",2019-06-05 13:45:00+00:00,
1744,FED,testimony,https://www.federalreserve.gov/newsevents/testimony/bowman20190605a.htm,Confirmation hearing,2019-06-05 14:00:00+00:00,
2341,FED,statement,https://www.federalreserve.gov/newsevents/pressreleases/monetary20190619a.htm,Federal Reserve issues FOMC statement,2019-06-19 18:00:00+00:00,2019-06-19
948,FED,speech,https://www.federalreserve.gov/newsevents/speech/brainard20190621a.htm,Fed Listens in Cincinnati: How Does Monetary Policy Affect Your Community?,2019-06-21 16:00:00+00:00,
949,FED,speech,https://www.federalreserve.gov/newsevents/speech/bowman20190625a.htm,Minority Depository Institutions,2019-06-25 13:00:00+00:00,
950,FED,speech,https://www.federalreserve.gov/newsevents/speech/powell20190625a.htm,Economic Outlook and Monetary Policy Review,2019-06-25 17:00:00+00:00,
951,FED,speech,https://www.federalreserve.gov/newsevents/speech/clarida20190701a.htm,"The Federal Reserve&#39;s Review of Its Monetary Policy Strategy, Tools, and Communication Practices",2019-07-01 06:15:00+00:00,
952,FED,speech,https://www.federalreserve.gov/newsevents/speech/powell20190709a.htm,Welcoming Remarks (via prerecorded video),2019-07-09 12:45:00+00:00,
953,FED,speech,https://www.federalreserve.gov/newsevents/speech/quarles20190709a.htm,Stress Testing: A Decade of Continuity and Change,2019-07-09 18:00:00+00:00,
1745,FED,testimony,https://www.federalreserve.gov/newsevents/testimony/powell20190710a.htm,Semiannual Monetary Policy Report to the Congress,2019-07-10 12:30:00+00:00,
2257,BOC,rate_announcement,https://www.bankofcanada.ca/2019/07/fad-press-release-2019-07-10/,Bank of Canada maintains overnight rate target at 1 ¾ percent,2019-07-10 14:00:00+00:00,2019-07-10
181,FED,minutes,https://www.federalreserve.gov/monetarypolicy/fomcminutes20190619.htm,Federal Open Market Committee,2019-07-10 18:00:00+00:00,2019-06-19
2146,BOC,speech,https://www.bankofcanada.ca/2019/07/opening-statement-100719/,Monetary Policy Report Press Conference Opening Statement,2019-07-11 03:59:00+00:00,
954,FED,speech,https://www.federalreserve.gov/newsevents/speech/brainard20190711a.htm,Perspectives on the Economy from Scranton,2019-07-11 21:30:00+00:00,
955,FED,speech,https://www.federalreserve.gov/newsevents/speech/powell20190716a.htm,Monetary Policy in the Post-Crisis Era,2019-07-16 17:00:00+00:00,
2342,FED,statement,https://www.federalreserve.gov/newsevents/pressreleases/monetary20190731a.htm,Federal Reserve issues FOMC statement,2019-07-31 18:00:00+00:00,2019-07-31
956,FED,speech,https://www.federalreserve.gov/newsevents/speech/brainard20190805a.htm,Delivering Fast Payments for All,2019-08-05 17:30:00+00:00,
957,FED,speech,https://www.federalreserve.gov/newsevents/speech/quarles20190820a.htm,A Decade of Building Stronger Communities,2019-08-20 22:00:00+00:00,
182,FED,minutes,https://www.federalreserve.gov/monetarypolicy/fomcminutes20190731.htm,Federal Open Market Committee,2019-08-21 18:00:00+00:00,2019-07-31
958,FED,speech,https://www.federalreserve.gov/newsevents/speech/powell20190823a.htm,Challenges for Monetary Policy,2019-08-23 14:00:00+00:00,
2258,BOC,rate_announcement,https://www.bankofcanada.ca/2019/09/fad-press-release-2019-09-04/,Bank of Canada maintains overnight rate target at 1 ¾ percent,2019-09-04 14:00:00+00:00,2019-09-04
959,FED,speech,https://www.federalreserve.gov/newsevents/speech/bowman20190904a.htm,Introductory Remarks,2019-09-04 16:30:00+00:00,
960,FED,speech,https://www.federalreserve.gov/newsevents/speech/quarles20190905a.htm,Refining the Stress Capital Buffer,2019-09-05 09:45:00+00:00,
1746,FED,testimony,https://www.federalreserve.gov/newsevents/testimony/sullivan20190912a.htm,Insurance Regulation,2019-09-12 14:00:00+00:00,
2343,FED,statement,https://www.federalreserve.gov/newsevents/pressreleases/monetary20190918a.htm,Federal Reserve issues FOMC statement,2019-09-18 18:00:00+00:00,2019-09-18
1747,FED,testimony,https://www.federalreserve.gov/newsevents/testimony/brainard20190925a.htm,Financial Stability,2019-09-25 14:00:00+00:00,
961,FED,speech,https://www.federalreserve.gov/newsevents/speech/clarida20190926a.htm,"The Federal Reserve’s Review of Its Monetary Policy Strategy, Tools, and Communication Practices",2019-09-26 15:45:00+00:00,
962,FED,speech,https://www.federalreserve.gov/newsevents/speech/quarles20190926a.htm,Government of Union: Achieving Certainty in Cross-Border Finance,2019-09-26 16:00:00+00:00,
963,FED,speech,https://www.federalreserve.gov/newsevents/speech/quarles20190927a.htm,Law and Macroeconomics: The Global Evolution of Macroprudential Regulation,2019-09-27 12:30:00+00:00,
964,FED,speech,https://www.federalreserve.gov/newsevents/speech/clarida20191001a.htm,Introductory Remarks,2019-10-01 12:50:00+00:00,
965,FED,speech,https://www.federalreserve.gov/newsevents/speech/bowman20191001a.htm,Advancing Our Understanding of Community Banking,2019-10-01 13:30:00+00:00,
966,FED,speech,https://www.federalreserve.gov/newsevents/speech/quarles20191003a.htm,The Financial Stability Board at 10 Years—Looking Back and Looking Ahead,2019-10-03 12:30:00+00:00,
967,FED,speech,https://www.federalreserve.gov/newsevents/speech/powell20191004a.htm,Opening Remarks,2019-10-04 18:00:00+00:00,
968,FED,speech,https://www.federalreserve.gov/newsevents/speech/powell20191007a.htm,Brief Remarks,2019-10-07 17:00:00+00:00,
969,FED,speech,https://www.federalreserve.gov/newsevents/speech/powell20191008a.htm,Data-Dependent Monetary Policy in an Evolving Economy,2019-10-08 18:30:00+00:00,
970,FED,speech,https://www.federalreserve.gov/newsevents/speech/powell20191009a.htm,Opening Remarks,2019-10-09 15:00:00+00:00,
183,FED,minutes,https://www.federalreserve.gov/monetarypolicy/fomcminutes20190918.htm,Federal Open Market Committee,2019-10-09 18:00:00+00:00,2019-09-18
2344,FED,statement,https://www.federalreserve.gov/newsevents/pressreleases/monetary20191011a.htm,Statement Regarding Monetary Policy Implementation,2019-10-11 18:00:00+00:00,2019-10-11
971,FED,speech,https://www.federalreserve.gov/newsevents/speech/brainard20191016a.htm,"Digital Currencies, Stablecoins, and the Evolving Payments Landscape",2019-10-16 19:00:00+00:00,
972,FED,speech,https://www.federalreserve.gov/newsevents/speech/bowman20191017a.htm,Opening Remarks,2019-10-17 18:00:00+00:00,
973,FED,speech,https://www.federalreserve.gov/newsevents/speech/clarida20191018a.htm,U.S. Economic Outlook and Monetary Policy,2019-10-18 15:30:00+00:00,
974,FED,speech,https://www.federalreserve.gov/newsevents/speech/bowman20191021a.htm,Closing Remarks,2019-10-21 15:40:00+00:00,
2259,BOC,rate_announcement,https://www.bankofcanada.ca/2019/10/fad-press-release-2019-10-30/,Bank of Canada maintains overnight rate target at 1 ¾ percent,2019-10-30 14:00:00+00:00,2019-10-30
2345,FED,statement,https://www.federalreserve.gov/newsevents/pressreleases/monetary20191030a.htm,Federal Reserve issues FOMC statement,2019-10-30 18:00:00+00:00,2019-10-30
2147,BOC,speech,https://www.bankofcanada.ca/2019/10/opening-statement-301019/,Monetary Policy Report Press Conference Opening Statement,2019-10-31 03:59:00+00:00,
975,FED,speech,https://www.federalreserve.gov/newsevents/speech/quarles20191101a.htm,Friedrich Hayek and the Price System,2019-11-01 17:00:00+00:00,
976,FED,speech,https://www.federalreserve.gov/newsevents/speech/clarida20191101a.htm,"The United States, Japan, and the Global Economy",2019-11-01 17:00:00+00:00,
977,FED,speech,https://www.federalreserve.gov/newsevents/speech/brainard20191108a.htm,Why Climate Change Matters for Monetary Policy and Financial Stability,2019-11-08 16:45:00+00:00,
978,FED,speech,https://www.federalreserve.gov/newsevents/speech/clarida20191112a.htm,"Monetary Policy, Price Stability, and Equilibrium Bond Yields: Success and Consequences",2019-11-12 10:30:00+00:00,
2148,BOC,speech,https://www.bankofcanada.ca/2019/11/cyber-security-breaking-down-barriers/,Cyber Security: Breaking Down Barriers,2019-11-13 04:59:00+00:00,
1748,FED,testimony,https://www.federalreserve.gov/newsevents/testimony/powell20191113a.htm,The Economic Outlook,2019-11-13 14:30:00+00:00,
979,FED,speech,https://www.federalreserve.gov/newsevents/speech/quarles20191114a.htm,Brief Remarks (via pre-recorded video),2019-11-14 10:30:00+00:00,
980,FED,speech,https://www.federalreserve.gov/newsevents/speech/clarida20191114a.htm,"The Federal Reserve’s Review of Its Monetary Policy Strategy, Tools, and Communication Practices",2019-11-14 14:00:00+00:00,
2149,BOC,speech,https://www.bankofcanada.ca/2019/11/financial-stability-uncertain-world/,Financial Stability in an Uncertain World (Full Remarks),2019-11-20 04:59:00+00:00,
1749,FED,testimony,https://www.federalreserve.gov/newsevents/testimony/lindo20191120a.htm,Minority Depository Institutions,2019-11-20 15:00:00+00:00,
184,FED,minutes,https://www.federalreserve.gov/monetarypolicy/fomcminutes20191030.htm,Federal Open Market Committee,2019-11-20 19:00:00+00:00,2019-10-30
981,FED,speech,https://www.federalreserve.gov/newsevents/speech/powell20191125a.htm,Building on the Gains from the Long Expansion,2019-11-26 00:00:00+00:00,
982,FED,speech,https://www.federalreserve.gov/newsevents/speech/brainard20191126a.htm,"Federal Reserve Review of Monetary Policy Strategy, Tools, and Communications: Some Preliminary Views",2019-11-26 18:00:00+00:00,
1750,FED,testimony,https://www.federalreserve.gov/newsevents/testimony/quarles20191204a.htm,Supervision and Regulation Report,2019-12-04 15:00:00+00:00,
2260,BOC,rate_announcement,https://www.bankofcanada.ca/2019/12/fad-press-release-2019-12-04/,Bank of Canada maintains overnight rate target at 1 ¾ percent,2019-12-04 15:00:00+00:00,2019-12-04
2150,BOC,speech,https://www.bankofcanada.ca/2019/12/economic-progress-report-charting-our-own-course/,Economic Progress Report: Charting Our Own Course,2019-12-06 04:59:00+00:00,
2346,FED,statement,https://www.federalreserve.gov/newsevents/pressreleases/monetary20191211a.htm,Federal Reserve issues FOMC statement,2019-12-11 19:00:00+00:00,2019-12-11
2151,BOC,speech,https://www.bankofcanada.ca/2019/12/big-issues-ahead-the-banks-2020-vision/,Big Issues Ahead: The Bank’s 2020 Vision,2019-12-13 04:59:00+00:00,
983,FED,speech,https://www.federalreserve.gov/newsevents/speech/brainard20191218a.htm,"Update on Digital Currencies, Stablecoins, and the Challenges Ahead",2019-12-18 10:15:00+00:00,
185,FED,minutes,https://www.federalreserve.gov/monetarypolicy/fomcminutes20191211.htm,Federal Open Market Committee,2020-01-03 19:00:00+00:00,2019-12-11
984,FED,speech,https://www.federalreserve.gov/newsevents/speech/brainard20200108a.htm,Strengthening the Community Reinvestment Act by Staying True to Its Core Purpose,2020-01-08 15:00:00+00:00,
985,FED,speech,https://www.federalreserve.gov/newsevents/speech/clarida20200109a.htm,U.S. Economic Outlook and Monetary Policy,2020-01-09 13:00:00+00:00,
2152,BOC,speech,https://www.bankofcanada.ca/2020/01/fireside-chat-governor/,"Fireside Chat – Stephen S. Poloz, Governor",2020-01-10 04:59:00+00:00,
986,FED,speech,https://www.federalreserve.gov/newsevents/speech/bowman20200116a.htm,The Outlook for Housing,2020-01-16 15:00:00+00:00,
987,FED,speech,https://www.federalreserve.gov/newsevents/speech/quarles20200117a.htm,"Spontaneity and Order: Transparency, Accountability, and Fairness in Bank Supervision",2020-01-17 17:45:00+00:00,
2261,BOC,rate_announcement,https://www.bankofcanada.ca/2020/01/fad-press-release-2020-01-22/,Bank of Canada maintains overnight rate target at 1 ¾ percent,2020-01-22 15:00:00+00:00,2020-01-22
2153,BOC,speech,https://www.bankofcanada.ca/2020/01/opening-statement-220120/,Monetary Policy Report Press Conference Opening Statement,2020-01-23 04:59:00+00:00,
2347,FED,statement,https://www.federalreserve.gov/newsevents/pressreleases/monetary20200129a.htm,Federal Reserve issues FOMC statement,2020-01-29 19:00:00+00:00,2020-01-29
2154,BOC,speech,https://www.bankofcanada.ca/2020/01/monetary-policy-and-financial-vulnerabilities/,Monetary Policy and Financial Vulnerabilities,2020-01-31 04:59:00+00:00,
988,FED,speech,https://www.federalreserve.gov/newsevents/speech/brainard20200205a.htm,The Digitalization of Payments and Currency: Some Issues for Consideration,2020-02-05 21:10:00+00:00,
2155,BOC,speech,https://www.bankofcanada.ca/2020/02/our-economic-destiny-written-in-r-stars/,Our Economic Destiny:  Written in R-stars?,2020-02-06 04:59:00+00:00,
989,FED,speech,https://www.federalreserve.gov/newsevents/speech/quarles20200206a.htm,"The Economic Outlook, Monetary Policy, and the Demand for Reserves",2020-02-07 00:15:00+00:00,
990,FED,speech,https://www.federalreserve.gov/newsevents/speech/bowman20200210a.htm,Empowering Community Banks,2020-02-10 13:15:00+00:00,
1751,FED,testimony,https://www.federalreserve.gov/newsevents/testimony/powell20200211a.htm,Semiannual Monetary Policy Report to the Congress,2020-02-11 13:30:00+00:00,
991,FED,speech,https://www.federalreserve.gov/newsevents/speech/quarles20200211a.htm,"Spontaneity and Order:  Transparency, Accountability, and Fairness in Bank Supervision",2020-02-11 17:15:00+00:00,
186,FED,minutes,https://www.federalreserve.gov/monetarypolicy/fomcminutes20200129.htm,Federal Open Market Committee,2020-02-19 19:00:00+00:00,2020-01-29
992,FED,speech,https://www.federalreserve.gov/newsevents/speech/brainard20200221a.htm,Monetary Policy Strategies and Tools When Inflation and Interest Rates Are Low,2020-02-21 15:15:00+00:00,
993,FED,speech,https://www.federalreserve.gov/newsevents/speech/clarida20200221a.htm,Financial Markets and Monetary Policy: Is There a Hall of Mirrors Problem?,2020-02-21 18:30:00+00:00,
994,FED,speech,https://www.federalreserve.gov/newsevents/speech/clarida20200225a.htm,U.S. Economic Outlook and Monetary Policy,2020-02-25 20:00:00+00:00,
2156,BOC,speech,https://www.bankofcanada.ca/2020/02/money-payments-digital-age/,Money and Payments in the Digital Age,2020-02-26 04:59:00+00:00,
995,FED,speech,https://www.federalreserve.gov/newsevents/speech/bowman20200227a.htm,Direction of Supervision: Impact of Payment System Innovation on Community Banks,2020-02-27 17:00:00+00:00,
2348,FED,statement,https://www.federalreserve.gov/newsevents/pressreleases/monetary20200303a.htm,Federal Reserve issues FOMC statement,2020-03-03 19:00:00+00:00,2020-03-03
2262,BOC,rate_announcement,https://www.bankofcanada.ca/2020/03/fad-press-release-2020-03-04/,Bank of Canada lowers overnight rate target to 1 ¼ percent,2020-03-04 15:00:00+00:00,2020-03-04
2157,BOC,speech,https://www.bankofcanada.ca/2020/03/economic-progress-report-we-all-have-work-to-do/,Economic Progress Report: We All Have Work to Do,2020-03-06 04:59:00+00:00,
2158,BOC,speech,https://www.bankofcanada.ca/2020/03/opening-statement-130320/,"Press Conference Opening Statement – March 13, 2020",2020-03-14 03:59:00+00:00,
2349,FED,statement,https://www.federalreserve.gov/newsevents/pressreleases/monetary20200315a.htm,Federal Reserve issues FOMC statement,2020-03-15 18:00:00+00:00,2020-03-15
2159,BOC,speech,https://www.bankofcanada.ca/2020/03/opening-statement-180320/,"Press Conference Opening Statement – March 18, 2020",2020-03-19 03:59:00+00:00,
2350,FED,statement,https://www.federalreserve.gov/newsevents/pressreleases/monetary20200323a.htm,Federal Reserve issues FOMC statement,2020-03-23 18:00:00+00:00,2020-03-23
2160,BOC,speech,https://www.bankofcanada.ca/2020/03/press-conference-opening-statement-march-27-2020/,"Press Conference Opening Statement – March 27, 2020",2020-03-28 03:59:00+00:00,
187,FED,minutes,https://www.federalreserve.gov/monetarypolicy/fomcminutes20200315.htm,Federal Open Market Committee,2020-04-08 18:00:00+00:00,2020-03-15
996,FED,speech,https://www.federalreserve.gov/newsevents/speech/powell20200409a.htm,COVID-19 and the Economy,2020-04-09 14:00:00+00:00,
2263,BOC,rate_announcement,https://www.bankofcanada.ca/2020/04/fad-press-release-2020-04-15/,Bank of Canada maintains overnight rate target and unveils new market operations,2020-04-15 14:00:00+00:00,2020-04-15
2161,BOC,speech,https://www.bankofcanada.ca/2020/04/opening-statement-150420/,Monetary Policy Report Press Conference Opening Statement,2020-04-16 03:59:00+00:00,
2162,BOC,speech,https://www.bankofcanada.ca/2020/04/opening-statement-160420/,Opening Statement before the House of Commons Standing Committee on Finance,2020-04-17 03:59:00+00:00,
2351,FED,statement,https://www.federalreserve.gov/newsevents/pressreleases/monetary20200429a.htm,Federal Reserve issues FOMC statement,2020-04-29 18:00:00+00:00,2020-04-29
2163,BOC,speech,https://www.bankofcanada.ca/2020/04/teachable-moments-from-the-pandemic/,Teachable Moments from the Pandemic,2020-05-01 03:59:00+00:00,
2164,BOC,speech,https://www.bankofcanada.ca/2020/05/statement-governor-poloz-announcement-new-governor/,Statement by Governor Poloz on Announcement of New Governor,2020-05-02 03:59:00+00:00,
2165,BOC,speech,https://www.bankofcanada.ca/2020/05/statement-claire-kennedy-announcement-new-governor/,Statement by Claire Kennedy on Announcement of New Governor,2020-05-02 03:59:00+00:00,
2166,BOC,speech,https://www.bankofcanada.ca/2020/05/statement-tiff-macklem-announcement-new-governor/,Statement by Tiff Macklem on his announcement as New Governor,2020-05-02 03:59:00+00:00,
2167,BOC,speech,https://www.bankofcanada.ca/2020/05/bridge-recovery-banks-covid-19-pandemic-response/,Bridge to Recovery: The Bank’s COVID-19 Pandemic Response,2020-05-05 03:59:00+00:00,
997,FED,speech,https://www.federalreserve.gov/newsevents/speech/brainard20200505a.htm,Welcoming Remarks for Investment Connection – Response to COVID-19: Colorado,2020-05-05 19:00:00+00:00,
1752,FED,testimony,https://www.federalreserve.gov/newsevents/testimony/quarles20200512a.htm,Supervision and Regulation Report,2020-05-12 14:00:00+00:00,
998,FED,speech,https://www.federalreserve.gov/newsevents/speech/powell20200513a.htm,Current Economic Issues,2020-05-13 13:00:00+00:00,
1753,FED,testimony,https://www.federalreserve.gov/newsevents/testimony/quarles20200513a.htm,Supervision and Regulation,2020-05-13 16:30:00+00:00,
2168,BOC,speech,https://www.bankofcanada.ca/2020/05/opening-statement-140520/,Release of the Financial System Review,2020-05-15 03:59:00+00:00,
1754,FED,testimony,https://www.federalreserve.gov/newsevents/testimony/powell20200519a.htm,Coronavirus and CARES Act,2020-05-19 14:00:00+00:00,
188,FED,minutes,https://www.federalreserve.gov/monetarypolicy/fomcminutes20200429.htm,Federal Open Market Committee,2020-05-20 18:00:00+00:00,2020-04-29
2169,BOC,speech,https://www.bankofcanada.ca/2020/05/policies-great-global-shutdown-and-beyond/,Policies for the Great Global Shutdown and Beyond,2020-05-21 03:59:00+00:00,
999,FED,speech,https://www.federalreserve.gov/newsevents/speech/clarida20200521a.htm,U.S. Economic Outlook and Monetary Policy,2020-05-21 17:00:00+00:00,
1000,FED,speech,https://www.federalreserve.gov/newsevents/speech/brainard20200521a.htm,Introductory remarks for the Fed Listens panel on the COVID-19 pandemic,2020-05-21 18:30:00+00:00,
1001,FED,speech,https://www.federalreserve.gov/newsevents/speech/powell20200521a.htm,Opening Remarks,2020-05-21 18:30:00+00:00,
2170,BOC,speech,https://www.bankofcanada.ca/2020/05/monetary-policy-in-unknowable-times/,Monetary policy in unknowable times,2020-05-26 03:59:00+00:00,
2171,BOC,speech,https://www.bankofcanada.ca/2020/05/opening-statement-260520/,Opening Statement before the Senate National Finance Committee,2020-05-27 03:59:00+00:00,
2264,BOC,rate_announcement,https://www.bankofcanada.ca/2020/06/fad-press-release-2020-06-03/,"Bank of Canada maintains target for the overnight rate, scales back some market operations as financial conditions improve",2020-06-03 14:00:00+00:00,2020-06-03
2172,BOC,speech,https://www.bankofcanada.ca/2020/06/economic-progress-report-keeping-markets-working/,Economic progress report: keeping markets working,2020-06-05 03:59:00+00:00,
2352,FED,statement,https://www.federalreserve.gov/newsevents/pressreleases/monetary20200610a.htm,Federal Reserve issues FOMC statement,2020-06-10 18:00:00+00:00,2020-06-10
1755,FED,testimony,https://www.federalreserve.gov/newsevents/testimony/powell20200616a.htm,Semiannual Monetary Policy Report to the Congress,2020-06-16 14:00:00+00:00,
1002,FED,speech,https://www.federalreserve.gov/newsevents/speech/clarida20200616a.htm,U.S. Economic Outlook and Monetary Policy (via prerecorded video),2020-06-16 20:00:00+00:00,
2173,BOC,speech,https://www.bankofcanada.ca/2020/06/opening-statement-160620/,Opening Statement before the House of Commons Standing Committee on Finance,2020-06-17 03:59:00+00:00,
2174,BOC,speech,https://www.bankofcanada.ca/2020/06/living-with-limits-household-behaviour-canada-time-covid-19/,Living with limits: household behaviour in Canada in the time of COVID-19,2020-06-19 03:59:00+00:00,
1003,FED,speech,https://www.federalreserve.gov/newsevents/speech/quarles20200619a.htm,The Adaptability of Stress Testing,2020-06-19 16:00:00+00:00,
1004,FED,speech,https://www.federalreserve.gov/newsevents/speech/powell20200619a.htm,Introductory Comments,2020-06-19 17:00:00+00:00,
2175,BOC,speech,https://www.bankofcanada.ca/2020/06/monetary-policy-context-covid-19/,Monetary policy in the context of COVID-19,2020-06-23 03:59:00+00:00,
1756,FED,testimony,https://www.federalreserve.gov/newsevents/testimony/powell20200630a.htm,Coronavirus and CARES Act,2020-06-30 16:30:00+00:00,
189,FED,minutes,https://www.federalreserve.gov/monetarypolicy/fomcminutes20200610.htm,Federal Open Market Committee,2020-07-01 18:00:00+00:00,2020-06-10
1005,FED,speech,https://www.federalreserve.gov/newsevents/speech/quarles20200707a.htm,Global in Life and Orderly in Death: Post-Crisis Reforms and the Too-Big-to-Fail Question,2020-07-07 17:00:00+00:00,
1006,FED,speech,https://www.federalreserve.gov/newsevents/speech/brainard20200714a.htm,Navigating Monetary Policy through the Fog of COVID,2020-07-14 18:00:00+00:00,
2265,BOC,rate_announcement,https://www.bankofcanada.ca/2020/07/fad-press-release-2020-07-15/,"Bank of Canada will maintain current level of policy rate until inflation objective is achieved, continues program of quantitative easing",2020-07-15 14:00:00+00:00,2020-07-15
2176,BOC,speech,https://www.bankofcanada.ca/2020/07/opening-statement-150720/,Monetary Policy Report Press Conference Opening Statement,2020-07-16 03:59:00+00:00,
2353,FED,statement,https://www.federalreserve.gov/newsevents/pressreleases/monetary20200729a.htm,Federal Reserve issues FOMC statement,2020-07-29 18:00:00+00:00,2020-07-29
1007,FED,speech,https://www.federalreserve.gov/newsevents/speech/brainard20200806a.htm,The Future of Retail Payments in the United States,2020-08-06 16:00:00+00:00,
1008,FED,speech,https://www.federalreserve.gov/newsevents/speech/brainard20200813a.htm,An Update on Digital Currencies,2020-08-13 19:00:00+00:00,
1009,FED,speech,https://www.federalreserve.gov/newsevents/speech/bowman20200819a.htm,Brief Remarks,2020-08-19 17:00:00+00:00,
190,FED,minutes,https://www.federalreserve.gov/monetarypolicy/fomcminutes20200729.htm,Federal Open Market Committee,2020-08-19 18:00:00+00:00,2020-07-29
1010,FED,speech,https://www.federalreserve.gov/newsevents/speech/bowman20200826a.htm,The Pandemic’s Effect on the Economy and Banking,2020-08-26 16:30:00+00:00,
2177,BOC,speech,https://www.bankofcanada.ca/2020/08/opening-remarks/,Opening remarks,2020-08-27 03:59:00+00:00,
1011,FED,speech,https://www.federalreserve.gov/newsevents/speech/powell20200827a.htm,New Economic Challenges and the Fed&#39;s Monetary Policy Review,2020-08-27 13:10:00+00:00,
1012,FED,speech,https://www.federalreserve.gov/newsevents/speech/clarida20200831a.htm,The Federal Reserve’s New Monetary Policy Framework: A Robust Evolution,2020-08-31 13:00:00+00:00,
1013,FED,speech,https://www.federalreserve.gov/newsevents/speech/brainard20200901a.htm,Bringing the Statement on Longer-Run Goals and Monetary Policy Strategy into Alignment with Longer-Run Changes in the Economy,2020-09-01 17:00:00+00:00,
1757,FED,testimony,https://www.federalreserve.gov/newsevents/testimony/clark20200908a.htm,Diversity and Inclusion,2020-09-08 16:00:00+00:00,
2266,BOC,rate_announcement,https://www.bankofcanada.ca/2020/09/fad-press-release-2020-09-09/,"Bank of Canada maintains commitment to current level of policy rate, continues program of quantitative easing",2020-09-09 14:00:00+00:00,2020-09-09
2354,FED,statement,https://www.federalreserve.gov/newsevents/pressreleases/monetary20200916a.htm,Federal Reserve issues FOMC statement,2020-09-16 18:00:00+00:00,2020-09-16
1758,FED,testimony,https://www.federalreserve.gov/newsevents/testimony/hiteshew20200917a.htm,Municipal Liquidity Facility,2020-09-17 13:30:00+00:00,
1014,FED,speech,https://www.federalreserve.gov/newsevents/speech/brainard20200921a.htm,Strengthening the CRA to Meet the Challenges of Our Time,2020-09-21 16:00:00+00:00,
1759,FED,testimony,https://www.federalreserve.gov/newsevents/testimony/powell20200922a.htm,"Coronavirus Aid, Relief, and Economic Security Act",2020-09-22 14:30:00+00:00,
1015,FED,speech,https://www.federalreserve.gov/newsevents/speech/quarles20200923a.htm,Optimism in the Time of COVID,2020-09-23 18:00:00+00:00,
1016,FED,speech,https://www.federalreserve.gov/newsevents/speech/bowman20200930a.htm,Community Banks Rise to the Challenge,2020-09-30 17:40:00+00:00,
1017,FED,speech,https://www.federalreserve.gov/newsevents/speech/brainard20201001a.htm,Modernizing and Strengthening CRA Regulations: Hearing from Community Banks,2020-10-01 17:45:00+00:00,
1018,FED,speech,https://www.federalreserve.gov/newsevents/speech/bowman20201001a.htm,Mortgage Market Regulation and Access to Mortgage Credit,2020-10-01 19:00:00+00:00,
1019,FED,speech,https://www.federalreserve.gov/newsevents/speech/powell20201006a.htm,Recent Economic Developments and the Challenges Ahead,2020-10-06 14:40:00+00:00,
191,FED,minutes,https://www.federalreserve.gov/monetarypolicy/fomcminutes20200916.htm,Federal Open Market Committee,2020-10-07 18:00:00+00:00,2020-09-16
2178,BOC,speech,https://www.bankofcanada.ca/2020/10/from-covid-to-climate-importance-risk-management/,From COVID to climate—the importance of risk management,2020-10-09 03:59:00+00:00,
1020,FED,speech,https://www.federalreserve.gov/newsevents/speech/clarida20201014a.htm,U.S. Economic Outlook and Monetary Policy,2020-10-14 13:00:00+00:00,
1021,FED,speech,https://www.federalreserve.gov/newsevents/speech/quarles20201014a.htm,Remarks at the Hoover Institution,2020-10-14 19:00:00+00:00,
1022,FED,speech,https://www.federalreserve.gov/newsevents/speech/quarles20201015a.htm,What Happened? What Have We Learned From It? Lessons from COVID-19 Stress on the Financial System,2020-10-15 15:00:00+00:00,
1023,FED,speech,https://www.federalreserve.gov/newsevents/speech/brainard20201015a.htm,Modernizing and Strengthening CRA Regulations: A Conversation with Minority Depository Institutions,2020-10-15 20:00:00+00:00,
1024,FED,speech,https://www.federalreserve.gov/newsevents/speech/clarida20201019a.htm,"U.S. Economic Outlook, Monetary Policy, and Initiatives to Sustain the Flow of Credit to Households and Firms",2020-10-19 15:45:00+00:00,
1025,FED,speech,https://www.federalreserve.gov/newsevents/speech/quarles20201020a.htm,The Financial Stability Board’s Roadmap for Addressing NBFI Vulnerabilities,2020-10-20 14:50:00+00:00,
1026,FED,speech,https://www.federalreserve.gov/newsevents/speech/brainard20201020a.htm,Modernizing and Strengthening CRA Regulations: A Conversation with the Housing Community,2020-10-20 19:00:00+00:00,
1027,FED,speech,https://www.federalreserve.gov/newsevents/speech/brainard20201021a.htm,Achieving a Broad-Based and Inclusive Recovery,2020-10-21 12:50:00+00:00,
2267,BOC,rate_announcement,https://www.bankofcanada.ca/2020/10/fad-press-release-2020-10-28/,"Bank of Canada will maintain current level of policy rate until inflation objective is achieved, recalibrates its quantitative easing program",2020-10-28 14:00:00+00:00,2020-10-28
2179,BOC,speech,https://www.bankofcanada.ca/2020/10/opening-statement-281020/,Monetary Policy Report Press Conference Opening Statement,2020-10-29 03:59:00+00:00,
2355,FED,statement,https://www.federalreserve.gov/newsevents/pressreleases/monetary20201105a.htm,Federal Reserve issues FOMC statement,2020-11-05 19:00:00+00:00,2020-11-05
1760,FED,testimony,https://www.federalreserve.gov/newsevents/testimony/quarles20201110a.htm,Supervision and Regulation Report,2020-11-10 19:00:00+00:00,
1028,FED,speech,https://www.federalreserve.gov/newsevents/speech/brainard20201110a.htm,Modernizing and Strengthening CRA Regulations: A Conversation with the National Congress of American Indians,2020-11-10 22:00:00+00:00,
1029,FED,speech,https://www.federalreserve.gov/newsevents/speech/clarida20201116a.htm,The Federal Reserve&#39;s New Framework: Context and Consequences,2020-11-16 19:00:00+00:00,
1030,FED,speech,https://www.federalreserve.gov/newsevents/speech/brainard20201117a.htm,Strengthening Diversity and Inclusion in Economics,2020-11-17 18:00:00+00:00,
2180,BOC,speech,https://www.bankofcanada.ca/2020/11/panel-remarks/,Panel remarks,2020-11-18 04:59:00+00:00,
1031,FED,speech,https://www.federalreserve.gov/newsevents/speech/bowman20201119a.htm,The Changing Structure of Mortgage Markets and Financial Stability,2020-11-19 17:30:00+00:00,
192,FED,minutes,https://www.federalreserve.gov/monetarypolicy/fomcminutes20201105.htm,Federal Open Market Committee,2020-11-25 19:00:00+00:00,2020-11-05
1761,FED,testimony,https://www.federalreserve.gov/newsevents/testimony/powell20201201a.htm,"Coronavirus Aid, Relief, and Economic Security Act",2020-12-01 15:00:00+00:00,
1032,FED,speech,https://www.federalreserve.gov/newsevents/speech/brainard20201201a.htm,Modernizing and Strengthening CRA Regulations: A Conversation with the Chicago Community Trust,2020-12-01 17:00:00+00:00,
1033,FED,speech,https://www.federalreserve.gov/newsevents/speech/bowman20201204a.htm,Technology and the Regulatory Agenda for Community Banking,2020-12-04 15:00:00+00:00,
2268,BOC,rate_announcement,https://www.bankofcanada.ca/2020/12/fad-press-release-2020-12-09/,"Bank of Canada will maintain current level of policy rate until inflation objective is achieved, continues its quantitative easing program",2020-12-09 15:00:00+00:00,2020-12-09
1034,FED,speech,https://www.federalreserve.gov/newsevents/speech/quarles20201211a.htm,The Eye of Providence: Thoughts on the Evolution of Bank Supervision,2020-12-11 17:40:00+00:00,
2356,FED,statement,https://www.federalreserve.gov/newsevents/pressreleases/monetary20201216a.htm,Federal Reserve issues FOMC statement,2020-12-16 19:00:00+00:00,2020-12-16
1035,FED,speech,https://www.federalreserve.gov/newsevents/speech/brainard20201217a.htm,Modernizing and Strengthening CRA Regulations: A Conversation with the  Consumer Bankers Association,2020-12-17 18:00:00+00:00,
1036,FED,speech,https://www.federalreserve.gov/newsevents/speech/brainard20201218a.htm,Strengthening the Financial System to Meet the Challenge of Climate Change,2020-12-18 16:10:00+00:00,
193,FED,minutes,https://www.federalreserve.gov/monetarypolicy/fomcminutes20201216.htm,Federal Open Market Committee,2021-01-06 19:00:00+00:00,2020-12-16
1037,FED,speech,https://www.federalreserve.gov/newsevents/speech/clarida20210108a.htm,U.S. Economic Outlook and Monetary Policy,2021-01-08 16:00:00+00:00,
1038,FED,speech,https://www.federalreserve.gov/newsevents/speech/brainard20210112a.htm,Supporting Responsible Use of AI and Equitable Outcomes in Financial Services,2021-01-12 14:35:00+00:00,
1039,FED,speech,https://www.federalreserve.gov/newsevents/speech/brainard20210113a.htm,Full Employment in the New Monetary Policy Framework,2021-01-13 18:00:00+00:00,
1040,FED,speech,https://www.federalreserve.gov/newsevents/speech/clarida20210113a.htm,The Federal Reserve&#39;s New Framework: Context and Consequences,2021-01-13 20:00:00+00:00,
2269,BOC,rate_announcement,https://www.bankofcanada.ca/2021/01/fad-press-release-2021-01-20/,"Bank of Canada will hold current level of policy rate until inflation objective is achieved, continues quantitative easing",2021-01-20 15:00:00+00:00,2021-01-20
2181,BOC,speech,https://www.bankofcanada.ca/2021/01/opening-statement-200121/,Monetary Policy Report Press Conference Opening Statement,2021-01-21 04:59:00+00:00,
2211,FED,statement,https://www.federalreserve.gov/newsevents/pressreleases/monetary20210127a.htm,Federal Reserve issues FOMC statement,2021-01-27 19:00:00+00:00,2021-01-27
1041,FED,speech,https://www.federalreserve.gov/newsevents/speech/powell20210210a.htm,Getting Back to a Strong Labor Market,2021-02-10 19:00:00+00:00,
1042,FED,speech,https://www.federalreserve.gov/newsevents/speech/bowman20210216a.htm,My Perspective on Bank Regulation and Supervision,2021-02-16 16:10:00+00:00,
2212,FED,minutes,https://www.federalreserve.gov/monetarypolicy/fomcminutes20210127.htm,Federal Open Market Committee,2021-02-17 19:00:00+00:00,2021-01-27
1043,FED,speech,https://www.federalreserve.gov/newsevents/speech/brainard20210218a.htm,The Role of Financial Institutions in Tackling the Challenges of Climate Change,2021-02-18 13:00:00+00:00,
1044,FED,speech,https://www.federalreserve.gov/newsevents/speech/bowman20210222a.htm,Economic Inclusion in Lower-Income Communities,2021-02-22 20:30:00+00:00,
1762,FED,testimony,https://www.federalreserve.gov/newsevents/testimony/powell20210223a.htm,Semiannual Monetary Policy Report to the Congress,2021-02-23 15:00:00+00:00,
2182,BOC,speech,https://www.bankofcanada.ca/2021/02/canadas-labour-market-rebound-recuperation-and-restructuring/,"Canada’s labour market: rebound, recuperation and restructuring",2021-02-24 04:59:00+00:00,
1045,FED,speech,https://www.federalreserve.gov/newsevents/speech/brainard20210224a.htm,How Should We Think about Full Employment in the Federal Reserve&#39;s Dual Mandate?,2021-02-24 15:30:00+00:00,
1046,FED,speech,https://www.federalreserve.gov/newsevents/speech/clarida20210224a.htm,U.S. Economic Outlook and Monetary Policy,2021-02-24 18:00:00+00:00,
1047,FED,speech,https://www.federalreserve.gov/newsevents/speech/quarles20210225a.htm,Themistocles and the Mathematicians: The Role of Stress Testing,2021-02-25 16:10:00+00:00,
1048,FED,speech,https://www.federalreserve.gov/newsevents/speech/brainard20210301a.htm,Some Preliminary Financial Stability Lessons from the COVID-19 Shock,2021-03-01 14:05:00+00:00,
1049,FED,speech,https://www.federalreserve.gov/newsevents/speech/brainard20210302a.htm,U.S. Economic Outlook and Monetary Policy: An Update,2021-03-02 18:00:00+00:00,
2270,BOC,rate_announcement,https://www.bankofcanada.ca/2021/03/fad-press-release-2021-03-10/,"Bank of Canada will hold current level of policy rate until inflation objective is sustainably achieved, continues quantitative easing",2021-03-10 15:00:00+00:00,2021-03-10
2213,FED,statement,https://www.federalreserve.gov/newsevents/pressreleases/monetary20210317a.htm,Federal Reserve issues FOMC statement,2021-03-17 18:00:00+00:00,2021-03-17
1050,FED,speech,https://www.federalreserve.gov/newsevents/speech/powell20210318a.htm,Closing Remarks,2021-03-18 15:55:00+00:00,
1051,FED,speech,https://www.federalreserve.gov/newsevents/speech/quarles20210322a.htm,Keynote Remarks,2021-03-22 17:30:00+00:00,
1052,FED,speech,https://www.federalreserve.gov/newsevents/speech/bowman20210322a.htm,The Economic Outlook and Prospects for Small Business,2021-03-22 23:15:00+00:00,
1763,FED,testimony,https://www.federalreserve.gov/newsevents/testimony/powell20210323a.htm,"Coronavirus Aid, Relief, and Economic Security Act",2021-03-23 16:00:00+00:00,
1053,FED,speech,https://www.federalreserve.gov/newsevents/speech/brainard20210323a.htm,Financial Stability Implications of Climate Change,2021-03-23 17:25:00+00:00,
1054,FED,speech,https://www.federalreserve.gov/newsevents/speech/brainard20210323b.htm,Remaining Patient as the Outlook Brightens,2021-03-23 19:45:00+00:00,
1055,FED,speech,https://www.federalreserve.gov/newsevents/speech/clarida20210325a.htm,U.S. Economic Outlook and Monetary Policy,2021-03-25 14:10:00+00:00,
1056,FED,speech,https://www.federalreserve.gov/newsevents/speech/waller20210329a.htm,Treasury–Federal Reserve Cooperation and the Importance of Central Bank Independence,2021-03-29 15:00:00+00:00,
1057,FED,speech,https://www.federalreserve.gov/newsevents/speech/quarles20210330a.htm,"The FSB in 2021:  Addressing Financial Stability Challenges in an Age of Interconnectedness, Innovation, and Change",2021-03-30 13:00:00+00:00,
2214,FED,minutes,https://www.federalreserve.gov/monetarypolicy/fomcminutes20210317.htm,Federal Open Market Committee,2021-04-07 18:00:00+00:00,2021-03-17
1058,FED,speech,https://www.federalreserve.gov/newsevents/speech/clarida20210414a.htm,The Federal Reserve&#39;s New Framework and Outcome-Based Forward Guidance,2021-04-14 19:45:00+00:00,
1764,FED,testimony,https://www.federalreserve.gov/newsevents/testimony/vanderweide20210415a.htm,"The End of LIBOR: Transitioning to an Alternative Interest Rate Calculation for Mortgages, Student Loans, Business Borrowing, and Other Financial Products",2021-04-15 18:00:00+00:00,
2271,BOC,rate_announcement,https://www.bankofcanada.ca/2021/04/fad-press-release-2021-04-21/,"Bank of Canada will hold current level of policy rate until inflation objective is sustainably achieved, adjusts quantitative easing program",2021-04-21 14:00:00+00:00,2021-04-21
2183,BOC,speech,https://www.bankofcanada.ca/2021/04/opening-statement-210421/,Monetary Policy Report Press Conference Opening Statement,2021-04-22 03:59:00+00:00,
2215,FED,statement,https://www.federalreserve.gov/newsevents/pressreleases/monetary20210428a.htm,Federal Reserve issues FOMC statement,2021-04-28 18:00:00+00:00,2021-04-28
1059,FED,speech,https://www.federalreserve.gov/newsevents/speech/powell20210503a.htm,Community Development,2021-05-03 18:20:00+00:00,
1060,FED,speech,https://www.federalreserve.gov/newsevents/speech/bowman20210505a.htm,The Economic Outlook and Implications for Monetary Policy,2021-05-05 14:00:00+00:00,
1061,FED,speech,https://www.federalreserve.gov/newsevents/speech/brainard20210511a.htm,Patience and Progress as the Economy Reopens and Recovers,2021-05-11 16:00:00+00:00,
1062,FED,speech,https://www.federalreserve.gov/newsevents/speech/clarida20210512a.htm,U.S. Economic Outlook and Monetary Policy,2021-05-12 13:00:00+00:00,
1063,FED,speech,https://www.federalreserve.gov/newsevents/speech/waller20210513a.htm,The Economic Outlook and Monetary Policy,2021-05-13 17:00:00+00:00,
2184,BOC,speech,https://www.bankofcanada.ca/2021/05/benefits-inclusive-economy/,The benefits of an inclusive economy,2021-05-14 03:59:00+00:00,
1064,FED,speech,https://www.federalreserve.gov/newsevents/speech/clarida20210517a.htm,"Sovereign Markets, Global Factors",2021-05-17 14:05:00+00:00,
1765,FED,testimony,https://www.federalreserve.gov/newsevents/testimony/quarles20210519a.htm,Supervision and Regulation,2021-05-19 14:00:00+00:00,
2216,FED,minutes,https://www.federalreserve.gov/monetarypolicy/fomcminutes20210428.htm,Federal Open Market Committee,2021-05-19 18:00:00+00:00,2021-04-28
2185,BOC,speech,https://www.bankofcanada.ca/2021/05/opening-statement-200521/,Release of the Financial System Review,2021-05-21 03:59:00+00:00,
1065,FED,speech,https://www.federalreserve.gov/newsevents/speech/brainard20210524a.htm,Private Money and Central Bank Money as Payments Go Digital: an Update on CBDCs,2021-05-24 13:00:00+00:00,
1066,FED,speech,https://www.federalreserve.gov/newsevents/speech/quarles20210526a.htm,Remarks,2021-05-26 14:00:00+00:00,
1067,FED,speech,https://www.federalreserve.gov/newsevents/speech/quarles20210526b.htm,The Economic Outlook and Monetary Policy,2021-05-26 19:00:00+00:00,
1068,FED,speech,https://www.federalreserve.gov/newsevents/speech/brainard20210601a.htm,Remaining Steady as the Economy Reopens,2021-06-01 18:00:00+00:00,
1069,FED,speech,https://www.federalreserve.gov/newsevents/speech/quarles20210603a.htm,"Jet Flight, Mail Bags, and Banking Regulation",2021-06-03 19:05:00+00:00,
2272,BOC,rate_announcement,https://www.bankofcanada.ca/2021/06/fad-press-release-2021-06-09/,"Bank of Canada will hold current level of policy rate until inflation objective is sustainably achieved, continues quantitative easing",2021-06-09 14:00:00+00:00,2021-06-09
2186,BOC,speech,https://www.bankofcanada.ca/2021/06/digital-transformation-canada-economic-resilience/,The digital transformation and Canada’s economic resilience,2021-06-11 03:59:00+00:00,
2217,FED,statement,https://www.federalreserve.gov/newsevents/pressreleases/monetary20210616a.htm,Federal Reserve issues FOMC statement,2021-06-16 18:00:00+00:00,2021-06-16
1766,FED,testimony,https://www.federalreserve.gov/newsevents/testimony/powell20210622a.htm,The Federal Reserve&#39;s Response to the Coronavirus Pandemic,2021-06-22 18:00:00+00:00,
1070,FED,speech,https://www.federalreserve.gov/newsevents/speech/bowman20210623a.htm,Building Economic Resilience in Communities,2021-06-23 13:10:00+00:00,
1071,FED,speech,https://www.federalreserve.gov/newsevents/speech/quarles20210628a.htm,Parachute Pants and Central Bank Money,2021-06-28 17:10:00+00:00,
2218,FED,minutes,https://www.federalreserve.gov/monetarypolicy/fomcminutes20210616.htm,Federal Open Market Committee,2021-07-07 18:00:00+00:00,2021-06-16
1072,FED,speech,https://www.federalreserve.gov/newsevents/speech/quarles20210711a.htm,Disclosures and Data: Building Strong Foundations for Addressing Climate-Related Financial Risks,2021-07-11 13:20:00+00:00,
1767,FED,testimony,https://www.federalreserve.gov/newsevents/testimony/powell20210714a.htm,Semiannual Monetary Policy Report to the Congress,2021-07-14 12:30:00+00:00,
2273,BOC,rate_announcement,https://www.bankofcanada.ca/2021/07/fad-press-release-2021-07-14/,"Bank of Canada maintains policy rate and forward guidance, adjusts quantitative easing program",2021-07-14 14:00:00+00:00,2021-07-14
2187,BOC,speech,https://www.bankofcanada.ca/2021/07/opening-statement-140721/,Monetary Policy Report Press Conference Opening Statement,2021-07-15 03:59:00+00:00,
2219,FED,statement,https://www.federalreserve.gov/newsevents/pressreleases/monetary20210728a.htm,Federal Reserve issues FOMC statement,2021-07-28 18:00:00+00:00,2021-07-28
1073,FED,speech,https://www.federalreserve.gov/newsevents/speech/brainard20210730a.htm,Assessing Progress as the Economy Moves from Reopening to Recovery,2021-07-31 00:30:00+00:00,
1074,FED,speech,https://www.federalreserve.gov/newsevents/speech/bowman20210803a.htm,Welcoming Remarks,2021-08-03 18:00:00+00:00,
1075,FED,speech,https://www.federalreserve.gov/newsevents/speech/clarida20210804a.htm,"Outlooks, Outcomes, and Prospects for U.S. Monetary Policy",2021-08-04 14:00:00+00:00,
1076,FED,speech,https://www.federalreserve.gov/newsevents/speech/waller20210805a.htm,CBDC: A Solution in Search of a Problem?,2021-08-05 14:00:00+00:00,
1077,FED,speech,https://www.federalreserve.gov/newsevents/speech/powell20210817a.htm,Welcoming Remarks,2021-08-17 17:30:00+00:00,
2220,FED,minutes,https://www.federalreserve.gov/monetarypolicy/fomcminutes20210728.htm,Federal Open Market Committee,2021-08-18 18:00:00+00:00,2021-07-28
1078,FED,speech,https://www.federalreserve.gov/newsevents/speech/powell20210827a.htm,Monetary Policy in the Time of COVID,2021-08-27 14:00:00+00:00,
84,BOC,rate_announcement,https://www.bankofcanada.ca/2021/09/fad-press-release-2021-09-08/,"Bank of Canada maintains policy rate, continues forward guidance  and current pace of quantitative easing",2021-09-08 14:00:00+00:00,2021-09-08
1079,FED,speech,https://www.federalreserve.gov/newsevents/speech/bowman20210909a.htm,Community Bank Access to Innovation,2021-09-09 17:00:00+00:00,
1,FED,statement,https://www.federalreserve.gov/newsevents/pressreleases/monetary20210922a.htm,Federal Reserve issues FOMC statement,2021-09-22 18:00:00+00:00,2021-09-22
1080,FED,speech,https://www.federalreserve.gov/newsevents/speech/powell20210924a.htm,Introductory Remarks,2021-09-24 14:00:00+00:00,
1081,FED,speech,https://www.federalreserve.gov/newsevents/speech/brainard20210927a.htm,Navigating Delta Headwinds on the Path to a Full Recovery,2021-09-27 16:50:00+00:00,
1768,FED,testimony,https://www.federalreserve.gov/newsevents/testimony/powell20210928a.htm,Coronavirus and CARES Act,2021-09-28 14:00:00+00:00,
1082,FED,speech,https://www.federalreserve.gov/newsevents/speech/bowman20210928a.htm,Creating a New Model for the Future of Supervision,2021-09-28 17:40:00+00:00,
1083,FED,speech,https://www.federalreserve.gov/newsevents/speech/quarles20211005a.htm,Goodbye to All That: The End of LIBOR,2021-10-05 17:15:00+00:00,
1084,FED,speech,https://www.federalreserve.gov/newsevents/speech/brainard20211007a.htm,Building Climate Scenario Analysis on the Foundations of Economic Research,2021-10-07 14:00:00+00:00,
1085,FED,speech,https://www.federalreserve.gov/newsevents/speech/clarida20211012a.htm,U.S. Economic Outlook and Monetary Policy,2021-10-12 15:15:00+00:00,
2,FED,minutes,https://www.federalreserve.gov/monetarypolicy/fomcminutes20210922.htm,Federal Open Market Committee,2021-10-13 18:00:00+00:00,2021-09-22
1086,FED,speech,https://www.federalreserve.gov/newsevents/speech/brainard20211013a.htm,Financial Inclusion and Economic Challenges in the Shadow of the Pandemic: A Conversation with Tribal Leaders,2021-10-13 20:30:00+00:00,
1087,FED,speech,https://www.federalreserve.gov/newsevents/speech/bowman20211013a.htm,The View from Here:  The Outlook for the U.S. Economy and Implications for Monetary Policy,2021-10-14 00:00:00+00:00,
1088,FED,speech,https://www.federalreserve.gov/newsevents/speech/quarles20211018a.htm,Financial Stability and Coordination in Times of Crisis,2021-10-18 09:30:00+00:00,
1089,FED,speech,https://www.federalreserve.gov/newsevents/speech/bowman20211019a.htm,Welcoming Remarks,2021-10-19 17:15:00+00:00,
1090,FED,speech,https://www.federalreserve.gov/newsevents/speech/waller20211019a.htm,The Economic Outlook and a Cautionary Tale  on “Idiosyncratic” Price Changes and Inflation,2021-10-19 19:00:00+00:00,
1091,FED,speech,https://www.federalreserve.gov/newsevents/speech/quarles20211020a.htm,How Long is Too Long?  How High is Too High?: Managing Recent Inflation Developments  within the FOMC’s Monetary Policy Framework,2021-10-20 17:00:00+00:00,
1092,FED,speech,https://www.federalreserve.gov/newsevents/speech/bowman20211022a.htm,The Lack of New Bank Formations is a Significant Issue for the Banking Industry,2021-10-22 14:00:00+00:00,
85,BOC,rate_announcement,https://www.bankofcanada.ca/2021/10/fad-press-release-2021-10-27/,"Bank of Canada maintains policy rate and forward guidance,  ends quantitative easing",2021-10-27 14:00:00+00:00,2021-10-27
3,FED,statement,https://www.federalreserve.gov/newsevents/pressreleases/monetary20211103a.htm,Federal Reserve issues FOMC statement,2021-11-03 18:00:00+00:00,2021-11-03
1093,FED,speech,https://www.federalreserve.gov/newsevents/speech/clarida20211108a.htm,Flexible Average Inflation Targeting and Prospects for U.S. Monetary Policy,2021-11-08 14:00:00+00:00,
1094,FED,speech,https://www.federalreserve.gov/newsevents/speech/powell20211108a.htm,Opening Remarks,2021-11-08 15:30:00+00:00,
1095,FED,speech,https://www.federalreserve.gov/newsevents/speech/bowman20211108a.htm,The U.S. Housing and Mortgage Market: Risks and Resilience,2021-11-08 17:00:00+00:00,
1096,FED,speech,https://www.federalreserve.gov/newsevents/speech/powell20211109a.htm,Opening Remarks,2021-11-09 14:00:00+00:00,
1097,FED,speech,https://www.federalreserve.gov/newsevents/speech/waller20211117a.htm,Reflections on Stablecoins and Payments Innovations,2021-11-17 17:40:00+00:00,
1098,FED,speech,https://www.federalreserve.gov/newsevents/speech/waller20211119a.htm,Economic Outlook,2021-11-19 15:45:00+00:00,
1099,FED,speech,https://www.federalreserve.gov/newsevents/speech/clarida20211119a.htm,"Perspectives on Global Monetary Policy Coordination, Cooperation, and Correlation",2021-11-19 17:15:00+00:00,
4,FED,minutes,https://www.federalreserve.gov/monetarypolicy/fomcminutes20211103.htm,Federal Open Market Committee,2021-11-24 19:00:00+00:00,2021-11-03
1100,FED,speech,https://www.federalreserve.gov/newsevents/speech/powell20211129a.htm,Opening Remarks,2021-11-29 20:05:00+00:00,
1101,FED,speech,https://www.federalreserve.gov/newsevents/speech/bowman20211129a.htm,"Engagement, Research and Policy: Integrating Indigenous Voices into Economic Inclusion at the Federal Reserve",2021-11-29 22:05:00+00:00,
1769,FED,testimony,https://www.federalreserve.gov/newsevents/testimony/powell20211130a.htm,Coronavirus and CARES Act,2021-11-30 15:00:00+00:00,
1102,FED,speech,https://www.federalreserve.gov/newsevents/speech/clarida20211130a.htm,Federal Reserve Independence: Foundations and Responsibilities,2021-11-30 18:00:00+00:00,
1103,FED,speech,https://www.federalreserve.gov/newsevents/speech/quarles20211202a.htm,Between the Hither and the Farther Shore: Thoughts on Unfinished Business,2021-12-02 16:00:00+00:00,
86,BOC,rate_announcement,https://www.bankofcanada.ca/2021/12/fad-press-release-2021-12-08/,Bank of Canada maintains policy rate and forward guidance,2021-12-08 15:00:00+00:00,2021-12-08
2188,BOC,speech,https://www.bankofcanada.ca/2021/12/opening-statement-tiff-macklem-december-13-2021/,Opening statement by Tiff Macklem,2021-12-14 04:59:00+00:00,
5,FED,statement,https://www.federalreserve.gov/newsevents/pressreleases/monetary20211215a.htm,Federal Reserve issues FOMC statement,2021-12-15 19:00:00+00:00,2021-12-15
1104,FED,speech,https://www.federalreserve.gov/newsevents/speech/waller20211217a.htm,A Hopeless and Imperative Endeavor: Lessons from the Pandemic for Economic Forecasters,2021-12-17 18:00:00+00:00,
6,FED,minutes,https://www.federalreserve.gov/monetarypolicy/fomcminutes20211215.htm,Federal Open Market Committee,2022-01-05 19:00:00+00:00,2021-12-15
1770,FED,testimony,https://www.federalreserve.gov/newsevents/testimony/powell20220111a.htm,Nomination hearing,2022-01-11 15:00:00+00:00,
1771,FED,testimony,https://www.federalreserve.gov/newsevents/testimony/brainard20220113a.htm,Nomination hearing,2022-01-13 15:00:00+00:00,
87,BOC,rate_announcement,https://www.bankofcanada.ca/2022/01/fad-press-release-2022-01-26/,"Bank of Canada maintains policy rate, removes exceptional forward guidance",2022-01-26 15:00:00+00:00,2022-01-26
7,FED,statement,https://www.federalreserve.gov/newsevents/pressreleases/monetary20220126a.htm,Federal Reserve issues FOMC statement,2022-01-26 19:00:00+00:00,2022-01-26
2189,BOC,speech,https://www.bankofcanada.ca/2022/01/opening-statement-260122/,Monetary Policy Report Press Conference Opening Statement,2022-01-27 04:59:00+00:00,
8,FED,minutes,https://www.federalreserve.gov/monetarypolicy/fomcminutes20220126.htm,Federal Open Market Committee,2022-02-16 19:00:00+00:00,2022-01-26
1105,FED,speech,https://www.federalreserve.gov/newsevents/speech/brainard20220218a.htm,Preparing for the Financial System of the Future,2022-02-18 18:30:00+00:00,
1106,FED,speech,https://www.federalreserve.gov/newsevents/speech/bowman20220221a.htm,High Inflation and the Outlook for Monetary Policy,2022-02-21 16:15:00+00:00,
1107,FED,speech,https://www.federalreserve.gov/newsevents/speech/waller20220224a.htm,Fighting Inflation with Rate Hikes and Balance Sheet Reduction,2022-02-25 01:25:00+00:00,
1772,FED,testimony,https://www.federalreserve.gov/newsevents/testimony/powell20220302a.htm,Semiannual Monetary Policy Report to the Congress,2022-03-02 13:30:00+00:00,
88,BOC,rate_announcement,https://www.bankofcanada.ca/2022/03/fad-press-release-2022-03-02/,Bank of Canada increases policy interest rate,2022-03-02 15:00:00+00:00,2022-03-02
9,FED,statement,https://www.federalreserve.gov/newsevents/pressreleases/monetary20220316a.htm,Federal Reserve issues FOMC statement,2022-03-16 18:00:00+00:00,2022-03-16
1108,FED,speech,https://www.federalreserve.gov/newsevents/speech/bowman20220318a.htm,Welcoming Remarks,2022-03-18 18:00:00+00:00,
1109,FED,speech,https://www.federalreserve.gov/newsevents/speech/powell20220321a.htm,Restoring Price Stability,2022-03-21 16:30:00+00:00,
1110,FED,speech,https://www.federalreserve.gov/newsevents/speech/waller20220324a.htm,The Red Hot Housing Market: the Role of Policy and Implications for Housing Affordability,2022-03-24 13:10:00+00:00,
1111,FED,speech,https://www.federalreserve.gov/newsevents/speech/brainard20220405a.htm,Variation in the Inflation Experiences of Households,2022-04-05 14:05:00+00:00,
10,FED,minutes,https://www.federalreserve.gov/monetarypolicy/fomcminutes20220316.htm,Federal Open Market Committee,2022-04-06 18:00:00+00:00,2022-03-16
89,BOC,rate_announcement,https://www.bankofcanada.ca/2022/04/fad-press-release-2022-04-13/,"Bank of Canada increases policy interest rate by 50 basis points, begins quantitative tightening",2022-04-13 14:00:00+00:00,2022-04-13
11,FED,statement,https://www.federalreserve.gov/newsevents/pressreleases/monetary20220504a.htm,Federal Reserve issues FOMC statement,2022-05-04 18:00:00+00:00,2022-05-04
1112,FED,speech,https://www.federalreserve.gov/newsevents/speech/waller20220506a.htm,Reflections on Monetary Policy in 2021,2022-05-06 23:15:00+00:00,
1113,FED,speech,https://www.federalreserve.gov/newsevents/speech/powell20220524a.htm,Welcoming Remarks,2022-05-24 16:20:00+00:00,
1114,FED,speech,https://www.federalreserve.gov/newsevents/speech/brainard20220525a.htm,Commencement Remarks,2022-05-25 16:15:00+00:00,
12,FED,minutes,https://www.federalreserve.gov/monetarypolicy/fomcminutes20220504.htm,Federal Open Market Committee,2022-05-25 18:00:00+00:00,2022-05-04
1773,FED,testimony,https://www.federalreserve.gov/newsevents/testimony/brainard20220526a.htm,Digital Assets and the Future of Finance: Examining the Benefits and Risks of a U.S. Central Bank Digital Currency,2022-05-26 21:30:00+00:00,
1115,FED,speech,https://www.federalreserve.gov/newsevents/speech/waller20220530a.htm,"Responding to High Inflation, with Some Thoughts on a Soft Landing",2022-05-30 15:00:00+00:00,
90,BOC,rate_announcement,https://www.bankofcanada.ca/2022/06/fad-press-release-2022-06-01/,"Bank of Canada increases policy interest rate by 50 basis points, continues quantitative tightening",2022-06-01 14:00:00+00:00,2022-06-01
1116,FED,speech,https://www.federalreserve.gov/newsevents/speech/waller20220603a.htm,Risk in the Crypto Markets,2022-06-03 17:00:00+00:00,
13,FED,statement,https://www.federalreserve.gov/newsevents/pressreleases/monetary20220615a.htm,Federal Reserve issues FOMC statement,2022-06-15 18:00:00+00:00,2022-06-15
1117,FED,speech,https://www.federalreserve.gov/newsevents/speech/powell20220617a.htm,Welcoming Remarks,2022-06-17 12:45:00+00:00,
1118,FED,speech,https://www.federalreserve.gov/newsevents/speech/waller20220618a.htm,Lessons Learned on Normalizing Monetary Policy,2022-06-18 20:40:00+00:00,
1774,FED,testimony,https://www.federalreserve.gov/newsevents/testimony/powell20220622a.htm,Semiannual Monetary Policy Report to the Congress,2022-06-22 13:30:00+00:00,
1119,FED,speech,https://www.federalreserve.gov/newsevents/speech/bowman20220623a.htm,The Outlook for Inflation and Monetary Policy,2022-06-23 15:00:00+00:00,
14,FED,minutes,https://www.federalreserve.gov/monetarypolicy/fomcminutes20220615.htm,Federal Open Market Committee,2022-07-06 18:00:00+00:00,2022-06-15
1120,FED,speech,https://www.federalreserve.gov/newsevents/speech/brainard20220708a.htm,Crypto-Assets and Decentralized Finance through a Financial Stability Lens,2022-07-08 14:00:00+00:00,
91,BOC,rate_announcement,https://www.bankofcanada.ca/2022/07/fad-press-release-2022-07-13/,"Bank of Canada increases policy interest rate by 100 basis points, continues quantitative tightening",2022-07-13 14:00:00+00:00,2022-07-13
2190,BOC,speech,https://www.bankofcanada.ca/2022/07/opening-statement-2022-07-13/,Monetary Policy Report Press Conference Opening Statement,2022-07-14 03:59:00+00:00,
1121,FED,speech,https://www.federalreserve.gov/newsevents/speech/waller20220714a.htm,Monetary Policy in a World of Conflicting Data,2022-07-14 15:00:00+00:00,
1122,FED,speech,https://www.federalreserve.gov/newsevents/speech/brainard20220719a.htm,Strengthening the CRA: A Conversation with Representatives of Native Communities,2022-07-19 18:35:00+00:00,
15,FED,statement,https://www.federalreserve.gov/newsevents/pressreleases/monetary20220727a.htm,Federal Reserve issues FOMC statement,2022-07-27 18:00:00+00:00,2022-07-27
1123,FED,speech,https://www.federalreserve.gov/newsevents/speech/bowman20220806a.htm,Fighting Inflation in Challenging Times,2022-08-06 16:15:00+00:00,
1124,FED,speech,https://www.federalreserve.gov/newsevents/speech/bowman20220817a.htm,"Technology, Innovation, and Financial Services",2022-08-17 13:30:00+00:00,
16,FED,minutes,https://www.federalreserve.gov/monetarypolicy/fomcminutes20220727.htm,Federal Open Market Committee,2022-08-17 18:00:00+00:00,2022-07-27
1125,FED,speech,https://www.federalreserve.gov/newsevents/speech/bowman20220817b.htm,Working Women in the Pandemic Era,2022-08-17 18:20:00+00:00,
1126,FED,speech,https://www.federalreserve.gov/newsevents/speech/powell20220826a.htm,Monetary Policy and Price Stability,2022-08-26 14:00:00+00:00,
1127,FED,speech,https://www.federalreserve.gov/newsevents/speech/brainard20220829a.htm,Progress on Fast Payments for All: An Update on FedNow,2022-08-29 18:15:00+00:00,
92,BOC,rate_announcement,https://www.bankofcanada.ca/2022/09/fad-press-release-2022-09-07/,"Bank of Canada increases policy interest rate by 75 basis points,  continues quantitative tightening",2022-09-07 14:00:00+00:00,2022-09-07
1128,FED,speech,https://www.federalreserve.gov/newsevents/speech/brainard20220907a.htm,Bringing Inflation Down,2022-09-07 16:40:00+00:00,
1129,FED,speech,https://www.federalreserve.gov/newsevents/speech/barr20220907a.htm,Making the Financial System Safer and Fairer,2022-09-07 18:00:00+00:00,
1130,FED,speech,https://www.federalreserve.gov/newsevents/speech/waller20220909a.htm,The Economic Outlook: Time to Let the Data Do the Talking,2022-09-09 16:00:00+00:00,
17,FED,statement,https://www.federalreserve.gov/newsevents/pressreleases/monetary20220921a.htm,Federal Reserve issues FOMC statement,2022-09-21 18:00:00+00:00,2022-09-21
1131,FED,speech,https://www.federalreserve.gov/newsevents/speech/powell20220928a.htm,Welcoming Remarks,2022-09-28 14:15:00+00:00,
1132,FED,speech,https://www.federalreserve.gov/newsevents/speech/bowman20220928a.htm,The New Landscape for Banking Competition,2022-09-28 15:00:00+00:00,
1133,FED,speech,https://www.federalreserve.gov/newsevents/speech/brainard20220930a.htm,Global Financial Stability Considerations for Monetary Policy in a High-Inflation Environment,2022-09-30 13:00:00+00:00,
1134,FED,speech,https://www.federalreserve.gov/newsevents/speech/bowman20220930a.htm,Large Bank Supervision and Regulation,2022-09-30 15:00:00+00:00,
1135,FED,speech,https://www.federalreserve.gov/newsevents/speech/jefferson20221004a.htm,Technology’s Impact on the Post-Pandemic Economy,2022-10-04 15:45:00+00:00,
1136,FED,speech,https://www.federalreserve.gov/newsevents/speech/cook20221006a.htm,Economic Outlook,2022-10-06 17:00:00+00:00,
1137,FED,speech,https://www.federalreserve.gov/newsevents/speech/waller20221006a.htm,The Economic Outlook with a Look at the Housing Market,2022-10-06 21:00:00+00:00,
1138,FED,speech,https://www.federalreserve.gov/newsevents/speech/brainard20221010a.htm,Restoring Price Stability in an Uncertain Economic Environment,2022-10-10 17:35:00+00:00,
1139,FED,speech,https://www.federalreserve.gov/newsevents/speech/barr20221012a.htm,Managing the Promise and Risk of Financial Innovation,2022-10-12 17:45:00+00:00,
18,FED,minutes,https://www.federalreserve.gov/monetarypolicy/fomcminutes20220921.htm,Federal Open Market Committee,2022-10-12 18:00:00+00:00,2022-09-21
1140,FED,speech,https://www.federalreserve.gov/newsevents/speech/bowman20221012a.htm,Forward Guidance as a Monetary Policy Tool: Considerations for the Current Economic Environment,2022-10-12 22:30:00+00:00,
1141,FED,speech,https://www.federalreserve.gov/newsevents/speech/waller20221014a.htm,The U.S. Dollar and Central Bank Digital Currencies,2022-10-14 16:15:00+00:00,
1142,FED,speech,https://www.federalreserve.gov/newsevents/speech/bowman20221020a.htm,Welcoming Remarks,2022-10-20 18:05:00+00:00,
93,BOC,rate_announcement,https://www.bankofcanada.ca/2022/10/fad-press-release-2022-10-26/,"Bank of Canada increases policy interest rate by 50 basis points, continues quantitative tightening",2022-10-26 14:00:00+00:00,2022-10-26
19,FED,statement,https://www.federalreserve.gov/newsevents/pressreleases/monetary20221102a.htm,Federal Reserve issues FOMC statement,2022-11-02 18:00:00+00:00,2022-11-02
1775,FED,testimony,https://www.federalreserve.gov/newsevents/testimony/barr20221115a.htm,Supervision and Regulation,2022-11-15 15:00:00+00:00,
1143,FED,speech,https://www.federalreserve.gov/newsevents/speech/waller20221116a.htm,The Economic Outlook and a Word of Caution on Inflation,2022-11-16 19:35:00+00:00,
1144,FED,speech,https://www.federalreserve.gov/newsevents/speech/bowman20221117a.htm,Financial Education,2022-11-17 14:15:00+00:00,
1145,FED,speech,https://www.federalreserve.gov/newsevents/speech/jefferson20221117a.htm,Opportunity and Inclusive Economic Growth,2022-11-17 15:40:00+00:00,
20,FED,minutes,https://www.federalreserve.gov/monetarypolicy/fomcminutes20221102.htm,Federal Open Market Committee,2022-11-23 19:00:00+00:00,2022-11-02
1146,FED,speech,https://www.federalreserve.gov/newsevents/speech/brainard20221128a.htm,"What Can We Learn from the Pandemic and the War  about Supply Shocks, Inflation, and Monetary Policy?",2022-11-28 20:00:00+00:00,
1147,FED,speech,https://www.federalreserve.gov/newsevents/speech/cook20221130a.htm,The Economic Outlook and U.S. Productivity,2022-11-30 17:35:00+00:00,
1148,FED,speech,https://www.federalreserve.gov/newsevents/speech/powell20221130a.htm,Inflation and the Labor Market,2022-11-30 18:30:00+00:00,
1149,FED,speech,https://www.federalreserve.gov/newsevents/speech/barr20221201a.htm,Why Bank Capital Matters,2022-12-01 20:00:00+00:00,
94,BOC,rate_announcement,https://www.bankofcanada.ca/2022/12/fad-press-release-2022-12-07/,"Bank of Canada increases policy interest rate by 50 basis points,  continues quantitative tightening",2022-12-07 15:00:00+00:00,2022-12-07
21,FED,statement,https://www.federalreserve.gov/newsevents/pressreleases/monetary20221214a.htm,Federal Reserve issues FOMC statement,2022-12-14 19:00:00+00:00,2022-12-14
22,FED,minutes,https://www.federalreserve.gov/monetarypolicy/fomcminutes20221214.htm,Federal Open Market Committee,2023-01-04 19:00:00+00:00,2022-12-14
1150,FED,speech,https://www.federalreserve.gov/newsevents/speech/cook20230106a.htm,Thoughts on Inflation in a Supply-Constrained Economy,2023-01-06 16:15:00+00:00,
1151,FED,speech,https://www.federalreserve.gov/newsevents/speech/powell20230110a.htm,Panel on &quot;Central Bank Independence and the Mandate—Evolving Views&quot;,2023-01-10 14:00:00+00:00,
1152,FED,speech,https://www.federalreserve.gov/newsevents/speech/bowman20230110a.htm,Brief Remarks on the Economy and Bank Supervision,2023-01-10 17:00:00+00:00,
1153,FED,speech,https://www.federalreserve.gov/newsevents/speech/brainard20230119a.htm,Staying the Course to Bring Inflation Down,2023-01-19 18:15:00+00:00,
1154,FED,speech,https://www.federalreserve.gov/newsevents/speech/waller20230120a.htm,A Case for Cautious Optimism,2023-01-20 18:00:00+00:00,
1155,FED,speech,https://www.federalreserve.gov/newsevents/speech/cook20230121a.htm,Remarks to Delta Sigma Theta,2023-01-21 18:30:00+00:00,
95,BOC,rate_announcement,https://www.bankofcanada.ca/2023/01/fad-press-release-2023-01-25/,"Bank of Canada increases policy interest rate by 25 basis points, continues quantitative tightening",2023-01-25 15:00:00+00:00,2023-01-25
23,FED,statement,https://www.federalreserve.gov/newsevents/pressreleases/monetary20230201a.htm,Federal Reserve issues FOMC statement,2023-02-01 19:00:00+00:00,2023-02-01
1156,FED,speech,https://www.federalreserve.gov/newsevents/speech/barr20230207a.htm,Remarks at the “Banking on Financial Inclusion” Conference,2023-02-07 19:00:00+00:00,
1157,FED,speech,https://www.federalreserve.gov/newsevents/speech/waller20230208a.htm,"The Inflation Rate for Necessities: A Look at Food, Energy and Shelter Inflation",2023-02-08 18:45:00+00:00,
1158,FED,speech,https://www.federalreserve.gov/newsevents/speech/waller20230210a.htm,Thoughts on the Crypto Ecosystem,2023-02-10 17:30:00+00:00,
1159,FED,speech,https://www.federalreserve.gov/newsevents/speech/bowman20230213a.htm,"Independence, Predictability, and Tailoring in Banking Regulation and Supervision",2023-02-13 13:00:00+00:00,
1160,FED,speech,https://www.federalreserve.gov/newsevents/speech/bowman20230215a.htm,Welcoming Remarks,2023-02-15 16:00:00+00:00,
1161,FED,speech,https://www.federalreserve.gov/newsevents/speech/cook20230216a.htm,Welcome Remarks,2023-02-16 21:00:00+00:00,
24,FED,minutes,https://www.federalreserve.gov/monetarypolicy/fomcminutes20230201.htm,Federal Open Market Committee,2023-02-22 19:00:00+00:00,2023-02-01
1162,FED,speech,https://www.federalreserve.gov/newsevents/speech/jefferson20230224a.htm,"Discussion of the Paper &quot;Managing Disinflations&quot;  by Stephen G. Cecchetti, Michael E. Feroli, Peter Hooper,  Frederic S. Mishkin, and Kermit L. Schoenholtz",2023-02-24 15:15:00+00:00,
1163,FED,speech,https://www.federalreserve.gov/newsevents/speech/jefferson20230227a.htm,Recent Inflation and the Dual Mandate,2023-02-27 15:30:00+00:00,
1164,FED,speech,https://www.federalreserve.gov/newsevents/speech/waller20230302a.htm,February’s Hot Data Releases,2023-03-02 21:00:00+00:00,
1165,FED,speech,https://www.federalreserve.gov/newsevents/speech/bowman20230303a.htm,Panel on “Design Issues for Central Bank Facilities in the Future”,2023-03-03 20:00:00+00:00,
1776,FED,testimony,https://www.federalreserve.gov/newsevents/testimony/powell20230307a.htm,Semiannual Monetary Policy Report to the Congress,2023-03-07 15:00:00+00:00,
96,BOC,rate_announcement,https://www.bankofcanada.ca/2023/03/fad-press-release-2023-03-08/,"Bank of Canada maintains policy rate, continues quantitative tightening",2023-03-08 15:00:00+00:00,2023-03-08
1166,FED,speech,https://www.federalreserve.gov/newsevents/speech/barr20230309a.htm,Supporting Innovation with Guardrails: The Federal Reserve’s Approach to Supervision and Regulation of Banks’ Crypto-related Activities,2023-03-09 15:00:00+00:00,
1167,FED,speech,https://www.federalreserve.gov/newsevents/speech/bowman20230314a.htm,The Innovation Imperative: Modernizing Traditional Banking,2023-03-14 21:20:00+00:00,
25,FED,statement,https://www.federalreserve.gov/newsevents/pressreleases/monetary20230322a.htm,Federal Reserve issues FOMC statement,2023-03-22 18:00:00+00:00,2023-03-22
1168,FED,speech,https://www.federalreserve.gov/newsevents/speech/jefferson20230327a.htm,Implementation and Transmission of Monetary Policy,2023-03-27 21:00:00+00:00,
1777,FED,testimony,https://www.federalreserve.gov/newsevents/testimony/barr20230328a.htm,Bank Oversight,2023-03-28 14:00:00+00:00,
1169,FED,speech,https://www.federalreserve.gov/newsevents/speech/barr20230329a.htm,Brief Remarks,2023-03-29 12:30:00+00:00,
1170,FED,speech,https://www.federalreserve.gov/newsevents/speech/cook20230331a.htm,The U.S. Economic Outlook and Monetary Policy,2023-03-31 21:45:00+00:00,
1171,FED,speech,https://www.federalreserve.gov/newsevents/speech/waller20230331a.htm,The Unstable Phillips Curve,2023-04-01 02:00:00+00:00,
1172,FED,speech,https://www.federalreserve.gov/newsevents/speech/cook20230404a.htm,Welcoming Remarks,2023-04-04 17:30:00+00:00,
97,BOC,rate_announcement,https://www.bankofcanada.ca/2023/04/fad-press-release-2023-04-12/,"Bank of Canada maintains policy rate, continues quantitative tightening",2023-04-12 14:00:00+00:00,2023-04-12
26,FED,minutes,https://www.federalreserve.gov/monetarypolicy/fomcminutes20230322.htm,Federal Open Market Committee,2023-04-12 18:00:00+00:00,2023-03-22
2191,BOC,speech,https://www.bankofcanada.ca/2023/04/opening-statement-2023-04-12/,Monetary Policy Report Press Conference Opening Statement,2023-04-13 03:59:00+00:00,
1173,FED,speech,https://www.federalreserve.gov/newsevents/speech/waller20230414a.htm,Financial Stabilization and Macroeconomic Stabilization:  Two Tools for Two Problems,2023-04-14 12:45:00+00:00,
1174,FED,speech,https://www.federalreserve.gov/newsevents/speech/bowman20230414a.htm,The Consequences of Fewer Banks in the U.S. Banking System,2023-04-14 17:00:00+00:00,
1175,FED,speech,https://www.federalreserve.gov/newsevents/speech/bowman20230418a.htm,Considerations for a Central Bank Digital Currency,2023-04-18 17:00:00+00:00,
1176,FED,speech,https://www.federalreserve.gov/newsevents/speech/waller20230420a.htm,Innovation and the Future of Finance,2023-04-20 16:00:00+00:00,
1177,FED,speech,https://www.federalreserve.gov/newsevents/speech/bowman20230420a.htm,Brief Remarks,2023-04-20 19:00:00+00:00,
1178,FED,speech,https://www.federalreserve.gov/newsevents/speech/cook20230421a.htm,Important Questions for Economic Research,2023-04-21 20:35:00+00:00,
27,FED,statement,https://www.federalreserve.gov/newsevents/pressreleases/monetary20230503a.htm,Federal Reserve issues FOMC statement,2023-05-03 18:00:00+00:00,2023-05-03
1179,FED,speech,https://www.federalreserve.gov/newsevents/speech/cook20230505a.htm,Commencement Address,2023-05-05 17:00:00+00:00,
1180,FED,speech,https://www.federalreserve.gov/newsevents/speech/waller20230511a.htm,Climate Change and Financial Stability,2023-05-11 14:30:00+00:00,
1181,FED,speech,https://www.federalreserve.gov/newsevents/speech/bowman20230512a.htm,"The Evolving Nature of Banking, Bank Culture, and Bank Runs",2023-05-12 07:00:00+00:00,
1182,FED,speech,https://www.federalreserve.gov/newsevents/speech/jefferson20230512a.htm,On the Assessment of Current Monetary Policy,2023-05-12 23:45:00+00:00,
1183,FED,speech,https://www.federalreserve.gov/newsevents/speech/cook20230513a.htm,Commencement Address,2023-05-13 14:30:00+00:00,
1184,FED,speech,https://www.federalreserve.gov/newsevents/speech/cook20230515a.htm,Commencement Address,2023-05-15 21:00:00+00:00,
1778,FED,testimony,https://www.federalreserve.gov/newsevents/testimony/barr20230516a.htm,Supervision and Regulation,2023-05-16 14:00:00+00:00,
1185,FED,speech,https://www.federalreserve.gov/newsevents/speech/jefferson20230518a.htm,The U.S. Economic Outlook and Considerations for Monetary Policy,2023-05-18 13:05:00+00:00,
1186,FED,speech,https://www.federalreserve.gov/newsevents/speech/bowman20230519a.htm,Considerations for Revisions to the Bank Regulatory Framework,2023-05-19 13:00:00+00:00,
1187,FED,speech,https://www.federalreserve.gov/newsevents/speech/waller20230524a.htm,"Hike, Skip, or Pause?",2023-05-24 16:10:00+00:00,
28,FED,minutes,https://www.federalreserve.gov/monetarypolicy/fomcminutes20230503.htm,Federal Open Market Committee,2023-05-24 18:00:00+00:00,2023-05-03
1188,FED,speech,https://www.federalreserve.gov/newsevents/speech/bowman20230531a.htm,Brief Remarks,2023-05-31 12:50:00+00:00,
1189,FED,speech,https://www.federalreserve.gov/newsevents/speech/jefferson20230531a.htm,Financial Stability and the U.S. Economy,2023-05-31 17:30:00+00:00,
98,BOC,rate_announcement,https://www.bankofcanada.ca/2023/06/fad-press-release-2023-06-07/,"Bank of Canada raises policy rate 25 basis points, continues quantitative tightening",2023-06-07 14:00:00+00:00,2023-06-07
29,FED,statement,https://www.federalreserve.gov/newsevents/pressreleases/monetary20230614a.htm,Federal Reserve issues FOMC statement,2023-06-14 18:00:00+00:00,2023-06-14
1190,FED,speech,https://www.federalreserve.gov/newsevents/speech/waller20230616a.htm,Financial Stability and Macroeconomic Policy,2023-06-16 11:45:00+00:00,
1779,FED,testimony,https://www.federalreserve.gov/newsevents/testimony/powell20230621a.htm,Semiannual Monetary Policy Report to the Congress,2023-06-21 12:30:00+00:00,
1780,FED,testimony,https://www.federalreserve.gov/newsevents/testimony/cook20230621a.htm,Nomination hearing,2023-06-21 14:00:00+00:00,
1781,FED,testimony,https://www.federalreserve.gov/newsevents/testimony/jefferson20230621a.htm,Nomination hearing,2023-06-21 14:00:00+00:00,
1191,FED,speech,https://www.federalreserve.gov/newsevents/speech/waller20230622a.htm,Welcoming Remarks,2023-06-22 08:00:00+00:00,
1192,FED,speech,https://www.federalreserve.gov/newsevents/speech/bowman20230622a.htm,Opening Remarks,2023-06-22 13:55:00+00:00,
1193,FED,speech,https://www.federalreserve.gov/newsevents/speech/bowman20230625a.htm,Responsive and Responsible Bank Regulation and Supervision,2023-06-25 13:30:00+00:00,
1194,FED,speech,https://www.federalreserve.gov/newsevents/speech/powell20230629a.htm,Financial Stability and Economic Developments,2023-06-29 06:30:00+00:00,
30,FED,minutes,https://www.federalreserve.gov/monetarypolicy/fomcminutes20230614.htm,Federal Open Market Committee,2023-07-05 18:00:00+00:00,2023-06-14
1195,FED,speech,https://www.federalreserve.gov/newsevents/speech/barr20230710a.htm,Holistic Capital Review,2023-07-10 14:00:00+00:00,
99,BOC,rate_announcement,https://www.bankofcanada.ca/2023/07/fad-press-release-2023-07-12/,"Bank of Canada raises policy rate 25 basis points, continues quantitative tightening",2023-07-12 14:00:00+00:00,2023-07-12
1196,FED,speech,https://www.federalreserve.gov/newsevents/speech/waller20230713a.htm,Big Shocks Travel Fast: Why Policy Lags May Be Shorter Than You Think,2023-07-13 22:45:00+00:00,
1197,FED,speech,https://www.federalreserve.gov/newsevents/speech/barr20230718a.htm,Furthering the Vision of the Fair Housing Act,2023-07-18 14:00:00+00:00,
1782,FED,testimony,https://www.federalreserve.gov/newsevents/testimony/gibson20230718a.htm,Climate-Related Financial Risks,2023-07-18 14:00:00+00:00,
31,FED,statement,https://www.federalreserve.gov/newsevents/pressreleases/monetary20230726a.htm,Federal Reserve issues FOMC statement,2023-07-26 18:00:00+00:00,2023-07-26
1198,FED,speech,https://www.federalreserve.gov/newsevents/speech/bowman20230805a.htm,Brief Remarks on the Economy and Monetary Policy,2023-08-05 16:10:00+00:00,
1199,FED,speech,https://www.federalreserve.gov/newsevents/speech/bowman20230807a.htm,Welcoming Remarks,2023-08-07 12:30:00+00:00,
32,FED,minutes,https://www.federalreserve.gov/monetarypolicy/fomcminutes20230726.htm,Federal Open Market Committee,2023-08-16 18:00:00+00:00,2023-07-26
1200,FED,speech,https://www.federalreserve.gov/newsevents/speech/bowman20230822a.htm,Welcoming Remarks,2023-08-22 18:30:00+00:00,
1201,FED,speech,https://www.federalreserve.gov/newsevents/speech/powell20230825a.htm,Inflation:  Progress and the Path Ahead,2023-08-25 14:05:00+00:00,
100,BOC,rate_announcement,https://www.bankofcanada.ca/2023/09/fad-press-release-2023-09-06/,"Bank of Canada maintains policy rate, continues quantitative tightening",2023-09-06 14:00:00+00:00,2023-09-06
1202,FED,speech,https://www.federalreserve.gov/newsevents/speech/barr20230908a.htm,The Federal Reserve’s Role in Supporting Responsible Innovation,2023-09-08 13:00:00+00:00,
33,FED,statement,https://www.federalreserve.gov/newsevents/pressreleases/monetary20230920a.htm,Federal Reserve issues FOMC statement,2023-09-20 18:00:00+00:00,2023-09-20
1203,FED,speech,https://www.federalreserve.gov/newsevents/speech/cook20230922a.htm,"Generative AI, Productivity, the Labor Market, and Choice Behavior",2023-09-22 12:50:00+00:00,
1204,FED,speech,https://www.federalreserve.gov/newsevents/speech/bowman20230922a.htm,Brief Remarks on the Economy and Monetary Policy,2023-09-22 14:30:00+00:00,
1205,FED,speech,https://www.federalreserve.gov/newsevents/speech/bowman20230926a.htm,Welcoming Remarks,2023-09-26 17:30:00+00:00,
1206,FED,speech,https://www.federalreserve.gov/newsevents/speech/bowman20230927a.htm,Panel Remarks,2023-09-27 22:00:00+00:00,
1207,FED,speech,https://www.federalreserve.gov/newsevents/speech/cook20230928a.htm,Closing Remarks,2023-09-28 17:00:00+00:00,
1208,FED,speech,https://www.federalreserve.gov/newsevents/speech/powell20230928a.htm,Welcoming Remarks,2023-09-28 20:00:00+00:00,
1209,FED,speech,https://www.federalreserve.gov/newsevents/speech/bowman20231002a.htm,Brief Remarks on the Economy and Bank Regulation,2023-10-02 14:30:00+00:00,
1210,FED,speech,https://www.federalreserve.gov/newsevents/speech/barr20231002a.htm,Monetary Policy and Financial Stability,2023-10-02 17:00:00+00:00,
1211,FED,speech,https://www.federalreserve.gov/newsevents/speech/bowman20231004a.htm,"The Role of Research, Data, and Analysis in Banking Reforms",2023-10-04 14:25:00+00:00,
1212,FED,speech,https://www.federalreserve.gov/newsevents/speech/bowman20231007a.htm,Brief Remarks on the Economy and Insights from Past Bank Regulatory Reform Efforts,2023-10-07 15:00:00+00:00,
1213,FED,speech,https://www.federalreserve.gov/newsevents/speech/barr20231009a.htm,Capital Supports Lending,2023-10-09 13:15:00+00:00,
1214,FED,speech,https://www.federalreserve.gov/newsevents/speech/jefferson20231009a.htm,U.S. Economic Outlook and Monetary Policy Transmission,2023-10-09 17:30:00+00:00,
1215,FED,speech,https://www.federalreserve.gov/newsevents/speech/waller20231010a.htm,Monetary Policy Analysis and the Development of Federal Reserve Policymaking,2023-10-10 17:30:00+00:00,
1216,FED,speech,https://www.federalreserve.gov/newsevents/speech/bowman20231011a.htm,Financial Stability in Uncertain Times,2023-10-11 08:15:00+00:00,
34,FED,minutes,https://www.federalreserve.gov/monetarypolicy/fomcminutes20230920.htm,Federal Open Market Committee,2023-10-11 18:00:00+00:00,2023-09-20
1217,FED,speech,https://www.federalreserve.gov/newsevents/speech/bowman20231017a.htm,Responsible Innovation in Money and Payments,2023-10-17 13:20:00+00:00,
1218,FED,speech,https://www.federalreserve.gov/newsevents/speech/waller20231018a.htm,Something’s Got to Give,2023-10-18 16:00:00+00:00,
1219,FED,speech,https://www.federalreserve.gov/newsevents/speech/bowman20231018a.htm,Brief Remarks,2023-10-18 17:00:00+00:00,
1220,FED,speech,https://www.federalreserve.gov/newsevents/speech/cook20231018a.htm,The Evolution of the Federal Reserve’s Employment Mandate,2023-10-18 22:55:00+00:00,
1221,FED,speech,https://www.federalreserve.gov/newsevents/speech/jefferson20231019a.htm,Opening Remarks,2023-10-19 13:00:00+00:00,
1222,FED,speech,https://www.federalreserve.gov/newsevents/speech/powell20231019a.htm,Opening Remarks,2023-10-19 16:00:00+00:00,
1223,FED,speech,https://www.federalreserve.gov/newsevents/speech/barr20231019a.htm,Multiple Scenarios in Stress Testing,2023-10-19 17:30:00+00:00,
101,BOC,rate_announcement,https://www.bankofcanada.ca/2023/10/fad-press-release-2023-10-25/,"Bank of Canada maintains policy rate, continues quantitative tightening",2023-10-25 14:00:00+00:00,2023-10-25
1224,FED,speech,https://www.federalreserve.gov/newsevents/speech/powell20231025a.htm,Introductory Remarks,2023-10-25 20:35:00+00:00,
1225,FED,speech,https://www.federalreserve.gov/newsevents/speech/waller20231026a.htm,Welcome Remarks,2023-10-26 13:00:00+00:00,
1226,FED,speech,https://www.federalreserve.gov/newsevents/speech/barr20231027a.htm,Opening Remarks,2023-10-27 13:00:00+00:00,
35,FED,statement,https://www.federalreserve.gov/newsevents/pressreleases/monetary20231101a.htm,Federal Reserve issues FOMC statement,2023-11-01 18:00:00+00:00,2023-11-01
1227,FED,speech,https://www.federalreserve.gov/newsevents/speech/cook20231106a.htm,Financial Stability: Resilience and Challenges,2023-11-06 16:00:00+00:00,
1228,FED,speech,https://www.federalreserve.gov/newsevents/speech/waller20231107a.htm,Using Economic Data to Understand the Economy,2023-11-07 15:00:00+00:00,
1229,FED,speech,https://www.federalreserve.gov/newsevents/speech/bowman20231107a.htm,Remarks on the Economy and Bank Supervision and Regulation,2023-11-07 18:30:00+00:00,
1230,FED,speech,https://www.federalreserve.gov/newsevents/speech/cook20231108a.htm,"Financial Stability: Resilience, Challenges, and Global Connections",2023-11-08 10:15:00+00:00,
1231,FED,speech,https://www.federalreserve.gov/newsevents/speech/powell20231108a.htm,Opening Remarks,2023-11-08 14:15:00+00:00,
1232,FED,speech,https://www.federalreserve.gov/newsevents/speech/jefferson20231108a.htm,"Research and Statistics Centennial Anniversary: Past, Present and Future",2023-11-08 21:45:00+00:00,
1233,FED,speech,https://www.federalreserve.gov/newsevents/speech/bowman20231109a.htm,Remarks on the Economy and Prioritization of Bank Supervision and Regulation,2023-11-09 16:00:00+00:00,
1234,FED,speech,https://www.federalreserve.gov/newsevents/speech/powell20231109a.htm,Opening Remarks,2023-11-09 19:00:00+00:00,
1235,FED,speech,https://www.federalreserve.gov/newsevents/speech/cook20231113a.htm,Welcoming Remarks,2023-11-13 13:50:00+00:00,
1236,FED,speech,https://www.federalreserve.gov/newsevents/speech/jefferson20231114a.htm,Elevated Economic Uncertainty: Causes and Consequences,2023-11-14 10:30:00+00:00,
1783,FED,testimony,https://www.federalreserve.gov/newsevents/testimony/barr20231113a.htm,Supervision and Regulation,2023-11-14 15:00:00+00:00,
1237,FED,speech,https://www.federalreserve.gov/newsevents/speech/barr20231116a.htm,The 2023 U.S. Treasury Market Conference,2023-11-16 15:35:00+00:00,
1238,FED,speech,https://www.federalreserve.gov/newsevents/speech/cook20231116a.htm,"Global Linkages:  Supply, Spillovers, and Common Challenges",2023-11-16 17:00:00+00:00,
36,FED,minutes,https://www.federalreserve.gov/monetarypolicy/fomcminutes20231101.htm,Federal Open Market Committee,2023-11-21 19:00:00+00:00,2023-11-01
1239,FED,speech,https://www.federalreserve.gov/newsevents/speech/waller20231128a.htm,Something Appears to Be Giving,2023-11-28 15:05:00+00:00,
1240,FED,speech,https://www.federalreserve.gov/newsevents/speech/bowman20231128a.htm,Reflections on the Economy and Monetary Policy,2023-11-28 15:45:00+00:00,
1241,FED,speech,https://www.federalreserve.gov/newsevents/speech/barr20231128a.htm,Serving Indian Country with the Modernized Community Reinvestment Act,2023-11-28 18:05:00+00:00,
1242,FED,speech,https://www.federalreserve.gov/newsevents/speech/barr20231201a.htm,The Importance of Effective Liquidity Risk Management,2023-12-01 08:00:00+00:00,
1243,FED,speech,https://www.federalreserve.gov/newsevents/speech/powell20231201a.htm,Opening Remarks,2023-12-01 16:00:00+00:00,
1784,FED,testimony,https://www.federalreserve.gov/newsevents/testimony/gibson20231205a.htm,Innovation,2023-12-05 15:00:00+00:00,
1244,FED,speech,https://www.federalreserve.gov/newsevents/speech/bowman20231205a.htm,Building a More Inclusive Financial System through Collaboration and Action,2023-12-05 20:00:00+00:00,
102,BOC,rate_announcement,https://www.bankofcanada.ca/2023/12/fad-press-release-2023-12-06/,"Bank of Canada maintains policy rate, continues quantitative tightening",2023-12-06 15:00:00+00:00,2023-12-06
37,FED,statement,https://www.federalreserve.gov/newsevents/pressreleases/monetary20231213a.htm,Federal Reserve issues FOMC statement,2023-12-13 19:00:00+00:00,2023-12-13
38,FED,minutes,https://www.federalreserve.gov/monetarypolicy/fomcminutes20231213.htm,Federal Open Market Committee,2024-01-03 19:00:00+00:00,2023-12-13
1245,FED,speech,https://www.federalreserve.gov/newsevents/speech/bowman20240108a.htm,New Year’s Resolutions for Bank Regulatory Policymakers,2024-01-08 21:30:00+00:00,
1246,FED,speech,https://www.federalreserve.gov/newsevents/speech/waller20240116a.htm,Almost as Good as It Gets…But Will It Last?,2024-01-16 16:00:00+00:00,
1247,FED,speech,https://www.federalreserve.gov/newsevents/speech/bowman20240117a.htm,The Path Forward for Bank Capital Reform,2024-01-17 14:00:00+00:00,
1248,FED,speech,https://www.federalreserve.gov/newsevents/speech/barr20240117a.htm,Opening Remarks,2024-01-17 14:00:00+00:00,
103,BOC,rate_announcement,https://www.bankofcanada.ca/2024/01/fad-press-release-2024-01-24/,"Bank of Canada maintains policy rate, continues quantitative tightening",2024-01-24 14:45:00+00:00,2024-01-24
2192,BOC,speech,https://www.bankofcanada.ca/2024/01/opening-statement-2024-01-24/,Monetary Policy Report Press Conference Opening Statement,2024-01-25 04:59:00+00:00,
39,FED,statement,https://www.federalreserve.gov/newsevents/pressreleases/monetary20240131a.htm,Federal Reserve issues FOMC statement,2024-01-31 19:00:00+00:00,2024-01-31
1249,FED,speech,https://www.federalreserve.gov/newsevents/speech/bowman20240202a.htm,The Future of Banking,2024-02-02 22:00:00+00:00,
1250,FED,speech,https://www.federalreserve.gov/newsevents/speech/kugler20240207a.htm,The Outlook for the Economy and Monetary Policy,2024-02-07 16:00:00+00:00,
1251,FED,speech,https://www.federalreserve.gov/newsevents/speech/bowman20240207a.htm,Supporting Entrepreneurship &amp; Small Businesses,2024-02-07 19:00:00+00:00,
1252,FED,speech,https://www.federalreserve.gov/newsevents/speech/bowman20240212a.htm,Defining a Bank,2024-02-12 14:20:00+00:00,
1253,FED,speech,https://www.federalreserve.gov/newsevents/speech/barr20240214a.htm,"The Intersection of Monetary Policy, Market Functioning, and Liquidity Risk Management",2024-02-14 21:00:00+00:00,
1254,FED,speech,https://www.federalreserve.gov/newsevents/speech/bowman20240215a.htm,Advancing Cross-Border Payments and Financial Inclusion,2024-02-15 07:00:00+00:00,
1255,FED,speech,https://www.federalreserve.gov/newsevents/speech/waller20240215a.htm,The Dollar&#39;s International Role,2024-02-15 18:15:00+00:00,
1256,FED,speech,https://www.federalreserve.gov/newsevents/speech/barr20240216a.htm,"Supervision with Speed, Force, and Agility",2024-02-16 14:10:00+00:00,
40,FED,minutes,https://www.federalreserve.gov/monetarypolicy/fomcminutes20240131.htm,Federal Open Market Committee,2024-02-21 19:00:00+00:00,2024-01-31
1257,FED,speech,https://www.federalreserve.gov/newsevents/speech/jefferson20240222a.htm,Is This Time Different? Recent Monetary Policy Cycles in Retrospect,2024-02-22 15:00:00+00:00,
1258,FED,speech,https://www.federalreserve.gov/newsevents/speech/cook20240222a.htm,Sources of Uncertainty in the Short Run and the Long Run,2024-02-22 22:00:00+00:00,
1259,FED,speech,https://www.federalreserve.gov/newsevents/speech/waller20240222a.htm,What’s the Rush?,2024-02-23 00:35:00+00:00,
1260,FED,speech,https://www.federalreserve.gov/newsevents/speech/barr20240227a.htm,The Importance of Counterparty Credit Risk Management,2024-02-27 14:05:00+00:00,
1261,FED,speech,https://www.federalreserve.gov/newsevents/speech/bowman20240227a.htm,Reflections on the Economy and Bank Regulation,2024-02-27 17:45:00+00:00,
1262,FED,speech,https://www.federalreserve.gov/newsevents/speech/waller20240301a.htm,"Thoughts on Quantitative Tightening, Including Remarks on the Paper &quot;Quantitative Tightening around the Globe:  What Have We Learned?&quot;",2024-03-01 15:15:00+00:00,
1263,FED,speech,https://www.federalreserve.gov/newsevents/speech/kugler20240301a.htm,Disinflation without a Rise in Unemployment?  What Is Different This Time Around,2024-03-01 20:20:00+00:00,
1264,FED,speech,https://www.federalreserve.gov/newsevents/speech/bowman20240305a.htm,"Tailoring, Fidelity to the Rule of Law, and Unintended Consequences",2024-03-05 23:45:00+00:00,
1785,FED,testimony,https://www.federalreserve.gov/newsevents/testimony/powell20240306a.htm,Semiannual Monetary Policy Report to the Congress,2024-03-06 13:30:00+00:00,
104,BOC,rate_announcement,https://www.bankofcanada.ca/2024/03/fad-press-release-2024-03-06/,"Bank of Canada maintains policy rate, continues quantitative tightening",2024-03-06 14:45:00+00:00,2024-03-06
2193,BOC,speech,https://www.bankofcanada.ca/2024/03/opening-statement-2024-03-06/,Monetary Policy Decision Press Conference Opening Statement,2024-03-07 04:59:00+00:00,
1265,FED,speech,https://www.federalreserve.gov/newsevents/speech/bowman20240307a.htm,Reflections on the Economy and Bank Regulation,2024-03-07 14:10:00+00:00,
41,FED,statement,https://www.federalreserve.gov/newsevents/pressreleases/monetary20240320a.htm,Federal Reserve issues FOMC statement,2024-03-20 18:00:00+00:00,2024-03-20
1786,FED,testimony,https://www.federalreserve.gov/newsevents/testimony/gibson20240321a.htm,Global Governance Bodies,2024-03-21 20:30:00+00:00,
1266,FED,speech,https://www.federalreserve.gov/newsevents/speech/cook20240325a.htm,The Dual Mandate and the Balance of Risks,2024-03-25 14:30:00+00:00,
1267,FED,speech,https://www.federalreserve.gov/newsevents/speech/waller20240327a.htm,There’s Still No Rush,2024-03-27 22:00:00+00:00,
1268,FED,speech,https://www.federalreserve.gov/newsevents/speech/cook20240401a.htm,"Hope, Promise, and Mentors",2024-04-01 22:50:00+00:00,
1269,FED,speech,https://www.federalreserve.gov/newsevents/speech/bowman20240402a.htm,"Bank Mergers and Acquisitions, and De Novo Bank Formation: Implications for the Future of the Banking System",2024-04-02 14:10:00+00:00,
1270,FED,speech,https://www.federalreserve.gov/newsevents/speech/bowman20240403a.htm,"Bank Liquidity, Regulation, and the Fed&#39;s Role as Lender of Last Resort",2024-04-03 13:30:00+00:00,
1271,FED,speech,https://www.federalreserve.gov/newsevents/speech/powell20240403a.htm,Opening Remarks,2024-04-03 16:10:00+00:00,
1272,FED,speech,https://www.federalreserve.gov/newsevents/speech/kugler20240403a.htm,The Outlook for the U.S. Economy and Monetary Policy,2024-04-03 20:30:00+00:00,
1273,FED,speech,https://www.federalreserve.gov/newsevents/speech/kugler20240404a.htm,Enriching Data and Analysis in Economics with Real Life Experiences,2024-04-04 23:30:00+00:00,
1274,FED,speech,https://www.federalreserve.gov/newsevents/speech/bowman20240405a.htm,Risks and Uncertainty in Monetary Policy: Current and Past Considerations,2024-04-05 16:30:00+00:00,
105,BOC,rate_announcement,https://www.bankofcanada.ca/2024/04/fad-press-release-2024-04-10/,"Bank of Canada maintains policy rate, continues quantitative tightening",2024-04-10 13:45:00+00:00,2024-04-10
42,FED,minutes,https://www.federalreserve.gov/monetarypolicy/fomcminutes20240320.htm,Federal Open Market Committee,2024-04-10 18:00:00+00:00,2024-03-20
2194,BOC,speech,https://www.bankofcanada.ca/2024/04/opening-statement-2024-04-10/,Monetary Policy Report Press Conference Opening Statement,2024-04-11 03:59:00+00:00,
1275,FED,speech,https://www.federalreserve.gov/newsevents/speech/jefferson20240416a.htm,Economic Uncertainty and the Evolution of Monetary Policymaking,2024-04-16 13:00:00+00:00,
1276,FED,speech,https://www.federalreserve.gov/newsevents/speech/bowman20240418a.htm,Opening Remarks,2024-04-18 13:05:00+00:00,
43,FED,statement,https://www.federalreserve.gov/newsevents/pressreleases/monetary20240501a.htm,Federal Reserve issues FOMC statement,2024-05-01 18:00:00+00:00,2024-05-01
1277,FED,speech,https://www.federalreserve.gov/newsevents/speech/bowman20240503a.htm,Brief Remarks on the Economy and Monetary Policy,2024-05-03 13:45:00+00:00,
1278,FED,speech,https://www.federalreserve.gov/newsevents/speech/cook20240504a.htm,"&quot;Oh, the Places You’ll Go and the Things You’ll Do&quot;",2024-05-04 13:20:00+00:00,
1279,FED,speech,https://www.federalreserve.gov/newsevents/speech/cook20240508a.htm,Current Assessment of Financial Stability,2024-05-08 17:30:00+00:00,
1280,FED,speech,https://www.federalreserve.gov/newsevents/speech/bowman20240510a.htm,Financial Stability Risks: Resiliency and the Role of Regulators,2024-05-10 13:00:00+00:00,
1281,FED,speech,https://www.federalreserve.gov/newsevents/speech/barr20240510a.htm,Commencement Remarks,2024-05-10 17:30:00+00:00,
1282,FED,speech,https://www.federalreserve.gov/newsevents/speech/jefferson20240513a.htm,Communicating about Monetary Policy,2024-05-13 13:00:00+00:00,
1283,FED,speech,https://www.federalreserve.gov/newsevents/speech/cook20240514a.htm,Growth and Change at Community Development Financial Institutions,2024-05-14 13:10:00+00:00,
1787,FED,testimony,https://www.federalreserve.gov/newsevents/testimony/barr20240515a.htm,Supervision and Regulation,2024-05-15 14:00:00+00:00,
1284,FED,speech,https://www.federalreserve.gov/newsevents/speech/bowman20240515a.htm,Innovation and the Evolving Financial Landscape,2024-05-15 19:20:00+00:00,
1285,FED,speech,https://www.federalreserve.gov/newsevents/speech/waller20240517a.htm,"Payments Innovation, Technical Standards, and the Federal Reserve&#39;s Roles",2024-05-17 14:15:00+00:00,
1286,FED,speech,https://www.federalreserve.gov/newsevents/speech/bowman20240517a.htm,"Brief Remarks on the Economy, Monetary Policy, and Bank Regulation",2024-05-17 16:40:00+00:00,
1287,FED,speech,https://www.federalreserve.gov/newsevents/speech/kugler20240518a.htm,"On the Road Ahead, Cherish the Detours",2024-05-18 21:45:00+00:00,
1288,FED,speech,https://www.federalreserve.gov/newsevents/speech/powell20240519a.htm,Georgetown University Law Center Commencement Address,2024-05-19 19:30:00+00:00,
1289,FED,speech,https://www.federalreserve.gov/newsevents/speech/barr20240520a.htm,On Building a Resilient Regulatory Framework,2024-05-20 13:00:00+00:00,
1290,FED,speech,https://www.federalreserve.gov/newsevents/speech/waller20240520a.htm,Welcoming Remarks on the International Role of the U.S. Dollar,2024-05-20 13:00:00+00:00,
1291,FED,speech,https://www.federalreserve.gov/newsevents/speech/jefferson20240520a.htm,U.S. Economic Outlook and Housing Price Dynamics,2024-05-20 14:30:00+00:00,
1292,FED,speech,https://www.federalreserve.gov/newsevents/speech/waller20240521a.htm,"Little by Little, Progress Seems to be Resuming.",2024-05-21 13:00:00+00:00,
44,FED,minutes,https://www.federalreserve.gov/monetarypolicy/fomcminutes20240501.htm,Federal Open Market Committee,2024-05-22 18:00:00+00:00,2024-05-01
1293,FED,speech,https://www.federalreserve.gov/newsevents/speech/waller20240524a.htm,Some Thoughts on r*:  Why Did It Fall and Will It Rise?,2024-05-24 13:20:00+00:00,
1294,FED,speech,https://www.federalreserve.gov/newsevents/speech/bowman20240528a.htm,The Federal Reserve&#39;s Balance Sheet as a Monetary Policy Tool:  Past Lessons and Future Considerations,2024-05-28 04:55:00+00:00,
106,BOC,rate_announcement,https://www.bankofcanada.ca/2024/06/fad-press-release-2024-06-05/,Bank of Canada reduces policy rate by 25 basis points,2024-06-05 13:45:00+00:00,2024-06-05
2195,BOC,speech,https://www.bankofcanada.ca/2024/06/opening-statement-2024-06-05/,Monetary Policy Decision Press Conference Opening Statement,2024-06-06 03:59:00+00:00,
1295,FED,speech,https://www.federalreserve.gov/newsevents/speech/cook20240607a.htm,A New Class of Trailblazers,2024-06-07 16:00:00+00:00,
45,FED,statement,https://www.federalreserve.gov/newsevents/pressreleases/monetary20240612a.htm,Federal Reserve issues FOMC statement,2024-06-12 18:00:00+00:00,2024-06-12
1296,FED,speech,https://www.federalreserve.gov/newsevents/speech/cook20240614a.htm,Lessons from the American Economic Association Summer Program,2024-06-14 23:00:00+00:00,
1297,FED,speech,https://www.federalreserve.gov/newsevents/speech/bowman20240617a.htm,Innovation in the Financial System,2024-06-17 07:00:00+00:00,
1298,FED,speech,https://www.federalreserve.gov/newsevents/speech/cook20240617a.htm,A Transformative Experience,2024-06-18 01:00:00+00:00,
1299,FED,speech,https://www.federalreserve.gov/newsevents/speech/kugler20240618a.htm,Some Reasons for Optimism about Inflation,2024-06-18 17:00:00+00:00,
1300,FED,speech,https://www.federalreserve.gov/newsevents/speech/waller20240624a.htm,Welcoming Remarks,2024-06-24 07:00:00+00:00,
1301,FED,speech,https://www.federalreserve.gov/newsevents/speech/bowman20240625a.htm,Perspectives on U.S. Monetary Policy and Bank Capital Reform,2024-06-25 11:00:00+00:00,
1302,FED,speech,https://www.federalreserve.gov/newsevents/speech/cook20240625a.htm,Moving Toward Better Balance and Implications for Monetary Policy,2024-06-25 16:00:00+00:00,
1303,FED,speech,https://www.federalreserve.gov/newsevents/speech/bowman20240625b.htm,Opening Remarks,2024-06-25 18:10:00+00:00,
1304,FED,speech,https://www.federalreserve.gov/newsevents/speech/bowman20240626a.htm,The Consequences of Bank Capital Reform,2024-06-26 10:20:00+00:00,
1305,FED,speech,https://www.federalreserve.gov/newsevents/speech/bowman20240627a.htm,"Brief Remarks on the Economy, Monetary Policy, and Bank Regulation",2024-06-27 18:05:00+00:00,
46,FED,minutes,https://www.federalreserve.gov/monetarypolicy/fomcminutes20240612.htm,Federal Open Market Committee,2024-07-03 18:00:00+00:00,2024-06-12
1306,FED,speech,https://www.federalreserve.gov/newsevents/speech/barr20240709a.htm,"Financial Inclusion: Past, Present, and Hopes for the Future",2024-07-09 13:15:00+00:00,
1788,FED,testimony,https://www.federalreserve.gov/newsevents/testimony/powell20240709a.htm,Semiannual Monetary Policy Report to the Congress,2024-07-09 14:00:00+00:00,
1307,FED,speech,https://www.federalreserve.gov/newsevents/speech/bowman20240709a.htm,Promoting an Inclusive Financial System,2024-07-09 17:30:00+00:00,
1308,FED,speech,https://www.federalreserve.gov/newsevents/speech/bowman20240710a.htm,Opening Remarks,2024-07-10 18:30:00+00:00,
1309,FED,speech,https://www.federalreserve.gov/newsevents/speech/cook20240710a.htm,Common Inflation and Monetary Policy Challenges across Countries,2024-07-10 23:30:00+00:00,
1310,FED,speech,https://www.federalreserve.gov/newsevents/speech/kugler20240716a.htm,The Challenges Facing Economic Measurement and Creative Solutions,2024-07-16 18:45:00+00:00,
1311,FED,speech,https://www.federalreserve.gov/newsevents/speech/waller20240717a.htm,Getting Closer,2024-07-17 13:35:00+00:00,
1312,FED,speech,https://www.federalreserve.gov/newsevents/speech/bowman20240718a.htm,"Liquidity, Supervision, and Regulatory Reform",2024-07-18 23:45:00+00:00,
107,BOC,rate_announcement,https://www.bankofcanada.ca/2024/07/fad-press-release-2024-07-24/,Bank of Canada reduces policy rate by 25 basis points to 4½%,2024-07-24 13:45:00+00:00,2024-07-24
1313,FED,speech,https://www.federalreserve.gov/newsevents/speech/bowman20240724a.htm,Opening Remarks,2024-07-24 20:05:00+00:00,
2196,BOC,speech,https://www.bankofcanada.ca/2024/07/opening-statement-2024-07-24/,Monetary Policy Report Press Conference Opening Statement,2024-07-25 03:59:00+00:00,
47,FED,statement,https://www.federalreserve.gov/newsevents/pressreleases/monetary20240731a.htm,Federal Reserve issues FOMC statement,2024-07-31 18:00:00+00:00,2024-07-31
1314,FED,speech,https://www.federalreserve.gov/newsevents/speech/bowman20240810a.htm,"Update on the Economic Outlook, and Perspective on Bank Culture, M&amp;A, and Liquidity",2024-08-10 16:10:00+00:00,
1315,FED,speech,https://www.federalreserve.gov/newsevents/speech/waller20240819a.htm,Opening Remarks,2024-08-19 13:15:00+00:00,
1316,FED,speech,https://www.federalreserve.gov/newsevents/speech/bowman20240820a.htm,Remarks on the Economic Outlook and Financial Inclusion,2024-08-20 18:00:00+00:00,
48,FED,minutes,https://www.federalreserve.gov/monetarypolicy/fomcminutes20240731.htm,Federal Open Market Committee,2024-08-21 18:00:00+00:00,2024-07-31
1317,FED,speech,https://www.federalreserve.gov/newsevents/speech/powell20240823a.htm,Review and Outlook,2024-08-23 14:00:00+00:00,
1318,FED,speech,https://www.federalreserve.gov/newsevents/speech/waller20240828a.htm,Interlinking Fast Payment Systems,2024-08-28 05:15:00+00:00,
108,BOC,rate_announcement,https://www.bankofcanada.ca/2024/09/fad-press-release-2024-09-04/,Bank of Canada reduces policy rate by 25 basis points to 4¼%,2024-09-04 13:45:00+00:00,2024-09-04
2197,BOC,speech,https://www.bankofcanada.ca/2024/09/opening-statement-2024-09-04/,Monetary Policy Decision Press Conference  Opening Statement,2024-09-05 03:59:00+00:00,
1319,FED,speech,https://www.federalreserve.gov/newsevents/speech/waller20240906a.htm,The Time Has Come,2024-09-06 15:00:00+00:00,
1320,FED,speech,https://www.federalreserve.gov/newsevents/speech/barr20240910a.htm,The Next Steps on Capital,2024-09-10 14:00:00+00:00,
1321,FED,speech,https://www.federalreserve.gov/newsevents/speech/bowman20240910a.htm,The Future of Stress Testing and the Stress Capital Buffer Framework,2024-09-10 16:15:00+00:00,
49,FED,statement,https://www.federalreserve.gov/newsevents/pressreleases/monetary20240918a.htm,Federal Reserve issues FOMC statement,2024-09-18 18:00:00+00:00,2024-09-18
1322,FED,speech,https://www.federalreserve.gov/newsevents/speech/bowman20240920a.htm,Statement by Governor Michelle W. Bowman,2024-09-20 17:00:00+00:00,
1323,FED,speech,https://www.federalreserve.gov/newsevents/speech/bowman20240924a.htm,Recent Views on Monetary Policy and the Economic Outlook,2024-09-24 13:00:00+00:00,
1324,FED,speech,https://www.federalreserve.gov/newsevents/speech/kugler20240925a.htm,How We Got Here:  A Perspective on Inflation and the Labor Market,2024-09-25 20:00:00+00:00,
1325,FED,speech,https://www.federalreserve.gov/newsevents/speech/bowman20240926a.htm,Recent Views on Monetary Policy and the Economic Outlook,2024-09-26 13:15:00+00:00,
1326,FED,speech,https://www.federalreserve.gov/newsevents/speech/powell20240926a.htm,Opening Remarks,2024-09-26 13:20:00+00:00,
1327,FED,speech,https://www.federalreserve.gov/newsevents/speech/barr20240926a.htm,Supporting Market Resilience and Financial Stability,2024-09-26 14:30:00+00:00,
1328,FED,speech,https://www.federalreserve.gov/newsevents/speech/cook20240926a.htm,What Will Artificial Intelligence Mean for America’s Workers?,2024-09-26 22:00:00+00:00,
1329,FED,speech,https://www.federalreserve.gov/newsevents/speech/bowman20240930a.htm,Recent Views on Monetary Policy and the Economic Outlook,2024-09-30 12:50:00+00:00,
1330,FED,speech,https://www.federalreserve.gov/newsevents/speech/powell20240930a.htm,Economic Outlook,2024-09-30 17:55:00+00:00,
1331,FED,speech,https://www.federalreserve.gov/newsevents/speech/cook20241001a.htm,"Artificial Intelligence, Big Data, and the Path Ahead for Productivity",2024-10-01 15:10:00+00:00,
1332,FED,speech,https://www.federalreserve.gov/newsevents/speech/bowman20241002a.htm,Building a Community Banking Framework for the Future,2024-10-02 15:00:00+00:00,
1333,FED,speech,https://www.federalreserve.gov/newsevents/speech/kugler20241008a.htm,The Global Fight Against Inflation,2024-10-08 07:00:00+00:00,
1334,FED,speech,https://www.federalreserve.gov/newsevents/speech/jefferson20241008a.htm,A History of the Fed&#39;s Discount Window: 1913–2000,2024-10-08 23:30:00+00:00,
1335,FED,speech,https://www.federalreserve.gov/newsevents/speech/jefferson20241009a.htm,The Fed&#39;s Discount Window: 1990 to the Present,2024-10-09 16:30:00+00:00,
50,FED,minutes,https://www.federalreserve.gov/monetarypolicy/fomcminutes20240918.htm,Federal Open Market Committee,2024-10-09 18:00:00+00:00,2024-09-18
1336,FED,speech,https://www.federalreserve.gov/newsevents/speech/cook20241010a.htm,"Entrepreneurs, Innovation, and Participation",2024-10-10 13:15:00+00:00,
1337,FED,speech,https://www.federalreserve.gov/newsevents/speech/bowman20241011a.htm,Challenges to the Community Banking Model,2024-10-11 17:10:00+00:00,
1338,FED,speech,https://www.federalreserve.gov/newsevents/speech/waller20241014a.htm,Thoughts on the Economy and Policy Rules at the Federal Open Market Committee,2024-10-14 19:00:00+00:00,
1339,FED,speech,https://www.federalreserve.gov/newsevents/speech/waller20241018a.htm,Centralized and Decentralized Finance: Substitutes or Complements?,2024-10-18 16:10:00+00:00,
1340,FED,speech,https://www.federalreserve.gov/newsevents/speech/bowman20241023a.htm,Opening Remarks,2024-10-23 13:00:00+00:00,
109,BOC,rate_announcement,https://www.bankofcanada.ca/2024/10/fad-press-release-2024-10-23/,Bank of Canada reduces policy rate by 50 basis points to 3¾%,2024-10-23 13:45:00+00:00,2024-10-23
2198,BOC,speech,https://www.bankofcanada.ca/2024/10/opening-statement-2024-10-23/,Monetary Policy Report Press Conference Opening Statement,2024-10-24 03:59:00+00:00,
51,FED,statement,https://www.federalreserve.gov/newsevents/pressreleases/monetary20241107a.htm,Federal Reserve issues FOMC statement,2024-11-07 19:00:00+00:00,2024-11-07
1341,FED,speech,https://www.federalreserve.gov/newsevents/speech/waller20241112a.htm,What Roles Should the Private Sector and the Federal Reserve Play in Payments?,2024-11-12 15:00:00+00:00,
1342,FED,speech,https://www.federalreserve.gov/newsevents/speech/kugler20241114a.htm,Central Bank Independence and the Conduct of Monetary Policy,2024-11-14 12:00:00+00:00,
1343,FED,speech,https://www.federalreserve.gov/newsevents/speech/powell20241114a.htm,Economic Outlook,2024-11-14 20:00:00+00:00,
1789,FED,testimony,https://www.federalreserve.gov/newsevents/testimony/barr20241120a.htm,Supervision and Regulation,2024-11-20 15:00:00+00:00,
1344,FED,speech,https://www.federalreserve.gov/newsevents/speech/cook20241120a.htm,Economic Outlook,2024-11-20 16:00:00+00:00,
1345,FED,speech,https://www.federalreserve.gov/newsevents/speech/bowman20241120a.htm,Approaching Policymaking Pragmatically,2024-11-20 17:15:00+00:00,
1346,FED,speech,https://www.federalreserve.gov/newsevents/speech/bowman20241122a.htm,Artificial Intelligence in the Financial System,2024-11-22 23:15:00+00:00,
52,FED,minutes,https://www.federalreserve.gov/monetarypolicy/fomcminutes20241107.htm,Federal Open Market Committee,2024-11-26 19:00:00+00:00,2024-11-07
1347,FED,speech,https://www.federalreserve.gov/newsevents/speech/waller20241202a.htm,Cut or Skip?,2024-12-02 20:15:00+00:00,
1348,FED,speech,https://www.federalreserve.gov/newsevents/speech/kugler20241203a.htm,A Year in Review: A Tale of Two Supply Shocks,2024-12-03 17:35:00+00:00,
110,BOC,rate_announcement,https://www.bankofcanada.ca/2024/12/fad-press-release-2024-12-11/,Bank of Canada reduces policy rate by 50 basis points to 3¼%,2024-12-11 14:45:00+00:00,2024-12-11
2199,BOC,speech,https://www.bankofcanada.ca/2024/12/opening-statement-2024-12-11/,Monetary Policy Decision Press Conference Opening Statement,2024-12-12 04:59:00+00:00,
53,FED,statement,https://www.federalreserve.gov/newsevents/pressreleases/monetary20241218a.htm,Federal Reserve issues FOMC statement,2024-12-18 19:00:00+00:00,2024-12-18
1349,FED,speech,https://www.federalreserve.gov/newsevents/speech/cook20250106a.htm,An Assessment of the Economy and Financial Stability,2025-01-06 14:15:00+00:00,
1350,FED,speech,https://www.federalreserve.gov/newsevents/speech/waller20250108a.htm,Challenges Facing Central Bankers,2025-01-08 13:00:00+00:00,
54,FED,minutes,https://www.federalreserve.gov/monetarypolicy/fomcminutes20241218.htm,Federal Open Market Committee,2025-01-08 19:00:00+00:00,2024-12-18
1351,FED,speech,https://www.federalreserve.gov/newsevents/speech/bowman20250109a.htm,"Reflections on 2024: Monetary Policy, Economic Performance, and Lessons for Banking Regulation",2025-01-09 18:35:00+00:00,
111,BOC,rate_announcement,https://www.bankofcanada.ca/2025/01/fad-press-release-2025-01-29/,"Bank of Canada reduces policy rate by 25 basis points to 3%, announces end of quantitative tightening",2025-01-29 14:45:00+00:00,2025-01-29
55,FED,statement,https://www.federalreserve.gov/newsevents/pressreleases/monetary20250129a.htm,Federal Reserve issues FOMC statement,2025-01-29 19:00:00+00:00,2025-01-29
2200,BOC,speech,https://www.bankofcanada.ca/2025/01/opening-statement-2025-01-29/,Monetary Policy Report Press Conference Opening Statement,2025-01-30 04:59:00+00:00,
1352,FED,speech,https://www.federalreserve.gov/newsevents/speech/bowman20250131a.htm,"Brief Remarks on the Economy, and Perspective on Mutual and Community Banks",2025-01-31 13:30:00+00:00,
1353,FED,speech,https://www.federalreserve.gov/newsevents/speech/jefferson20250204a.htm,U.S. Economic Outlook and Monetary Policy,2025-02-05 00:30:00+00:00,
1354,FED,speech,https://www.federalreserve.gov/newsevents/speech/bowman20250205a.htm,Bank Regulation in 2025 and Beyond,2025-02-05 20:00:00+00:00,
1355,FED,speech,https://www.federalreserve.gov/newsevents/speech/jefferson20250205a.htm,Do Non-inflationary Economic Expansions Promote Shared Prosperity? Evidence from the U.S. Labor Market,2025-02-06 00:30:00+00:00,
1356,FED,speech,https://www.federalreserve.gov/newsevents/speech/kugler20250207a.htm,Entrepreneurship and Aggregate Productivity,2025-02-07 17:00:00+00:00,
1790,FED,testimony,https://www.federalreserve.gov/newsevents/testimony/powell20250211a.htm,Semiannual Monetary Policy Report to the Congress,2025-02-11 15:00:00+00:00,
1357,FED,speech,https://www.federalreserve.gov/newsevents/speech/waller20250212a.htm,Reflections on a Maturing Stablecoin Market,2025-02-12 22:05:00+00:00,
1358,FED,speech,https://www.federalreserve.gov/newsevents/speech/bowman20250217a.htm,"Brief Remarks on the Economy and Accountability in Supervision, Applications, and Regulation",2025-02-17 15:20:00+00:00,
1359,FED,speech,https://www.federalreserve.gov/newsevents/speech/waller20250217a.htm,Disinflation Progress Uneven but Still on Track Rates Cuts on Track as Well,2025-02-17 23:00:00+00:00,
1360,FED,speech,https://www.federalreserve.gov/newsevents/speech/barr20250218a.htm,Artificial Intelligence:  Hypothetical Scenarios for the Future,2025-02-18 18:00:00+00:00,
56,FED,minutes,https://www.federalreserve.gov/monetarypolicy/fomcminutes20250129.htm,Federal Open Market Committee,2025-02-19 19:00:00+00:00,2025-01-29
1361,FED,speech,https://www.federalreserve.gov/newsevents/speech/jefferson20250219a.htm,How Healthy are U.S. Households’ Balance Sheets?,2025-02-19 22:00:00+00:00,
1362,FED,speech,https://www.federalreserve.gov/newsevents/speech/barr20250220a.htm,Risks and Challenges for Bank Regulation and Supervision,2025-02-20 19:30:00+00:00,
1363,FED,speech,https://www.federalreserve.gov/newsevents/speech/kugler20250220a.htm,Navigating Inflation Waves: A Phillips Curve Perspective,2025-02-20 22:00:00+00:00,
1364,FED,speech,https://www.federalreserve.gov/newsevents/speech/jefferson20250221a.htm,Reading between the Lines? Textual Analysis of Central Bank Communications,2025-02-21 16:30:00+00:00,
1365,FED,speech,https://www.federalreserve.gov/newsevents/speech/barr20250225a.htm,Managing Financial Crises,2025-02-25 16:45:00+00:00,
1366,FED,speech,https://www.federalreserve.gov/newsevents/speech/barr20250227a.htm,Promoting Responsible Innovation through the Novel Activities Program,2025-02-27 15:00:00+00:00,
1367,FED,speech,https://www.federalreserve.gov/newsevents/speech/bowman20250227a.htm,Community Banking,2025-02-27 16:45:00+00:00,
1368,FED,speech,https://www.federalreserve.gov/newsevents/speech/bowman20250307a.htm,Remarks on &quot;Monetary Policy Transmission to Real Activity&quot; and the Recent Experience,2025-03-07 15:15:00+00:00,
1369,FED,speech,https://www.federalreserve.gov/newsevents/speech/kugler20250307a.htm,The Rebalancing of Labor Markets across the World,2025-03-07 17:20:00+00:00,
1370,FED,speech,https://www.federalreserve.gov/newsevents/speech/powell20250307a.htm,Economic Outlook,2025-03-07 17:30:00+00:00,
112,BOC,rate_announcement,https://www.bankofcanada.ca/2025/03/fad-press-release-2025-03-12/,Bank of Canada reduces policy rate by 25 basis points to 2¾%,2025-03-12 13:45:00+00:00,2025-03-12
2201,BOC,speech,https://www.bankofcanada.ca/2025/03/opening-statement-2025-03-12/,Monetary Policy Decision Press Conference Opening Statement,2025-03-13 03:59:00+00:00,
57,FED,statement,https://www.federalreserve.gov/newsevents/pressreleases/monetary20250319a.htm,Federal Reserve issues FOMC statement,2025-03-19 18:00:00+00:00,2025-03-19
1371,FED,speech,https://www.federalreserve.gov/newsevents/speech/waller20250321a.htm,Statement by Governor Christopher J. Waller,2025-03-21 14:00:00+00:00,
1372,FED,speech,https://www.federalreserve.gov/newsevents/speech/barr20250324a.htm,Helping Small Businesses Reach Their Potential,2025-03-24 19:10:00+00:00,
1373,FED,speech,https://www.federalreserve.gov/newsevents/speech/kugler20250325a.htm,"Latinos, Entrepreneurs, and the U.S. Economy",2025-03-25 12:40:00+00:00,
1374,FED,speech,https://www.federalreserve.gov/newsevents/speech/kugler20250402a.htm,Inflation Expectations and Monetary Policymaking,2025-04-02 20:30:00+00:00,
1375,FED,speech,https://www.federalreserve.gov/newsevents/speech/jefferson20250403a.htm,U.S. Economic Outlook and Central Bank Communications,2025-04-03 16:30:00+00:00,
1376,FED,speech,https://www.federalreserve.gov/newsevents/speech/cook20250403a.htm,The Economic Outlook and Path of Policy,2025-04-03 18:30:00+00:00,
1377,FED,speech,https://www.federalreserve.gov/newsevents/speech/powell20250404a.htm,Economic Outlook,2025-04-04 15:25:00+00:00,
1378,FED,speech,https://www.federalreserve.gov/newsevents/speech/barr20250404a.htm,"AI, Fintechs, and Banks",2025-04-04 16:00:00+00:00,
1379,FED,speech,https://www.federalreserve.gov/newsevents/speech/kugler20250407a.htm,Inflation Dynamics and the Phillips Curve,2025-04-07 14:30:00+00:00,
58,FED,minutes,https://www.federalreserve.gov/monetarypolicy/fomcminutes20250319.htm,Federal Open Market Committee,2025-04-09 18:00:00+00:00,2025-03-19
1791,FED,testimony,https://www.federalreserve.gov/newsevents/testimony/bowman20250410a.htm,Nomination hearing,2025-04-10 14:00:00+00:00,
1380,FED,speech,https://www.federalreserve.gov/newsevents/speech/waller20250414a.htm,A Tale of Two Outlooks,2025-04-14 17:00:00+00:00,
1381,FED,speech,https://www.federalreserve.gov/newsevents/speech/cook20250415a.htm,2025 Distinguished Alumna Award Acceptance Remarks,2025-04-15 23:10:00+00:00,
113,BOC,rate_announcement,https://www.bankofcanada.ca/2025/04/fad-press-release-2025-04-16/,Bank of Canada holds policy rate at 2¾%,2025-04-16 13:45:00+00:00,2025-04-16
1382,FED,speech,https://www.federalreserve.gov/newsevents/speech/powell20250416a.htm,Economic Outlook,2025-04-16 17:30:00+00:00,
2202,BOC,speech,https://www.bankofcanada.ca/2025/04/opening-statement-2025-04-16/,Monetary Policy Report Press Conference Opening Statement,2025-04-17 03:59:00+00:00,
1383,FED,speech,https://www.federalreserve.gov/newsevents/speech/barr20250417a.htm,Deepfakes and the AI Arms Race in Bank Cybersecurity,2025-04-17 15:45:00+00:00,
1384,FED,speech,https://www.federalreserve.gov/newsevents/speech/jefferson20250422a.htm,Economic Mobility and the Dual Mandate,2025-04-22 13:00:00+00:00,
1385,FED,speech,https://www.federalreserve.gov/newsevents/speech/kugler20250422a.htm,Transmission of Monetary Policy,2025-04-22 22:00:00+00:00,
1386,FED,speech,https://www.federalreserve.gov/newsevents/speech/waller20250423a.htm,Welcoming Remarks,2025-04-23 13:35:00+00:00,
1387,FED,speech,https://www.federalreserve.gov/newsevents/speech/cook20250503a.htm,Four Guides for the Journey Ahead,2025-05-03 16:50:00+00:00,
59,FED,statement,https://www.federalreserve.gov/newsevents/pressreleases/monetary20250507a.htm,Federal Reserve issues FOMC statement,2025-05-07 18:00:00+00:00,2025-05-07
1388,FED,speech,https://www.federalreserve.gov/newsevents/speech/barr20250509a.htm,Artificial Intelligence and the Labor Market: A Scenario-Based Approach,2025-05-09 09:55:00+00:00,
1389,FED,speech,https://www.federalreserve.gov/newsevents/speech/kugler20250509a.htm,Assessing Maximum Employment,2025-05-09 10:45:00+00:00,
1390,FED,speech,https://www.federalreserve.gov/newsevents/speech/waller20250509a.htm,"Thank You, John",2025-05-09 15:30:00+00:00,
1391,FED,speech,https://www.federalreserve.gov/newsevents/speech/cook20250509a.htm,Opening Remarks on Productivity Dynamics,2025-05-09 23:45:00+00:00,
1392,FED,speech,https://www.federalreserve.gov/newsevents/speech/kugler20250512a.htm,Economic Outlook,2025-05-12 14:25:00+00:00,
1393,FED,speech,https://www.federalreserve.gov/newsevents/speech/waller20250514a.htm,The Role of Economic Research in Central Banking,2025-05-14 09:15:00+00:00,
1394,FED,speech,https://www.federalreserve.gov/newsevents/speech/jefferson20250514a.htm,Economic Outlook,2025-05-14 13:10:00+00:00,
1395,FED,speech,https://www.federalreserve.gov/newsevents/speech/powell20250515a.htm,Opening Remarks,2025-05-15 12:40:00+00:00,
1396,FED,speech,https://www.federalreserve.gov/newsevents/speech/barr20250515a.htm,Opening Remarks,2025-05-15 18:05:00+00:00,
1397,FED,speech,https://www.federalreserve.gov/newsevents/speech/jefferson20250519a.htm,Liquidity Facilities: Purposes and Functions,2025-05-19 12:45:00+00:00,
1398,FED,speech,https://www.federalreserve.gov/newsevents/speech/kugler20250520a.htm,Commencement Remarks,2025-05-20 21:00:00+00:00,
1399,FED,speech,https://www.federalreserve.gov/newsevents/speech/cook20250523a.htm,A View on Financial Stability,2025-05-23 16:00:00+00:00,
1400,FED,speech,https://www.federalreserve.gov/newsevents/speech/powell20250525a.htm,Baccalaureate Remarks,2025-05-25 18:40:00+00:00,
60,FED,minutes,https://www.federalreserve.gov/monetarypolicy/fomcminutes20250507.htm,Federal Open Market Committee,2025-05-28 18:00:00+00:00,2025-05-07
1401,FED,speech,https://www.federalreserve.gov/newsevents/speech/kugler20250529a.htm,Opening Remarks,2025-05-29 18:00:00+00:00,
1402,FED,speech,https://www.federalreserve.gov/newsevents/speech/waller20250601a.htm,"The Effects of Tariffs on the Three I’s: Inflation, Inflation Persistence, and Inflation Expectations",2025-06-02 00:00:00+00:00,
1403,FED,speech,https://www.federalreserve.gov/newsevents/speech/powell20250602a.htm,Opening Remarks,2025-06-02 17:00:00+00:00,
1404,FED,speech,https://www.federalreserve.gov/newsevents/speech/cook20250603a.htm,Economic Outlook,2025-06-03 17:00:00+00:00,
1405,FED,speech,https://www.federalreserve.gov/newsevents/speech/cook20250604a.htm,Welcoming Remarks,2025-06-04 12:30:00+00:00,
114,BOC,rate_announcement,https://www.bankofcanada.ca/2025/06/fad-press-release-2025-06-04/,Bank of Canada holds policy rate at 2¾%,2025-06-04 13:45:00+00:00,2025-06-04
2203,BOC,speech,https://www.bankofcanada.ca/2025/06/opening-statement-2025-06-04/,Monetary Policy Decision Press Conference Opening Statement,2025-06-05 03:59:00+00:00,
1406,FED,speech,https://www.federalreserve.gov/newsevents/speech/kugler20250605a.htm,The Economic Outlook and Appropriate Monetary Policy,2025-06-05 16:00:00+00:00,
1407,FED,speech,https://www.federalreserve.gov/newsevents/speech/bowman20250606a.htm,Taking a Fresh Look at Supervision and Regulation,2025-06-06 14:00:00+00:00,
61,FED,statement,https://www.federalreserve.gov/newsevents/pressreleases/monetary20250618a.htm,Federal Reserve issues FOMC statement,2025-06-18 18:00:00+00:00,2025-06-18
1408,FED,speech,https://www.federalreserve.gov/newsevents/speech/waller20250623a.htm,Welcoming Remarks,2025-06-23 07:00:00+00:00,
1409,FED,speech,https://www.federalreserve.gov/newsevents/speech/bowman20250623a.htm,Unintended Policy Shifts and Unexpected Consequences,2025-06-23 14:00:00+00:00,
1410,FED,speech,https://www.federalreserve.gov/newsevents/speech/kugler20250623a.htm,Welcoming Remarks,2025-06-23 18:30:00+00:00,
1792,FED,testimony,https://www.federalreserve.gov/newsevents/testimony/powell20250624a.htm,Semiannual Monetary Policy Report to the Congress,2025-06-24 12:30:00+00:00,
1411,FED,speech,https://www.federalreserve.gov/newsevents/speech/barr20250624a.htm,Opening Remarks,2025-06-24 20:00:00+00:00,
1412,FED,speech,https://www.federalreserve.gov/newsevents/speech/barr20250626a.htm,Community Development at the Federal Reserve,2025-06-26 17:15:00+00:00,
62,FED,minutes,https://www.federalreserve.gov/monetarypolicy/fomcminutes20250618.htm,Federal Open Market Committee,2025-07-09 18:00:00+00:00,2025-06-18
1413,FED,speech,https://www.federalreserve.gov/newsevents/speech/waller20250710a.htm,Demystifying the Federal Reserve&#39;s Balance Sheet,2025-07-10 17:15:00+00:00,
1414,FED,speech,https://www.federalreserve.gov/newsevents/speech/bowman20250715a.htm,Welcoming Remarks,2025-07-15 13:15:00+00:00,
1415,FED,speech,https://www.federalreserve.gov/newsevents/speech/barr20250715a.htm,Expanding Financial Inclusion,2025-07-15 16:45:00+00:00,
1416,FED,speech,https://www.federalreserve.gov/newsevents/speech/barr20250716a.htm,Booms and Busts and the Regulatory Cycle,2025-07-16 14:00:00+00:00,
1417,FED,speech,https://www.federalreserve.gov/newsevents/speech/kugler20250717a.htm,A View of the Housing Market and U.S. Economic Outlook,2025-07-17 13:15:00+00:00,
1418,FED,speech,https://www.federalreserve.gov/newsevents/speech/cook20250717a.htm,AI: A Fed Policymaker&#39;s View,2025-07-17 17:30:00+00:00,
1419,FED,speech,https://www.federalreserve.gov/newsevents/speech/waller20250717a.htm,The Case for Cutting Now,2025-07-17 22:30:00+00:00,
1420,FED,speech,https://www.federalreserve.gov/newsevents/speech/powell20250722a.htm,Opening Remarks,2025-07-22 12:30:00+00:00,
115,BOC,rate_announcement,https://www.bankofcanada.ca/2025/07/fad-press-release-2025-07-30/,Bank of Canada holds policy rate at 2¾%,2025-07-30 13:45:00+00:00,2025-07-30
63,FED,statement,https://www.federalreserve.gov/newsevents/pressreleases/monetary20250730a.htm,Federal Reserve issues FOMC statement,2025-07-30 18:00:00+00:00,2025-07-30
2204,BOC,speech,https://www.bankofcanada.ca/2025/07/opening-statement-2025-07-30/,Monetary Policy Report Press Conference Opening Statement,2025-07-31 03:59:00+00:00,
1421,FED,speech,https://www.federalreserve.gov/newsevents/speech/bowman20250801a.htm,Statement by Vice Chair for Supervision Michelle W. Bowman,2025-08-01 12:00:00+00:00,
1422,FED,speech,https://www.federalreserve.gov/newsevents/speech/waller20250801a.htm,Statement by Governor Christopher J. Waller,2025-08-01 12:00:00+00:00,
1423,FED,speech,https://www.federalreserve.gov/newsevents/speech/bowman20250809a.htm,Thoughts on the Economy and Community Bank Capital,2025-08-09 16:15:00+00:00,
1424,FED,speech,https://www.federalreserve.gov/newsevents/speech/bowman20250819a.htm,Embracing Innovation,2025-08-19 18:10:00+00:00,
1425,FED,speech,https://www.federalreserve.gov/newsevents/speech/waller20250820a.htm,Technological Advancements in Payments,2025-08-20 15:00:00+00:00,
64,FED,minutes,https://www.federalreserve.gov/monetarypolicy/fomcminutes20250730.htm,Federal Open Market Committee,2025-08-20 18:00:00+00:00,2025-07-30
1426,FED,speech,https://www.federalreserve.gov/newsevents/speech/powell20250822a.htm,Monetary Policy and the Fed’s Framework Review,2025-08-22 14:00:00+00:00,
1427,FED,speech,https://www.federalreserve.gov/newsevents/speech/waller20250828a.htm,Let’s Get On with It,2025-08-28 22:30:00+00:00,
116,BOC,rate_announcement,https://www.bankofcanada.ca/2025/09/fad-press-release-2025-09-17/,Bank of Canada lowers policy rate to 2½%,2025-09-17 13:45:00+00:00,2025-09-17
66,FED,statement,https://www.federalreserve.gov/newsevents/pressreleases/monetary20250917a.htm,Federal Reserve issues FOMC statement,2025-09-17 18:00:00+00:00,2025-09-17
2205,BOC,speech,https://www.bankofcanada.ca/2025/09/opening-statement-2025-09-17/,Monetary Policy Decision Press Conference Opening Statement,2025-09-18 03:59:00+00:00,
1428,FED,speech,https://www.federalreserve.gov/newsevents/speech/miran20250922a.htm,Nonmonetary Forces and Appropriate Monetary Policy,2025-09-22 16:00:00+00:00,
1429,FED,speech,https://www.federalreserve.gov/newsevents/speech/bowman20250923a.htm,Views on the Economy and Monetary Policy,2025-09-23 13:00:00+00:00,
1430,FED,speech,https://www.federalreserve.gov/newsevents/speech/powell20250923a.htm,Economic Outlook,2025-09-23 16:35:00+00:00,
1431,FED,speech,https://www.federalreserve.gov/newsevents/speech/barr20250925a.htm,Preserving the Dynamism and Credibility of Stress Testing,2025-09-25 17:00:00+00:00,
1432,FED,speech,https://www.federalreserve.gov/newsevents/speech/bowman20250926a.htm,Thoughts on Monetary Policy Decisionmaking and Challenges Ahead,2025-09-26 17:00:00+00:00,
1433,FED,speech,https://www.federalreserve.gov/newsevents/speech/waller20250929a.htm,The Next Frontier of Payments Innovation,2025-09-29 11:30:00+00:00,
1434,FED,speech,https://www.federalreserve.gov/newsevents/speech/jefferson20250930a.htm,Monetary Policy Frameworks and the U.S. Economic Outlook,2025-09-30 10:00:00+00:00,
1435,FED,speech,https://www.federalreserve.gov/newsevents/speech/jefferson20251003a.htm,Economic Outlook and the Fed’s Monetary Policy Framework,2025-10-03 17:40:00+00:00,
1436,FED,speech,https://www.federalreserve.gov/newsevents/speech/bowman20251007a.htm,Welcome Remarks,2025-10-07 14:05:00+00:00,
1437,FED,speech,https://www.federalreserve.gov/newsevents/speech/barr20251008a.htm,Community Banking: The Cornerstone of Building Communities,2025-10-08 13:30:00+00:00,
67,FED,minutes,https://www.federalreserve.gov/monetarypolicy/fomcminutes20250917.htm,Federal Open Market Committee,2025-10-08 18:00:00+00:00,2025-09-17
1438,FED,speech,https://www.federalreserve.gov/newsevents/speech/barr20251008b.htm,Economic Data and Research in Indian Country,2025-10-08 21:45:00+00:00,
1439,FED,speech,https://www.federalreserve.gov/newsevents/speech/powell20251009a.htm,Welcoming Remarks,2025-10-09 12:30:00+00:00,
1440,FED,speech,https://www.federalreserve.gov/newsevents/speech/bowman20251009a.htm,Opening Remarks,2025-10-09 12:35:00+00:00,
1441,FED,speech,https://www.federalreserve.gov/newsevents/speech/barr20251009a.htm,The Economic Outlook and Monetary Policy,2025-10-09 16:45:00+00:00,
1442,FED,speech,https://www.federalreserve.gov/newsevents/speech/bowman20251009b.htm,Community Banking: Looking Toward the Future,2025-10-09 19:45:00+00:00,
1443,FED,speech,https://www.federalreserve.gov/newsevents/speech/powell20251014a.htm,Understanding the Fed’s Balance Sheet,2025-10-14 16:20:00+00:00,
1444,FED,speech,https://www.federalreserve.gov/newsevents/speech/waller20251015a.htm,Innovation at the Speed of AI,2025-10-15 17:00:00+00:00,
1445,FED,speech,https://www.federalreserve.gov/newsevents/speech/waller20251016a.htm,Cutting Rates in the Face of Conflicting Data,2025-10-16 13:00:00+00:00,
1446,FED,speech,https://www.federalreserve.gov/newsevents/speech/barr20251016a.htm,Exploring the Possibilities and Risks of New Payment Technologies,2025-10-16 13:00:00+00:00,
1447,FED,speech,https://www.federalreserve.gov/newsevents/speech/bowman20251016a.htm,Welcome Remarks,2025-10-16 14:00:00+00:00,
1448,FED,speech,https://www.federalreserve.gov/newsevents/speech/waller20251021a.htm,Embracing New Technologies and Players in Payments,2025-10-21 13:00:00+00:00,
1449,FED,speech,https://www.federalreserve.gov/newsevents/speech/barr20251022a.htm,Brief Remarks,2025-10-22 16:35:00+00:00,
1450,FED,speech,https://www.federalreserve.gov/newsevents/speech/barr20251022b.htm,Brief Remarks,2025-10-22 20:00:00+00:00,
1451,FED,speech,https://www.federalreserve.gov/newsevents/speech/barr20251023a.htm,Supporting Investment in Communities: The First 25 Years of the New Markets Tax Credit,2025-10-23 14:25:00+00:00,
117,BOC,rate_announcement,https://www.bankofcanada.ca/2025/10/fad-press-release-2025-10-29/,Bank of Canada lowers policy rate to 2¼%,2025-10-29 13:45:00+00:00,2025-10-29
68,FED,statement,https://www.federalreserve.gov/newsevents/pressreleases/monetary20251029a.htm,Federal Reserve issues FOMC statement,2025-10-29 18:00:00+00:00,2025-10-29
2206,BOC,speech,https://www.bankofcanada.ca/2025/10/opening-statement-2025-10-29/,Monetary Policy Report Press Conference Opening Statement,2025-10-30 03:59:00+00:00,
1452,FED,speech,https://www.federalreserve.gov/newsevents/speech/bowman20251030a.htm,Opening Remarks,2025-10-30 13:55:00+00:00,
1453,FED,speech,https://www.federalreserve.gov/newsevents/speech/cook20251103a.htm,The Economic Outlook and Monetary Policy,2025-11-03 19:00:00+00:00,
1454,FED,speech,https://www.federalreserve.gov/newsevents/speech/jefferson20251107a.htm,AI and the Economy,2025-11-07 12:00:00+00:00,
1455,FED,speech,https://www.federalreserve.gov/newsevents/speech/miran20251107a.htm,A Global Stablecoin Glut: Implications for Monetary Policy,2025-11-07 20:00:00+00:00,
1456,FED,speech,https://www.federalreserve.gov/newsevents/speech/barr20251111a.htm,AI and Central Banking,2025-11-12 03:25:00+00:00,
1457,FED,speech,https://www.federalreserve.gov/newsevents/speech/jefferson20251117a.htm,Economic Outlook and Monetary Policy,2025-11-17 14:30:00+00:00,
1458,FED,speech,https://www.federalreserve.gov/newsevents/speech/waller20251117a.htm,The Case for Continuing Rate Cuts,2025-11-17 20:35:00+00:00,
1459,FED,speech,https://www.federalreserve.gov/newsevents/speech/barr20251118a.htm,"The Case for Strong, Effective Banking Supervision",2025-11-18 15:30:00+00:00,
1460,FED,speech,https://www.federalreserve.gov/newsevents/speech/miran20251119a.htm,Regulatory Dominance of the Federal Reserve’s Balance Sheet,2025-11-19 15:00:00+00:00,
69,FED,minutes,https://www.federalreserve.gov/monetarypolicy/fomcminutes20251029.htm,Federal Open Market Committee,2025-11-19 19:00:00+00:00,2025-10-29
1461,FED,speech,https://www.federalreserve.gov/newsevents/speech/cook20251120a.htm,A Policymaker’s View of Financial Stability,2025-11-20 16:00:00+00:00,
1462,FED,speech,https://www.federalreserve.gov/newsevents/speech/barr20251121a.htm,Welcoming Remarks,2025-11-21 13:30:00+00:00,
1463,FED,speech,https://www.federalreserve.gov/newsevents/speech/jefferson20251121a.htm,"AI, the Economy, and Financial Stability",2025-11-21 13:45:00+00:00,
1464,FED,speech,https://www.federalreserve.gov/newsevents/speech/powell20251201a.htm,Opening Remarks,2025-12-02 01:00:00+00:00,
1793,FED,testimony,https://www.federalreserve.gov/newsevents/testimony/bowman20251202a.htm,Supervision and Regulation,2025-12-02 21:30:00+00:00,
118,BOC,rate_announcement,https://www.bankofcanada.ca/2025/12/fad-press-release-2025-12-10/,Bank of Canada maintains policy rate at 2¼%,2025-12-10 14:45:00+00:00,2025-12-10
70,FED,statement,https://www.federalreserve.gov/newsevents/pressreleases/monetary20251210a.htm,Federal Reserve issues FOMC statement,2025-12-10 19:00:00+00:00,2025-12-10
2207,BOC,speech,https://www.bankofcanada.ca/2025/12/opening-statement-2025-12-10/,Monetary Policy Decision Press Conference Opening Statement,2025-12-11 04:59:00+00:00,
1465,FED,speech,https://www.federalreserve.gov/newsevents/speech/miran20251215a.htm,The Inflation Outlook,2025-12-15 14:30:00+00:00,
71,FED,minutes,https://www.federalreserve.gov/monetarypolicy/fomcminutes20251210.htm,Federal Open Market Committee,2025-12-30 19:00:00+00:00,2025-12-10
1466,FED,speech,https://www.federalreserve.gov/newsevents/speech/bowman20260107a.htm,Modernizing Supervision and Regulation: 2025 and the Path Ahead,2026-01-07 21:10:00+00:00,
1467,FED,speech,https://www.federalreserve.gov/newsevents/speech/powell20260111a.htm,Statement from Federal Reserve Chair Jerome H. Powell,2026-01-12 00:30:00+00:00,
1468,FED,speech,https://www.federalreserve.gov/newsevents/speech/miran20260114a.htm,"Regulations, the Supply Side, and Monetary Policy",2026-01-14 15:30:00+00:00,
1469,FED,speech,https://www.federalreserve.gov/newsevents/speech/bowman20260116a.htm,Outlook for the Economy and Monetary Policy,2026-01-16 16:00:00+00:00,
1470,FED,speech,https://www.federalreserve.gov/newsevents/speech/jefferson20260116a.htm,Economic Outlook and Monetary Policy Implementation,2026-01-16 20:30:00+00:00,
119,BOC,rate_announcement,https://www.bankofcanada.ca/2026/01/fad-press-release-2026-01-28/,Bank of Canada maintains policy rate at 2¼%,2026-01-28 14:45:00+00:00,2026-01-28
72,FED,statement,https://www.federalreserve.gov/newsevents/pressreleases/monetary20260128a.htm,Federal Reserve issues FOMC statement,2026-01-28 19:00:00+00:00,2026-01-28
2208,BOC,speech,https://www.bankofcanada.ca/2026/01/opening-statement-2026-01-28/,Monetary Policy Report Press Conference Opening Statement,2026-01-29 04:59:00+00:00,
1471,FED,speech,https://www.federalreserve.gov/newsevents/speech/waller20260130a.htm,Statement by Governor Christopher J. Waller,2026-01-30 14:00:00+00:00,
1472,FED,speech,https://www.federalreserve.gov/newsevents/speech/bowman20260130a.htm,Outlook for the Economy and Monetary Policy,2026-01-30 22:00:00+00:00,
1473,FED,speech,https://www.federalreserve.gov/newsevents/speech/cook20260204a.htm,Economic Outlook,2026-02-04 23:30:00+00:00,
1474,FED,speech,https://www.federalreserve.gov/newsevents/speech/jefferson20260206a.htm,Economic Outlook and Supply-Side (Dis)Inflation Dynamics,2026-02-06 17:00:00+00:00,
1475,FED,speech,https://www.federalreserve.gov/newsevents/speech/bowman20260216a.htm,"Revitalizing Bank Mortgage Lending, One Step with Basel",2026-02-16 13:25:00+00:00,
1476,FED,speech,https://www.federalreserve.gov/newsevents/speech/barr20260217a.htm,What Will Artificial Intelligence Mean for the Labor Market and the Economy?,2026-02-17 17:45:00+00:00,
73,FED,minutes,https://www.federalreserve.gov/monetarypolicy/fomcminutes20260128.htm,Federal Open Market Committee,2026-02-18 19:00:00+00:00,2026-01-28
1477,FED,speech,https://www.federalreserve.gov/newsevents/speech/bowman20260219a.htm,Opening Remarks,2026-02-19 13:30:00+00:00,
1478,FED,speech,https://www.federalreserve.gov/newsevents/speech/waller20260223a.htm,Labor Market Data: Signal or Noise?,2026-02-23 13:00:00+00:00,
1479,FED,speech,https://www.federalreserve.gov/newsevents/speech/waller20260224a.htm,Operationalizing AI at the Federal Reserve,2026-02-24 14:15:00+00:00,
1480,FED,speech,https://www.federalreserve.gov/newsevents/speech/cook20260224a.htm,Opening Remarks for the “AI and Productivity across the Economy” Panel,2026-02-24 14:30:00+00:00,
1794,FED,testimony,https://www.federalreserve.gov/newsevents/testimony/bowman20260226a.htm,Supervision and Regulation,2026-02-26 15:00:00+00:00,
1481,FED,speech,https://www.federalreserve.gov/newsevents/speech/bowman20260303a.htm,"Liquidity Resiliency, Financial Stability, and the Role of the Federal Reserve",2026-03-03 13:30:00+00:00,
1482,FED,speech,https://www.federalreserve.gov/newsevents/speech/bowman20260312a.htm,Capital Rules for the Real Economy,2026-03-12 15:00:00+00:00,
120,BOC,rate_announcement,https://www.bankofcanada.ca/2026/03/fad-press-release-2026-03-18/,Bank of Canada maintains policy rate at 2¼%,2026-03-18 13:45:00+00:00,2026-03-18
74,FED,statement,https://www.federalreserve.gov/newsevents/pressreleases/monetary20260318a.htm,Federal Reserve issues FOMC statement,2026-03-18 18:00:00+00:00,2026-03-18
2209,BOC,speech,https://www.bankofcanada.ca/2026/03/opening-statement-2026-03-18/,Monetary Policy Decision Press Conference Opening Statement,2026-03-19 03:59:00+00:00,
1483,FED,speech,https://www.federalreserve.gov/newsevents/speech/powell20260321a.htm,Acceptance Remarks,2026-03-21 17:30:00+00:00,
1484,FED,speech,https://www.federalreserve.gov/newsevents/speech/barr20260324a.htm,Developing Communities through Public-private Partnerships,2026-03-24 22:30:00+00:00,
1795,FED,testimony,https://www.federalreserve.gov/newsevents/testimony/guynn20260326a.htm,Innovation,2026-03-26 14:00:00+00:00,
1485,FED,speech,https://www.federalreserve.gov/newsevents/speech/cook20260326a.htm,Reflections on Financial Stability,2026-03-26 20:00:00+00:00,
1486,FED,speech,https://www.federalreserve.gov/newsevents/speech/miran20260326a.htm,Prospects for Shrinking the Fed’s Balance Sheet,2026-03-26 22:30:00+00:00,
1487,FED,speech,https://www.federalreserve.gov/newsevents/speech/jefferson20260326a.htm,Economic Outlook and Energy Effects,2026-03-26 23:00:00+00:00,
1488,FED,speech,https://www.federalreserve.gov/newsevents/speech/barr20260326a.htm,Brief Remarks on the Economic Outlook and Monetary Policy,2026-03-26 23:10:00+00:00,
1489,FED,speech,https://www.federalreserve.gov/newsevents/speech/barr20260331a.htm,Brief Remarks on Stablecoins,2026-03-31 19:00:00+00:00,
1490,FED,speech,https://www.federalreserve.gov/newsevents/speech/bowman20260331a.htm,Supporting Small Businesses,2026-03-31 21:10:00+00:00,
1491,FED,speech,https://www.federalreserve.gov/newsevents/speech/jefferson20260407a.htm,Economic Outlook and the Labor Market,2026-04-07 21:50:00+00:00,
75,FED,minutes,https://www.federalreserve.gov/monetarypolicy/fomcminutes20260318.htm,Federal Open Market Committee,2026-04-08 18:00:00+00:00,2026-03-18
1492,FED,speech,https://www.federalreserve.gov/newsevents/speech/barr20260414a.htm,Rural Communities: Worth the Investment,2026-04-14 16:45:00+00:00,
1493,FED,speech,https://www.federalreserve.gov/newsevents/speech/waller20260417a.htm,One Transitory Shock After Another,2026-04-17 18:00:00+00:00,
1494,FED,speech,https://www.federalreserve.gov/newsevents/speech/waller20260421a.htm,Modernizing Federal Reserve Operations in the 21st Century,2026-04-21 18:30:00+00:00,
81,BOC,rate_announcement,https://www.bankofcanada.ca/2026/04/fad-press-release-2026-04-29/,Bank of Canada maintains policy rate at 2¼%,2026-04-29 13:45:00+00:00,2026-04-29
76,FED,statement,https://www.federalreserve.gov/newsevents/pressreleases/monetary20260429a.htm,Federal Reserve issues FOMC statement,2026-04-29 18:00:00+00:00,2026-04-29
2210,BOC,speech,https://www.bankofcanada.ca/2026/04/opening-statement-2026-04-29/,Monetary Policy Report Press Conference Opening Statement,2026-04-30 03:59:00+00:00,
1495,FED,speech,https://www.federalreserve.gov/newsevents/speech/bowman20260501a.htm,Artificial Intelligence in the Financial System,2026-05-01 18:00:00+00:00,
1496,FED,speech,https://www.federalreserve.gov/newsevents/speech/bowman20260505a.htm,A Coordinated Approach to Consumer Fraud Protection,2026-05-05 14:00:00+00:00,
1497,FED,speech,https://www.federalreserve.gov/newsevents/speech/cook20260508a.htm,Perspectives on Tokenization and Implications for the Financial System,2026-05-08 09:45:00+00:00,
1498,FED,speech,https://www.federalreserve.gov/newsevents/speech/waller20260508a.htm,Update On Federal Reserve Bank Operations,2026-05-08 23:30:00+00:00,
1499,FED,speech,https://www.federalreserve.gov/newsevents/speech/bowman20260508a.htm,When Regulation Reshapes Markets: The Migration of Corporate Lending,2026-05-08 23:30:00+00:00,
1500,FED,speech,https://www.federalreserve.gov/newsevents/speech/bowman20260514a.htm,Opening Remarks,2026-05-14 17:00:00+00:00,
1501,FED,speech,https://www.federalreserve.gov/newsevents/speech/barr20260514a.htm,Efficient and Effective Central Banking: Beyond the Balance Sheet,2026-05-14 23:00:00+00:00,
1502,FED,speech,https://www.federalreserve.gov/newsevents/speech/barr20260520a.htm,Measuring Financial Health,2026-05-20 13:15:00+00:00,
77,FED,minutes,https://www.federalreserve.gov/monetarypolicy/fomcminutes20260429.htm,Federal Open Market Committee,2026-05-20 18:00:00+00:00,2026-04-29
1503,FED,speech,https://www.federalreserve.gov/newsevents/speech/waller20260522a.htm,Policy Risks Have Changed,2026-05-22 14:00:00+00:00,
1504,FED,speech,https://www.federalreserve.gov/newsevents/speech/cook20260527a.htm,The Opportunities and Risks AI Presents for the Economy and Financial System,2026-05-27 19:55:00+00:00,
1505,FED,speech,https://www.federalreserve.gov/newsevents/speech/jefferson20260527a.htm,Global Economic Developments and the U.S. Economy,2026-05-28 00:00:00+00:00,
1506,FED,speech,https://www.federalreserve.gov/newsevents/speech/bowman20260529a.htm,A Framework for Practical Monetary Policy Decision Making,2026-05-29 13:10:00+00:00,
1507,FED,speech,https://www.federalreserve.gov/newsevents/speech/powell20260531a.htm,Acceptance Remarks,2026-06-01 00:30:00+00:00,
1796,FED,testimony,https://www.federalreserve.gov/newsevents/testimony/bowman20260604a.htm,Supervision and Regulation,2026-06-04 14:00:00+00:00,
1508,FED,speech,https://www.federalreserve.gov/newsevents/speech/barr20260606a.htm,Deregulating in a Financial Boom: What Could Go Wrong?,2026-06-06 16:00:00+00:00,
82,BOC,rate_announcement,https://www.bankofcanada.ca/2026/06/fad-press-release-2026-06-10/,Bank of Canada maintains the policy rate at 2¼%,2026-06-10 13:45:00+00:00,2026-06-10
1798,BOC,speech,https://www.bankofcanada.ca/2026/06/opening-statement-2026-06-10/,Monetary Policy Decision Press Conference Opening Statement,2026-06-11 03:59:00+00:00,
78,FED,statement,https://www.federalreserve.gov/newsevents/pressreleases/monetary20260617a.htm,Federal Reserve issues FOMC statement,2026-06-17 18:00:00+00:00,2026-06-17
1509,FED,speech,https://www.federalreserve.gov/newsevents/speech/waller20260622a.htm,Welcoming Remarks on the International Role of the U.S. Dollar,2026-06-22 13:00:00+00:00,
1510,FED,speech,https://www.federalreserve.gov/newsevents/speech/cook20260624a.htm,Welcome Remarks,2026-06-24 18:00:00+00:00,
1511,FED,speech,https://www.federalreserve.gov/newsevents/speech/waller20260706a.htm,Two Thoughts on the Transmission of Monetary Policy,2026-07-06 15:00:00+00:00,
1512,FED,speech,https://www.federalreserve.gov/newsevents/speech/bowman20260707a.htm,Opening Remarks on Sound Practices for Artificial Intelligence,2026-07-07 11:00:00+00:00,
79,FED,minutes,https://www.federalreserve.gov/monetarypolicy/fomcminutes20260617.htm,Federal Open Market Committee,2026-07-08 18:00:00+00:00,2026-06-17
1513,FED,speech,https://www.federalreserve.gov/newsevents/speech/bowman20260713a.htm,Modernizing Financial Regulation,2026-07-13 09:25:00+00:00,
1514,FED,speech,https://www.federalreserve.gov/newsevents/speech/waller20260713a.htm,Monetary Policy at a Crossroads,2026-07-13 16:30:00+00:00,
1797,FED,testimony,https://www.federalreserve.gov/newsevents/testimony/warsh20260714a.htm,Semiannual Monetary Policy Report to the Congress,2026-07-14 12:30:00+00:00,
1515,FED,speech,https://www.federalreserve.gov/newsevents/speech/barr20260714a.htm,Will Artificial Intelligence Broadly Raise Living Standards or Drive Income and Wealth Inequality?,2026-07-14 16:40:00+00:00,
1516,FED,speech,https://www.federalreserve.gov/newsevents/speech/bowman20260714a.htm,Responsible Innovation and Financial Inclusion,2026-07-14 18:55:00+00:00,
83,BOC,rate_announcement,https://www.bankofcanada.ca/2026/07/fad-press-release-2026-07-15/,Bank of Canada maintains the policy rate at 2¼%,2026-07-15 13:45:00+00:00,2026-07-15
1517,FED,speech,https://www.federalreserve.gov/newsevents/speech/cook20260715a.htm,Economic Outlook,2026-07-15 17:00:00+00:00,
1799,BOC,speech,https://www.bankofcanada.ca/2026/07/opening-statement-2026-07-15/,Monetary Policy ReportPress Conference Opening Statement,2026-07-16 03:59:00+00:00,
1518,FED,speech,https://www.federalreserve.gov/newsevents/speech/jefferson20260716a.htm,Navigating Economic Shocks: A Monetary Policymaker’s Perspective,2026-07-16 23:00:00+00:00,
80,FED,statement,https://www.federalreserve.gov/newsevents/pressreleases/monetary20260729a.htm,Federal Reserve issues FOMC statement,2026-07-29 18:00:00+00:00,2026-07-29
1519,FED,speech,https://www.federalreserve.gov/newsevents/speech/cook20260805a.htm,Outlook for the U.S. and Alaskan Economies,2026-08-05 20:05:00+00:00,
